y2_statefips,y1_statefips,y1_state,y1_state_name,n1,n2,AGI
01,96,AL,AL Total Migration-US and Foreign,44067,92183,2349190
01,97,AL,AL Total Migration-US,43204,90052,2295405
01,98,AL,AL Total Migration-Foreign,863,2131,53785
01,97,AL,AL Total Migration-Same State,56323,115151,2486684
01,01,AL,AL Non-migrants,1586719,3527365,98693046
01,13,GA,Georgia,7152,15067,335831
01,12,FL,Florida,5714,11350,271917
01,48,TX,Texas,3787,8154,206770
01,47,TN,Tennessee,3501,7195,171200
01,28,MS,Mississippi,2779,5727,131920
01,06,CA,California,1568,3202,104649
01,37,NC,North Carolina,1491,3216,81640
01,51,VA,Virginia,1341,2940,97499
01,22,LA,Louisiana,1263,2540,67463
01,17,IL,Illinois,1131,2299,64621
01,36,NY,New York,1042,1955,52742
01,39,OH,Ohio,962,1992,53346
01,45,SC,South Carolina,875,1861,50751
01,57,FR,Foreign,863,2131,53785
01,26,MI,Michigan,797,1560,36457
01,21,KY,Kentucky,791,1815,40821
01,18,IN,Indiana,697,1422,37289
01,08,CO,Colorado,696,1491,38369
01,29,MO,Missouri,623,1271,32434
01,42,PA,Pennsylvania,615,1225,40484
01,53,WA,Washington,524,1191,29262
01,05,AR,Arkansas,490,1015,25852
01,24,MD,Maryland,453,931,37659
01,04,AZ,Arizona,439,855,27100
01,40,OK,Oklahoma,434,1000,24453
01,34,NJ,New Jersey,359,715,18475
01,20,KS,Kansas,359,888,20661
01,55,WI,Wisconsin,280,571,18796
01,15,HI,Hawaii,251,646,12289
01,25,MA,Massachusetts,250,470,13621
01,02,AK,Alaska,220,569,14641
01,32,NV,Nevada,217,479,11177
01,19,IA,Iowa,205,440,13196
01,27,MN,Minnesota,183,376,14551
01,35,NM,New Mexico,176,386,9885
01,09,CT,Connecticut,174,344,9505
01,54,WV,West Virginia,173,370,10251
01,41,OR,Oregon,150,264,7317
01,31,NE,Nebraska,137,362,9389
01,49,UT,Utah,134,331,7411
01,23,ME,Maine,94,177,4418
01,38,ND,North Dakota,84,178,4718
01,30,MT,Montana,81,163,3298
01,16,ID,Idaho,79,185,4293
01,11,DC,District Of Columbia,77,140,6366
01,33,NH,New Hampshire,76,154,4727
01,56,WY,Wyoming,73,145,4033
01,46,SD,South Dakota,65,132,3519
01,10,DE,Delaware,63,143,3932
01,44,RI,Rhode Island,48,101,3043
01,50,VT,Vermont,31,49,1363
02,96,AK,AK Total Migration-US and Foreign,15019,30063,780577
02,97,AK,AK Total Migration-US,14538,28892,747552
02,98,AK,AK Total Migration-Foreign,481,1171,33024
02,97,AK,AK Total Migration-Same State,6977,13185,400587
02,02,AK,AK Non-migrants,263504,551228,21573844
02,06,CA,California,1564,2924,75430
02,53,WA,Washington,1427,2673,72395
02,48,TX,Texas,1212,2656,90385
02,12,FL,Florida,711,1390,31004
02,41,OR,Oregon,686,1238,33221
02,08,CO,Colorado,645,1238,34376
02,04,AZ,Arizona,549,1084,24419
02,57,FR,Foreign,481,1171,33024
02,13,GA,Georgia,478,1095,21120
02,37,NC,North Carolina,440,1064,19375
02,51,VA,Virginia,407,898,23100
02,15,HI,Hawaii,374,841,15332
02,36,NY,New York,351,644,16175
02,32,NV,Nevada,283,555,14716
02,16,ID,Idaho,279,581,16234
02,30,MT,Montana,272,482,15037
02,26,MI,Michigan,256,417,11422
02,49,UT,Utah,255,563,15746
02,42,PA,Pennsylvania,249,411,10917
02,17,IL,Illinois,248,433,11838
02,27,MN,Minnesota,245,369,10730
02,39,OH,Ohio,239,418,10786
02,47,TN,Tennessee,238,480,11246
02,29,MO,Missouri,233,516,11186
02,40,OK,Oklahoma,226,508,12789
02,20,KS,Kansas,214,539,11395
02,01,AL,Alabama,195,475,10526
02,22,LA,Louisiana,176,393,9955
02,45,SC,South Carolina,171,373,7704
02,55,WI,Wisconsin,167,275,7437
02,24,MD,Maryland,167,341,9420
02,35,NM,New Mexico,157,346,9000
02,25,MA,Massachusetts,130,235,6609
02,18,IN,Indiana,127,221,6574
02,21,KY,Kentucky,125,282,5464
02,56,WY,Wyoming,112,229,6975
02,05,AR,Arkansas,103,225,4999
02,28,MS,Mississippi,102,199,4513
02,38,ND,North Dakota,99,190,5586
02,34,NJ,New Jersey,87,167,4375
02,46,SD,South Dakota,79,146,4391
02,31,NE,Nebraska,74,140,3764
02,19,IA,Iowa,69,106,3400
02,09,CT,Connecticut,68,84,3676
02,23,ME,Maine,58,121,2498
02,50,VT,Vermont,46,77,1788
02,54,WV,West Virginia,40,71,2126
02,11,DC,District Of Columbia,34,50,2904
02,33,NH,New Hampshire,30,52,1385
02,44,RI,Rhode Island,22,37,1291
02,10,DE,Delaware,19,40,818
04,96,AZ,AZ Total Migration-US and Foreign,106659,205034,6870173
04,97,AZ,AZ Total Migration-US,104431,200092,6743397
04,98,AZ,AZ Total Migration-Foreign,2228,4942,126776
04,97,AZ,AZ Total Migration-Same State,39345,79128,1773806
04,04,AZ,AZ Non-migrants,2244724,4934525,149241976
04,06,CA,California,21581,41883,1363770
04,48,TX,Texas,7831,16054,488135
04,17,IL,Illinois,5699,10626,520396
04,08,CO,Colorado,5275,9782,334193
04,53,WA,Washington,4905,9221,323006
04,35,NM,New Mexico,4054,9074,192576
04,12,FL,Florida,3649,6413,219000
04,32,NV,Nevada,3229,6144,182376
04,36,NY,New York,3148,5412,201200
04,26,MI,Michigan,2842,5114,149476
04,27,MN,Minnesota,2555,4509,226593
04,39,OH,Ohio,2440,4404,163533
04,41,OR,Oregon,2425,4403,149207
04,49,UT,Utah,2415,5554,126319
04,57,FR,Foreign,2228,4942,126776
04,55,WI,Wisconsin,2219,4046,135918
04,42,PA,Pennsylvania,2019,3669,150283
04,29,MO,Missouri,1794,3428,116374
04,18,IN,Indiana,1733,3184,97390
04,51,VA,Virginia,1708,3448,130912
04,37,NC,North Carolina,1668,3425,98286
04,13,GA,Georgia,1584,3251,100272
04,34,NJ,New Jersey,1287,2300,122908
04,19,IA,Iowa,1173,2078,72308
04,25,MA,Massachusetts,1133,1893,97290
04,47,TN,Tennessee,1125,2202,66186
04,20,KS,Kansas,1120,2336,75101
04,40,OK,Oklahoma,1049,2212,57952
04,16,ID,Idaho,1038,2172,52004
04,24,MD,Maryland,966,1763,69012
04,31,NE,Nebraska,949,1741,60947
04,15,HI,Hawaii,867,1686,50247
04,30,MT,Montana,822,1414,44436
04,02,AK,Alaska,776,1511,51951
04,38,ND,North Dakota,767,1380,44948
04,46,SD,South Dakota,724,1332,34685
04,09,CT,Connecticut,692,1218,68461
04,56,WY,Wyoming,664,1260,36689
04,45,SC,South Carolina,625,1240,38538
04,05,AR,Arkansas,568,1142,29318
04,22,LA,Louisiana,539,1023,25814
04,21,KY,Kentucky,537,1082,29894
04,01,AL,Alabama,471,924,28134
04,33,NH,New Hampshire,333,553,20900
04,28,MS,Mississippi,318,583,23224
04,23,ME,Maine,308,525,15551
04,54,WV,West Virginia,183,361,11622
04,10,DE,Delaware,168,334,10491
04,50,VT,Vermont,162,288,11337
04,44,RI,Rhode Island,161,312,12293
04,11,DC,District Of Columbia,133,183,11942
05,96,AR,AR Total Migration-US and Foreign,29427,61281,1498746
05,97,AR,AR Total Migration-US,29091,60533,1480406
05,98,AR,AR Total Migration-Foreign,336,748,18339
05,97,AR,AR Total Migration-Same State,40173,82499,1574241
05,05,AR,AR Non-migrants,943914,2113627,58681968
05,48,TX,Texas,5906,12348,291777
05,40,OK,Oklahoma,2664,5774,109437
05,29,MO,Missouri,2656,5552,113979
05,06,CA,California,1740,3619,88568
05,47,TN,Tennessee,1647,3398,77180
05,22,LA,Louisiana,1273,2678,61826
05,12,FL,Florida,1190,2288,63924
05,17,IL,Illinois,1039,2067,61056
05,28,MS,Mississippi,959,2011,43009
05,20,KS,Kansas,717,1507,38244
05,08,CO,Colorado,666,1364,34603
05,13,GA,Georgia,639,1384,37703
05,37,NC,North Carolina,557,1157,31678
05,39,OH,Ohio,477,981,28690
05,04,AZ,Arizona,469,925,24182
05,51,VA,Virginia,421,895,28578
05,01,AL,Alabama,403,849,21199
05,26,MI,Michigan,394,790,19571
05,36,NY,New York,381,751,16795
05,18,IN,Indiana,380,766,22023
05,55,WI,Wisconsin,357,722,20983
05,53,WA,Washington,354,738,22920
05,57,FR,Foreign,336,748,18339
05,42,PA,Pennsylvania,310,634,23160
05,19,IA,Iowa,299,580,14099
05,27,MN,Minnesota,286,586,20899
05,21,KY,Kentucky,265,562,13128
05,45,SC,South Carolina,227,506,12541
05,32,NV,Nevada,218,415,8975
05,31,NE,Nebraska,206,453,11530
05,34,NJ,New Jersey,187,398,17273
05,35,NM,New Mexico,182,396,10260
05,24,MD,Maryland,173,350,9618
05,41,OR,Oregon,148,304,6246
05,49,UT,Utah,137,336,9789
05,38,ND,North Dakota,128,292,7048
05,25,MA,Massachusetts,126,241,8497
05,56,WY,Wyoming,118,269,5134
05,15,HI,Hawaii,113,247,4242
05,02,AK,Alaska,109,256,6658
05,16,ID,Idaho,88,204,3563
05,09,CT,Connecticut,72,147,5472
05,46,SD,South Dakota,71,161,3061
05,30,MT,Montana,71,143,3160
05,54,WV,West Virginia,70,129,3221
05,33,NH,New Hampshire,52,102,3897
05,23,ME,Maine,36,62,2131
05,44,RI,Rhode Island,32,49,1757
05,10,DE,Delaware,31,66,1568
05,11,DC,District Of Columbia,28,44,2499
05,50,VT,Vermont,19,37,3055
06,96,CA,CA Total Migration-US and Foreign,260471,453736,19792771
06,97,CA,CA Total Migration-US,250076,432443,18794372
06,98,CA,CA Total Migration-Foreign,10395,21293,998398
06,97,CA,CA Total Migration-Same State,469650,871318,37270805
06,06,CA,CA Non-migrants,13795079,30665600,1218863061
06,48,TX,Texas,24257,45596,1841450
06,36,NY,New York,20733,30104,2442098
06,04,AZ,Arizona,14852,27083,878828
06,53,WA,Washington,14167,25396,1133109
06,12,FL,Florida,13297,22139,866283
06,32,NV,Nevada,12970,23552,664583
06,17,IL,Illinois,12212,20326,1145641
06,57,FR,Foreign,10395,21293,998398
06,51,VA,Virginia,9005,16965,707467
06,08,CO,Colorado,8864,15078,609634
06,41,OR,Oregon,8307,13900,465951
06,25,MA,Massachusetts,8065,11880,794866
06,42,PA,Pennsylvania,6910,10676,540730
06,34,NJ,New Jersey,6740,11766,735307
06,37,NC,North Carolina,6271,12275,416036
06,13,GA,Georgia,6209,11327,419142
06,39,OH,Ohio,5348,8804,413706
06,15,HI,Hawaii,5330,9880,302921
06,26,MI,Michigan,5018,8303,337878
06,24,MD,Maryland,4981,8394,396231
06,49,UT,Utah,4229,8474,237071
06,27,MN,Minnesota,3702,6142,305454
06,29,MO,Missouri,3585,6122,208966
06,47,TN,Tennessee,3240,5755,183467
06,55,WI,Wisconsin,3059,5137,211460
06,18,IN,Indiana,3038,5102,181440
06,09,CT,Connecticut,2928,4769,328223
06,35,NM,New Mexico,2485,4478,180798
06,40,OK,Oklahoma,2452,4594,122500
06,11,DC,District Of Columbia,2319,3036,256530
06,22,LA,Louisiana,2278,3869,117920
06,16,ID,Idaho,2241,4280,103892
06,20,KS,Kansas,2109,4052,119866
06,45,SC,South Carolina,2093,3796,118010
06,01,AL,Alabama,1544,2864,95036
06,02,AK,Alaska,1510,2720,75415
06,19,IA,Iowa,1488,2532,87256
06,21,KY,Kentucky,1470,2559,79055
06,05,AR,Arkansas,1449,2677,85420
06,31,NE,Nebraska,1216,2280,98412
06,30,MT,Montana,1072,1742,48113
06,28,MS,Mississippi,1033,1996,46338
06,33,NH,New Hampshire,1009,1617,78515
06,38,ND,North Dakota,915,1593,42656
06,44,RI,Rhode Island,833,1409,55134
06,23,ME,Maine,712,1138,42956
06,56,WY,Wyoming,650,1191,51038
06,46,SD,South Dakota,542,934,26563
06,10,DE,Delaware,521,907,54654
06,50,VT,Vermont,442,620,22879
06,54,WV,West Virginia,376,614,17473
08,96,CO,CO Total Migration-US and Foreign,109474,194813,7098303
08,97,CO,CO Total Migration-US,107352,189951,6924309
08,98,CO,CO Total Migration-Foreign,2122,4862,173995
08,97,CO,CO Total Migration-Same State,127484,228469,7605894
08,08,CO,CO Non-migrants,1918876,4080659,160709968
08,06,CA,California,12004,22037,918452
08,48,TX,Texas,11178,21605,808705
08,12,FL,Florida,6489,10674,350540
08,17,IL,Illinois,5082,8237,409997
08,04,AZ,Arizona,4707,8636,276951
08,36,NY,New York,3809,5770,259054
08,35,NM,New Mexico,3163,6153,160900
08,51,VA,Virginia,2801,5155,213433
08,20,KS,Kansas,2759,5150,145561
08,53,WA,Washington,2621,4865,179905
08,13,GA,Georgia,2579,4874,164332
08,29,MO,Missouri,2514,4458,145207
08,37,NC,North Carolina,2482,4579,145399
08,39,OH,Ohio,2389,3896,155533
08,42,PA,Pennsylvania,2377,3776,175086
08,27,MN,Minnesota,2303,3675,149341
08,56,WY,Wyoming,2199,4054,119828
08,57,FR,Foreign,2122,4862,173995
08,26,MI,Michigan,2112,3267,117327
08,55,WI,Wisconsin,2109,3285,119568
08,40,OK,Oklahoma,1991,3924,119565
08,49,UT,Utah,1977,4035,109472
08,31,NE,Nebraska,1926,3445,101367
08,32,NV,Nevada,1789,3304,105497
08,18,IN,Indiana,1683,2745,98783
08,25,MA,Massachusetts,1655,2379,124852
08,47,TN,Tennessee,1573,2808,87792
08,19,IA,Iowa,1540,2514,75497
08,24,MD,Maryland,1528,2602,110755
08,34,NJ,New Jersey,1454,2342,117249
08,41,OR,Oregon,1452,2405,78170
08,15,HI,Hawaii,1045,2188,62359
08,22,LA,Louisiana,1035,1875,55149
08,38,ND,North Dakota,986,1728,54045
08,45,SC,South Carolina,957,1672,51114
08,01,AL,Alabama,935,1777,72989
08,30,MT,Montana,901,1493,42617
08,05,AR,Arkansas,793,1448,45158
08,02,AK,Alaska,788,1583,49645
08,16,ID,Idaho,783,1521,40805
08,21,KY,Kentucky,774,1495,36509
08,09,CT,Connecticut,771,1169,76425
08,46,SD,South Dakota,768,1310,36120
08,11,DC,District Of Columbia,472,660,50202
08,28,MS,Mississippi,455,854,19463
08,33,NH,New Hampshire,396,582,21591
08,50,VT,Vermont,322,440,12706
08,23,ME,Maine,307,433,12998
08,54,WV,West Virginia,259,485,13857
08,44,RI,Rhode Island,193,300,15336
08,10,DE,Delaware,167,289,11104
09,96,CT,CT Total Migration-US and Foreign,36244,64381,3358996
09,97,CT,CT Total Migration-US,35597,63021,3228587
09,98,CT,CT Total Migration-Foreign,647,1360,130409
09,97,CT,CT Total Migration-Same State,28939,46978,1828980
09,09,CT,CT Non-migrants,1379735,2819115,150152039
09,36,NY,New York,10795,19603,1326667
09,25,MA,Massachusetts,4274,6961,312133
09,12,FL,Florida,2949,4968,164130
09,34,NJ,New Jersey,1751,3196,176086
09,06,CA,California,1730,3038,173866
09,42,PA,Pennsylvania,1280,2271,110472
09,48,TX,Texas,1273,2444,119520
09,44,RI,Rhode Island,1175,1904,71706
09,51,VA,Virginia,1020,1962,86677
09,37,NC,North Carolina,853,1558,57871
09,13,GA,Georgia,662,1305,48861
09,57,FR,Foreign,647,1360,130409
09,24,MD,Maryland,636,1117,54750
09,17,IL,Illinois,626,1162,82822
09,45,SC,South Carolina,505,894,25520
09,33,NH,New Hampshire,489,812,30677
09,39,OH,Ohio,473,856,38645
09,08,CO,Colorado,371,621,29628
09,23,ME,Maine,368,587,18486
09,04,AZ,Arizona,360,630,20169
09,26,MI,Michigan,325,556,25547
09,53,WA,Washington,319,628,22885
09,50,VT,Vermont,316,460,17839
09,47,TN,Tennessee,239,432,15193
09,11,DC,District Of Columbia,226,299,22903
09,27,MN,Minnesota,214,395,19050
09,18,IN,Indiana,197,343,12288
09,55,WI,Wisconsin,179,325,16845
09,29,MO,Missouri,176,344,15360
09,15,HI,Hawaii,170,374,8858
09,32,NV,Nevada,142,236,6692
09,41,OR,Oregon,140,227,9830
09,22,LA,Louisiana,123,231,7546
09,10,DE,Delaware,119,202,9632
09,49,UT,Utah,117,253,8497
09,01,AL,Alabama,117,221,5524
09,21,KY,Kentucky,112,191,6160
09,20,KS,Kansas,84,170,6176
09,40,OK,Oklahoma,81,150,4441
09,19,IA,Iowa,75,140,7285
09,35,NM,New Mexico,73,124,4422
09,05,AR,Arkansas,63,126,4662
09,31,NE,Nebraska,60,115,5119
09,54,WV,West Virginia,58,108,3194
09,28,MS,Mississippi,58,92,2528
09,02,AK,Alaska,49,90,2333
09,16,ID,Idaho,41,77,1505
09,56,WY,Wyoming,34,58,1794
09,30,MT,Montana,34,62,2007
09,46,SD,South Dakota,33,53,2165
09,38,ND,North Dakota,33,50,1616
10,96,DE,DE Total Migration-US and Foreign,16443,29988,1141978
10,97,DE,DE Total Migration-US,16229,29538,1121582
10,98,DE,DE Total Migration-Foreign,214,450,20397
10,97,DE,DE Total Migration-Same State,3753,6901,182193
10,10,DE,DE Non-migrants,349150,720479,25279846
10,42,PA,Pennsylvania,4232,7696,287489
10,24,MD,Maryland,3263,5856,225507
10,34,NJ,New Jersey,2007,3657,158432
10,36,NY,New York,1166,2106,85819
10,51,VA,Virginia,755,1373,57230
10,12,FL,Florida,750,1312,46215
10,48,TX,Texas,458,872,27997
10,37,NC,North Carolina,371,710,18635
10,06,CA,California,363,698,26078
10,13,GA,Georgia,264,505,12233
10,57,FR,Foreign,214,450,20397
10,45,SC,South Carolina,182,335,9608
10,09,CT,Connecticut,182,320,18944
10,39,OH,Ohio,177,318,11280
10,25,MA,Massachusetts,175,292,13787
10,17,IL,Illinois,159,331,12790
10,47,TN,Tennessee,111,214,8986
10,08,CO,Colorado,111,192,5277
10,04,AZ,Arizona,111,196,6785
10,11,DC,District Of Columbia,105,149,14732
10,26,MI,Michigan,97,182,6974
10,54,WV,West Virginia,91,163,5173
10,29,MO,Missouri,83,160,4540
10,18,IN,Indiana,77,155,4788
10,53,WA,Washington,72,134,3700
10,40,OK,Oklahoma,53,96,2616
10,21,KY,Kentucky,52,102,2659
10,22,LA,Louisiana,52,93,3056
10,55,WI,Wisconsin,51,95,3084
10,33,NH,New Hampshire,46,78,3511
10,15,HI,Hawaii,44,109,2928
10,02,AK,Alaska,43,99,2159
10,27,MN,Minnesota,42,55,3652
10,05,AR,Arkansas,42,77,2072
10,32,NV,Nevada,40,73,2122
10,01,AL,Alabama,40,83,1429
10,20,KS,Kansas,38,71,2171
10,28,MS,Mississippi,37,56,1415
10,41,OR,Oregon,35,51,2080
10,50,VT,Vermont,33,64,2248
10,49,UT,Utah,30,55,1519
10,35,NM,New Mexico,28,61,1543
10,44,RI,Rhode Island,26,49,1273
10,23,ME,Maine,24,38,762
10,19,IA,Iowa,21,38,1474
10,31,NE,Nebraska,19,34,1165
10,30,MT,Montana,16,28,801
10,46,SD,South Dakota,15,32,1079
10,38,ND,North Dakota,15,29,630
10,16,ID,Idaho,13,23,604
10,56,WY,Wyoming,12,23,532
11,96,DC,DC Total Migration-US and Foreign,29627,39830,2132434
11,97,DC,DC Total Migration-US,29029,38780,2076295
11,98,DC,DC Total Migration-Foreign,598,1050,56139
11,11,DC,DC Non-migrants,256149,428971,27065485
11,24,MD,Maryland,8269,12683,524336
11,51,VA,Virginia,6364,7928,458011
11,36,NY,New York,1939,2346,169912
11,06,CA,California,1598,2035,139005
11,12,FL,Florida,959,1198,71810
11,42,PA,Pennsylvania,955,1120,64931
11,48,TX,Texas,896,1221,66722
11,25,MA,Massachusetts,872,1053,62875
11,37,NC,North Carolina,733,1000,42097
11,17,IL,Illinois,653,798,50464
11,57,FR,Foreign,598,1050,56139
11,34,NJ,New Jersey,587,748,69485
11,13,GA,Georgia,530,721,34570
11,39,OH,Ohio,404,479,23035
11,26,MI,Michigan,345,447,23060
11,09,CT,Connecticut,319,384,23340
11,53,WA,Washington,297,401,22096
11,08,CO,Colorado,250,301,16204
11,47,TN,Tennessee,233,286,13186
11,45,SC,South Carolina,221,289,11915
11,27,MN,Minnesota,215,264,15661
11,04,AZ,Arizona,185,248,11234
11,29,MO,Missouri,183,234,11059
11,55,WI,Wisconsin,180,215,10825
11,22,LA,Louisiana,160,215,9803
11,18,IN,Indiana,150,178,8412
11,41,OR,Oregon,141,177,10024
11,01,AL,Alabama,119,153,7537
11,15,HI,Hawaii,102,162,8015
11,10,DE,Delaware,100,108,6335
11,21,KY,Kentucky,95,115,5813
11,23,ME,Maine,84,103,5066
11,33,NH,New Hampshire,81,104,7285
11,32,NV,Nevada,74,99,4498
11,35,NM,New Mexico,74,105,5833
11,54,WV,West Virginia,73,90,23937
11,44,RI,Rhode Island,73,95,5515
11,50,VT,Vermont,69,81,3544
11,20,KS,Kansas,64,82,4106
11,28,MS,Mississippi,61,73,3365
11,19,IA,Iowa,60,67,3374
11,05,AR,Arkansas,57,72,3455
11,49,UT,Utah,48,78,2661
11,40,OK,Oklahoma,45,73,3132
11,31,NE,Nebraska,40,50,3649
11,02,AK,Alaska,30,43,2800
11,46,SD,South Dakota,22,26,1134
11,16,ID,Idaho,20,32,1171
11,30,MT,Montana,-1,-1,-1
11,56,WY,Wyoming,-1,-1,-1
11,38,ND,North Dakota,-1,-1,-1
12,96,FL,FL Total Migration-US and Foreign,313343,583691,29545305
12,97,FL,FL Total Migration-US,307022,570106,28965086
12,98,FL,FL Total Migration-Foreign,6321,13585,580219
12,97,FL,FL Total Migration-Same State,296135,535180,15989842
12,12,FL,FL Non-migrants,7314719,14690291,518465326
12,36,NY,New York,35241,62650,3553777
12,48,TX,Texas,24114,45417,1430908
12,13,GA,Georgia,20057,38953,1392258
12,34,NJ,New Jersey,16840,31494,2775745
12,42,PA,Pennsylvania,15429,27981,1994330
12,06,CA,California,13401,24367,1065476
12,39,OH,Ohio,13058,23600,1191420
12,37,NC,North Carolina,12930,25119,789317
12,51,VA,Virginia,12929,25666,1205778
12,17,IL,Illinois,12568,22985,1729791
12,25,MA,Massachusetts,10168,17664,956045
12,26,MI,Michigan,9999,17791,827885
12,24,MD,Maryland,8292,15256,880870
12,47,TN,Tennessee,8007,15117,541666
12,09,CT,Connecticut,7944,14634,2011314
12,18,IN,Indiana,7173,13248,511692
12,01,AL,Alabama,6493,12760,398129
12,57,FR,Foreign,6321,13585,580219
12,45,SC,South Carolina,6032,11398,338727
12,08,CO,Colorado,5524,10316,389598
12,29,MO,Missouri,4656,8721,424592
12,21,KY,Kentucky,4630,8791,386871
12,55,WI,Wisconsin,4084,7375,416083
12,04,AZ,Arizona,3536,6393,235033
12,27,MN,Minnesota,3356,6145,356625
12,53,WA,Washington,3238,6324,207852
12,22,LA,Louisiana,3133,6072,198022
12,33,NH,New Hampshire,2568,4458,197056
12,32,NV,Nevada,2437,4404,287870
12,28,MS,Mississippi,2326,4683,180338
12,23,ME,Maine,2315,3903,175252
12,44,RI,Rhode Island,2186,3892,189697
12,20,KS,Kansas,2068,4114,140281
12,40,OK,Oklahoma,2055,4188,149948
12,54,WV,West Virginia,1813,3294,147965
12,19,IA,Iowa,1717,3230,146567
12,05,AR,Arkansas,1595,3053,126619
12,15,HI,Hawaii,1539,3253,83215
12,10,DE,Delaware,1390,2556,126810
12,35,NM,New Mexico,1278,2488,98374
12,41,OR,Oregon,1221,2092,73865
12,31,NE,Nebraska,1139,2220,96198
12,50,VT,Vermont,1124,1932,102788
12,49,UT,Utah,1078,2365,72166
12,11,DC,District Of Columbia,931,1352,139603
12,02,AK,Alaska,796,1589,44244
12,38,ND,North Dakota,684,1217,36659
12,46,SD,South Dakota,547,1039,41839
12,30,MT,Montana,496,919,25795
12,16,ID,Idaho,466,850,48829
12,56,WY,Wyoming,421,778,23304
13,96,GA,GA Total Migration-US and Foreign,132111,267247,7470819
13,97,GA,GA Total Migration-US,129268,260621,7288959
13,98,GA,GA Total Migration-Foreign,2843,6626,181859
13,97,GA,GA Total Migration-Same State,208759,420742,10360059
13,13,GA,GA Non-migrants,3252623,7333098,226386381
13,12,FL,Florida,20313,39490,986485
13,48,TX,Texas,10606,22546,535758
13,01,AL,Alabama,8103,16268,379251
13,37,NC,North Carolina,7824,15479,413835
13,36,NY,New York,7733,15217,440938
13,45,SC,South Carolina,7055,13677,328599
13,06,CA,California,6816,13348,495294
13,47,TN,Tennessee,6730,13238,343706
13,51,VA,Virginia,5209,10845,348518
13,17,IL,Illinois,4185,8747,312879
13,39,OH,Ohio,3541,6928,214134
13,34,NJ,New Jersey,3286,6958,296814
13,42,PA,Pennsylvania,3236,6382,211345
13,57,FR,Foreign,2843,6626,181859
13,24,MD,Maryland,2824,5690,174136
13,26,MI,Michigan,2559,5097,141165
13,22,LA,Louisiana,2152,4482,90415
13,08,CO,Colorado,1940,4115,123553
13,18,IN,Indiana,1838,3678,101458
13,28,MS,Mississippi,1825,3737,75541
13,53,WA,Washington,1672,3843,101755
13,21,KY,Kentucky,1652,3472,81681
13,25,MA,Massachusetts,1614,2938,110786
13,29,MO,Missouri,1609,3321,103306
13,04,AZ,Arizona,1426,3074,85550
13,09,CT,Connecticut,1310,2564,95972
13,55,WI,Wisconsin,1125,2241,73164
13,20,KS,Kansas,1085,2618,65050
13,27,MN,Minnesota,910,1836,74562
13,40,OK,Oklahoma,903,2049,46040
13,15,HI,Hawaii,811,2004,39810
13,05,AR,Arkansas,807,1690,45401
13,32,NV,Nevada,696,1417,38888
13,19,IA,Iowa,505,1002,26977
13,11,DC,District Of Columbia,499,736,32367
13,49,UT,Utah,468,1111,25645
13,41,OR,Oregon,468,918,22579
13,02,AK,Alaska,442,1043,21281
13,54,WV,West Virginia,436,835,18508
13,35,NM,New Mexico,423,849,21865
13,10,DE,Delaware,378,776,20243
13,31,NE,Nebraska,362,745,18866
13,33,NH,New Hampshire,305,553,19397
13,23,ME,Maine,288,537,15513
13,44,RI,Rhode Island,282,583,17348
13,38,ND,North Dakota,280,524,14417
13,16,ID,Idaho,167,365,9260
13,30,MT,Montana,157,260,5827
13,50,VT,Vermont,145,259,7788
13,56,WY,Wyoming,139,274,7791
13,46,SD,South Dakota,129,262,7500
15,96,HI,HI Total Migration-US and Foreign,26447,52005,1721929
15,97,HI,HI Total Migration-US,24975,48594,1638031
15,98,HI,HI Total Migration-Foreign,1472,3411,83898
15,97,HI,HI Total Migration-Same State,3328,5733,156351
15,15,HI,HI Non-migrants,544131,1100778,36813099
15,06,CA,California,5532,9889,553437
15,48,TX,Texas,1850,4104,98515
15,53,WA,Washington,1781,3566,103121
15,57,FR,Foreign,1472,3411,83898
15,12,FL,Florida,1341,2404,68432
15,51,VA,Virginia,1125,2621,71300
15,36,NY,New York,946,1627,56680
15,13,GA,Georgia,845,1989,40703
15,08,CO,Colorado,815,1597,56504
15,37,NC,North Carolina,730,1696,33957
15,04,AZ,Arizona,729,1385,46948
15,32,NV,Nevada,704,1244,40303
15,41,OR,Oregon,661,1104,35120
15,17,IL,Illinois,520,874,29188
15,24,MD,Maryland,519,1122,38632
15,42,PA,Pennsylvania,410,652,19991
15,45,SC,South Carolina,408,860,19863
15,02,AK,Alaska,374,756,23115
15,47,TN,Tennessee,355,808,14565
15,49,UT,Utah,341,730,15775
15,34,NJ,New Jersey,339,542,18547
15,39,OH,Ohio,318,520,24942
15,29,MO,Missouri,317,679,17066
15,20,KS,Kansas,306,825,15616
15,26,MI,Michigan,296,521,19709
15,25,MA,Massachusetts,289,452,16381
15,09,CT,Connecticut,263,516,15147
15,55,WI,Wisconsin,239,399,13175
15,40,OK,Oklahoma,237,557,11679
15,01,AL,Alabama,236,566,13541
15,27,MN,Minnesota,222,336,14044
15,21,KY,Kentucky,209,467,8479
15,22,LA,Louisiana,208,445,9330
15,18,IN,Indiana,163,292,7647
15,35,NM,New Mexico,158,288,7526
15,16,ID,Idaho,138,285,6120
15,28,MS,Mississippi,110,204,4033
15,30,MT,Montana,97,156,3611
15,19,IA,Iowa,90,161,4968
15,05,AR,Arkansas,89,177,3757
15,11,DC,District Of Columbia,88,135,6763
15,33,NH,New Hampshire,83,123,4512
15,44,RI,Rhode Island,80,193,5995
15,31,NE,Nebraska,74,125,3385
15,23,ME,Maine,71,124,3999
15,56,WY,Wyoming,54,95,2252
15,38,ND,North Dakota,49,80,2409
15,10,DE,Delaware,44,84,2096
15,50,VT,Vermont,43,71,496
15,54,WV,West Virginia,40,67,2354
15,46,SD,South Dakota,39,81,2302
16,96,ID,ID Total Migration-US and Foreign,28594,60358,1746731
16,97,ID,ID Total Migration-US,28217,59527,1727761
16,98,ID,ID Total Migration-Foreign,377,831,18970
16,97,ID,ID Total Migration-Same State,19626,42251,792286
16,16,ID,ID Non-migrants,547833,1276657,33956812
16,06,CA,California,5650,12229,445450
16,53,WA,Washington,4546,8925,239811
16,49,UT,Utah,2350,5592,109054
16,41,OR,Oregon,2217,4379,103446
16,48,TX,Texas,1268,2899,72282
16,04,AZ,Arizona,1180,2599,62432
16,32,NV,Nevada,1144,2487,58692
16,08,CO,Colorado,1055,2213,62252
16,30,MT,Montana,966,1918,46466
16,56,WY,Wyoming,665,1479,34965
16,12,FL,Florida,569,1098,40196
16,38,ND,North Dakota,534,1082,32636
16,02,AK,Alaska,466,956,31515
16,57,FR,Foreign,377,831,18970
16,17,IL,Illinois,338,672,24638
16,37,NC,North Carolina,331,679,18375
16,51,VA,Virginia,328,733,28372
16,42,PA,Pennsylvania,275,555,19641
16,36,NY,New York,258,464,26962
16,27,MN,Minnesota,250,480,15389
16,35,NM,New Mexico,238,581,15741
16,15,HI,Hawaii,238,468,10616
16,13,GA,Georgia,235,543,10839
16,39,OH,Ohio,232,499,14419
16,29,MO,Missouri,217,453,11946
16,26,MI,Michigan,202,417,12578
16,20,KS,Kansas,190,435,7147
16,55,WI,Wisconsin,182,358,9997
16,40,OK,Oklahoma,182,420,9071
16,47,TN,Tennessee,180,371,11353
16,18,IN,Indiana,180,392,8360
16,31,NE,Nebraska,153,343,7699
16,19,IA,Iowa,152,326,7104
16,46,SD,South Dakota,136,248,6223
16,45,SC,South Carolina,121,264,6139
16,24,MD,Maryland,114,251,6666
16,21,KY,Kentucky,112,240,5884
16,22,LA,Louisiana,100,194,4801
16,25,MA,Massachusetts,99,172,5811
16,34,NJ,New Jersey,91,175,56249
16,05,AR,Arkansas,81,177,4226
16,01,AL,Alabama,75,164,3235
16,28,MS,Mississippi,66,139,2604
16,09,CT,Connecticut,62,114,6890
16,33,NH,New Hampshire,51,75,2629
16,50,VT,Vermont,40,62,1558
16,54,WV,West Virginia,30,87,1615
16,23,ME,Maine,24,47,1053
16,11,DC,District Of Columbia,16,19,966
16,10,DE,Delaware,15,33,629
16,44,RI,Rhode Island,13,21,1140
17,96,IL,IL Total Migration-US and Foreign,96201,169018,6540992
17,97,IL,IL Total Migration-US,94410,165289,6348258
17,98,IL,IL Total Migration-Foreign,1791,3729,192734
17,97,IL,IL Total Migration-Same State,141774,266101,8525584
17,17,IL,IL Non-migrants,4831204,10471541,398904972
17,18,IN,Indiana,7801,14077,377448
17,06,CA,California,7334,12678,578734
17,48,TX,Texas,6941,13131,503017
17,55,WI,Wisconsin,6666,11339,379968
17,29,MO,Missouri,6521,11426,367282
17,12,FL,Florida,6110,10136,389288
17,26,MI,Michigan,4603,7129,311397
17,19,IA,Iowa,4125,7427,184993
17,36,NY,New York,4067,6323,380246
17,39,OH,Ohio,3457,5735,258246
17,04,AZ,Arizona,2478,4228,158910
17,13,GA,Georgia,2448,4550,161271
17,51,VA,Virginia,2205,4213,173194
17,27,MN,Minnesota,2205,3761,140514
17,08,CO,Colorado,2108,3586,144700
17,42,PA,Pennsylvania,2041,3412,190678
17,37,NC,North Carolina,2011,3761,131539
17,47,TN,Tennessee,1971,3648,103161
17,57,FR,Foreign,1791,3729,192734
17,25,MA,Massachusetts,1601,2392,220408
17,34,NJ,New Jersey,1521,2901,180929
17,53,WA,Washington,1512,2757,111276
17,21,KY,Kentucky,1415,2702,77290
17,24,MD,Maryland,1150,1989,89384
17,20,KS,Kansas,963,1872,60415
17,32,NV,Nevada,962,1697,45946
17,05,AR,Arkansas,818,1514,37996
17,45,SC,South Carolina,792,1475,50516
17,22,LA,Louisiana,726,1327,36086
17,40,OK,Oklahoma,711,1362,38213
17,01,AL,Alabama,695,1313,32036
17,09,CT,Connecticut,671,1215,86734
17,11,DC,District Of Columbia,627,759,54406
17,28,MS,Mississippi,625,1254,25028
17,31,NE,Nebraska,613,1100,43443
17,41,OR,Oregon,577,945,33859
17,15,HI,Hawaii,409,792,21649
17,49,UT,Utah,398,848,23754
17,35,NM,New Mexico,386,676,21431
17,38,ND,North Dakota,311,559,15052
17,54,WV,West Virginia,207,370,10340
17,33,NH,New Hampshire,199,337,12686
17,16,ID,Idaho,196,382,12309
17,02,AK,Alaska,196,357,10729
17,46,SD,South Dakota,190,341,8559
17,44,RI,Rhode Island,175,288,12059
17,10,DE,Delaware,163,325,16253
17,30,MT,Montana,154,253,6476
17,56,WY,Wyoming,134,276,6215
17,23,ME,Maine,115,179,4959
17,50,VT,Vermont,106,172,7236
18,96,IN,IN Total Migration-US and Foreign,57008,111854,3016786
18,97,IN,IN Total Migration-US,56431,110552,2969122
18,98,IN,IN Total Migration-Foreign,577,1302,47664
18,97,IN,IN Total Migration-Same State,97728,183051,4555755
18,18,IN,IN Non-migrants,2396887,5215600,154523755
18,17,IL,Illinois,11011,22300,592732
18,21,KY,Kentucky,4915,9404,228571
18,39,OH,Ohio,4719,8849,260069
18,26,MI,Michigan,4085,7747,205281
18,12,FL,Florida,4023,7240,172487
18,48,TX,Texas,3223,6652,171999
18,06,CA,California,2586,4934,137090
18,47,TN,Tennessee,1779,3528,91509
18,37,NC,North Carolina,1371,2847,79814
18,13,GA,Georgia,1355,2840,65511
18,36,NY,New York,1324,2540,70413
18,51,VA,Virginia,1133,2308,73015
18,29,MO,Missouri,1133,2213,58425
18,04,AZ,Arizona,1013,1860,49413
18,42,PA,Pennsylvania,995,1899,63851
18,08,CO,Colorado,975,1886,54623
18,55,WI,Wisconsin,968,1955,53148
18,45,SC,South Carolina,655,1290,34565
18,27,MN,Minnesota,603,1218,38235
18,24,MD,Maryland,591,1149,35461
18,19,IA,Iowa,591,1197,32288
18,53,WA,Washington,585,1141,30704
18,57,FR,Foreign,577,1302,47664
18,01,AL,Alabama,548,1145,26296
18,34,NJ,New Jersey,529,1085,41665
18,20,KS,Kansas,496,1016,27567
18,40,OK,Oklahoma,436,858,19027
18,25,MA,Massachusetts,402,721,29077
18,32,NV,Nevada,387,711,17624
18,05,AR,Arkansas,379,828,16920
18,22,LA,Louisiana,375,777,18879
18,28,MS,Mississippi,369,739,12993
18,41,OR,Oregon,258,482,12035
18,09,CT,Connecticut,245,504,20660
18,54,WV,West Virginia,238,463,13492
18,35,NM,New Mexico,229,457,10240
18,49,UT,Utah,228,529,11160
18,31,NE,Nebraska,215,434,10623
18,15,HI,Hawaii,197,395,7435
18,38,ND,North Dakota,170,341,8294
18,02,AK,Alaska,146,314,9139
18,46,SD,South Dakota,143,311,9250
18,16,ID,Idaho,128,293,6409
18,33,NH,New Hampshire,114,227,6348
18,11,DC,District Of Columbia,110,149,13382
18,30,MT,Montana,97,168,4240
18,56,WY,Wyoming,95,153,3299
18,23,ME,Maine,89,148,3873
18,10,DE,Delaware,83,156,5393
18,44,RI,Rhode Island,50,79,2486
18,50,VT,Vermont,42,72,2116
19,96,IA,IA Total Migration-US and Foreign,29537,57748,1587058
19,97,IA,IA Total Migration-US,29278,57112,1570985
19,98,IA,IA Total Migration-Foreign,259,636,16073
19,97,IA,IA Total Migration-Same State,42908,78017,2108535
19,19,IA,IA Non-migrants,1141963,2474263,79715139
19,17,IL,Illinois,4906,9340,221740
19,31,NE,Nebraska,2969,5832,140502
19,27,MN,Minnesota,2115,3869,113357
19,48,TX,Texas,1754,3633,85559
19,29,MO,Missouri,1527,3090,74918
19,06,CA,California,1474,2841,79402
19,55,WI,Wisconsin,1355,2414,72831
19,12,FL,Florida,1087,2006,142274
19,08,CO,Colorado,987,1843,38311
19,46,SD,South Dakota,911,1814,50385
19,04,AZ,Arizona,750,1468,38034
19,20,KS,Kansas,703,1418,39324
19,37,NC,North Carolina,520,1083,25928
19,39,OH,Ohio,513,1040,29305
19,18,IN,Indiana,491,1015,25436
19,36,NY,New York,483,884,27894
19,13,GA,Georgia,479,991,22805
19,26,MI,Michigan,467,958,27764
19,51,VA,Virginia,448,935,32911
19,42,PA,Pennsylvania,419,824,26692
19,53,WA,Washington,385,736,22920
19,47,TN,Tennessee,359,772,20140
19,40,OK,Oklahoma,320,654,16647
19,05,AR,Arkansas,269,554,11821
19,32,NV,Nevada,265,535,15456
19,57,FR,Foreign,259,636,16073
19,24,MD,Maryland,254,477,14053
19,38,ND,North Dakota,246,502,14263
19,01,AL,Alabama,208,438,10476
19,22,LA,Louisiana,207,417,9758
19,49,UT,Utah,205,471,9672
19,21,KY,Kentucky,204,418,12142
19,41,OR,Oregon,202,349,8466
19,45,SC,South Carolina,189,350,8650
19,25,MA,Massachusetts,179,309,9933
19,34,NJ,New Jersey,176,346,10729
19,35,NM,New Mexico,167,320,8308
19,28,MS,Mississippi,139,313,5804
19,16,ID,Idaho,122,299,4904
19,56,WY,Wyoming,121,244,5106
19,30,MT,Montana,105,195,4259
19,15,HI,Hawaii,101,213,4166
19,02,AK,Alaska,98,188,5850
19,09,CT,Connecticut,88,160,5631
19,54,WV,West Virginia,61,121,3447
19,23,ME,Maine,55,90,2750
19,11,DC,District Of Columbia,47,68,2519
19,33,NH,New Hampshire,46,87,3172
19,10,DE,Delaware,41,69,2255
19,44,RI,Rhode Island,35,71,1395
19,50,VT,Vermont,26,48,922
20,96,KS,KS Total Migration-US and Foreign,36251,73832,2064386
20,97,KS,KS Total Migration-US,35413,71759,2012702
20,98,KS,KS Total Migration-Foreign,838,2073,51684
20,97,KS,KS Total Migration-Same State,34733,66487,1524404
20,20,KS,KS Non-migrants,1030628,2278602,74729080
20,29,MO,Missouri,9342,16765,541301
20,48,TX,Texas,3555,7780,203517
20,40,OK,Oklahoma,2255,4724,100210
20,06,CA,California,1965,4005,107118
20,08,CO,Colorado,1799,3610,94071
20,12,FL,Florida,1196,2392,65516
20,31,NE,Nebraska,1142,2211,62489
20,17,IL,Illinois,937,1774,63867
20,13,GA,Georgia,864,2019,44089
20,57,FR,Foreign,838,2073,51684
20,04,AZ,Arizona,799,1626,52793
20,19,IA,Iowa,735,1410,49490
20,51,VA,Virginia,722,1751,55672
20,37,NC,North Carolina,680,1595,38227
20,36,NY,New York,667,1332,33147
20,53,WA,Washington,602,1323,37377
20,05,AR,Arkansas,583,1194,27405
20,47,TN,Tennessee,530,1175,30327
20,39,OH,Ohio,480,907,31933
20,42,PA,Pennsylvania,402,859,25147
20,27,MN,Minnesota,394,801,23943
20,18,IN,Indiana,387,838,21889
20,26,MI,Michigan,381,713,20043
20,01,AL,Alabama,378,951,20232
20,22,LA,Louisiana,338,755,20137
20,21,KY,Kentucky,316,743,16737
20,35,NM,New Mexico,312,687,16535
20,55,WI,Wisconsin,304,622,18706
20,45,SC,South Carolina,283,648,15884
20,24,MD,Maryland,267,574,19315
20,32,NV,Nevada,251,493,15699
20,15,HI,Hawaii,240,645,12185
20,34,NJ,New Jersey,216,448,18869
20,41,OR,Oregon,209,403,9460
20,49,UT,Utah,205,485,10875
20,46,SD,South Dakota,193,349,8831
20,28,MS,Mississippi,174,363,6255
20,38,ND,North Dakota,163,315,7941
20,02,AK,Alaska,160,413,8485
20,56,WY,Wyoming,156,310,7877
20,16,ID,Idaho,147,355,7410
20,25,MA,Massachusetts,136,268,8938
20,30,MT,Montana,127,257,5686
20,09,CT,Connecticut,114,234,10105
20,54,WV,West Virginia,69,150,2953
20,33,NH,New Hampshire,50,125,3371
20,10,DE,Delaware,44,89,2670
20,44,RI,Rhode Island,41,106,2699
20,11,DC,District Of Columbia,41,67,3065
20,23,ME,Maine,41,65,1450
20,50,VT,Vermont,21,35,760
21,96,KY,KY Total Migration-US and Foreign,41887,82814,2183927
21,97,KY,KY Total Migration-US,41337,81577,2154275
21,98,KY,KY Total Migration-Foreign,550,1237,29651
21,97,KY,KY Total Migration-Same State,59802,118506,2525311
21,21,KY,KY Non-migrants,1473763,3214346,91060590
21,39,OH,Ohio,6180,11095,356019
21,18,IN,Indiana,4946,9137,219093
21,47,TN,Tennessee,4260,8614,174689
21,12,FL,Florida,3054,5578,149605
21,48,TX,Texas,2345,4918,128624
21,17,IL,Illinois,1888,3802,108795
21,06,CA,California,1532,2940,73532
21,13,GA,Georgia,1402,3031,62315
21,37,NC,North Carolina,1276,2686,75583
21,26,MI,Michigan,1179,2300,61153
21,51,VA,Virginia,1092,2238,72556
21,36,NY,New York,987,1986,55022
21,54,WV,West Virginia,845,1725,42508
21,42,PA,Pennsylvania,798,1664,59934
21,29,MO,Missouri,783,1619,44889
21,01,AL,Alabama,751,1664,41052
21,45,SC,South Carolina,675,1367,35050
21,08,CO,Colorado,613,1268,32972
21,57,FR,Foreign,550,1237,29651
21,04,AZ,Arizona,516,1071,24406
21,53,WA,Washington,490,1110,25925
21,24,MD,Maryland,423,864,26128
21,55,WI,Wisconsin,418,835,23401
21,20,KS,Kansas,390,883,20820
21,34,NJ,New Jersey,378,739,24087
21,22,LA,Louisiana,360,736,17229
21,28,MS,Mississippi,348,758,15533
21,05,AR,Arkansas,299,640,14280
21,40,OK,Oklahoma,294,624,12939
21,25,MA,Massachusetts,259,489,16917
21,27,MN,Minnesota,246,476,15510
21,19,IA,Iowa,244,467,13419
21,32,NV,Nevada,221,434,12498
21,15,HI,Hawaii,213,496,9215
21,09,CT,Connecticut,178,356,13004
21,02,AK,Alaska,171,377,8670
21,49,UT,Utah,160,351,8489
21,41,OR,Oregon,152,289,7534
21,31,NE,Nebraska,121,264,6513
21,35,NM,New Mexico,106,233,4979
21,38,ND,North Dakota,98,182,5510
21,23,ME,Maine,77,149,2805
21,16,ID,Idaho,76,177,1658
21,33,NH,New Hampshire,71,136,4594
21,30,MT,Montana,68,134,2848
21,10,DE,Delaware,65,131,4022
21,46,SD,South Dakota,63,131,2534
21,56,WY,Wyoming,62,117,4669
21,11,DC,District Of Columbia,62,96,6280
21,44,RI,Rhode Island,54,104,2135
21,50,VT,Vermont,48,96,2332
22,96,LA,LA Total Migration-US and Foreign,38252,75348,2067671
22,97,LA,LA Total Migration-US,37460,73573,2025070
22,98,LA,LA Total Migration-Foreign,792,1775,42601
22,97,LA,LA Total Migration-Same State,63693,129216,2886459
22,22,LA,LA Non-migrants,1526709,3327016,97703340
22,48,TX,Texas,9841,20169,585004
22,28,MS,Mississippi,3345,6769,148532
22,12,FL,Florida,2651,4767,120794
22,06,CA,California,2101,3805,119586
22,13,GA,Georgia,1784,3748,82426
22,01,AL,Alabama,1285,2544,67787
22,36,NY,New York,1167,2039,56214
22,47,TN,Tennessee,1063,2082,59121
22,05,AR,Arkansas,1033,2094,44048
22,37,NC,North Carolina,965,2026,45020
22,51,VA,Virginia,945,1923,62267
22,17,IL,Illinois,851,1550,53256
22,57,FR,Foreign,792,1775,42601
22,08,CO,Colorado,730,1422,35531
22,39,OH,Ohio,612,1105,32765
22,40,OK,Oklahoma,604,1307,31681
22,29,MO,Missouri,602,1164,36485
22,42,PA,Pennsylvania,587,1042,42229
22,53,WA,Washington,509,1044,24587
22,26,MI,Michigan,486,895,23593
22,45,SC,South Carolina,469,932,25290
22,24,MD,Maryland,461,842,29934
22,04,AZ,Arizona,440,868,21432
22,20,KS,Kansas,382,808,31989
22,34,NJ,New Jersey,373,656,24308
22,18,IN,Indiana,369,697,18523
22,21,KY,Kentucky,360,719,18052
22,25,MA,Massachusetts,355,526,18938
22,55,WI,Wisconsin,255,448,12479
22,32,NV,Nevada,251,474,13913
22,35,NM,New Mexico,250,510,11293
22,15,HI,Hawaii,229,580,10190
22,27,MN,Minnesota,225,378,10886
22,41,OR,Oregon,187,324,8846
22,02,AK,Alaska,170,373,9782
22,19,IA,Iowa,167,350,14598
22,09,CT,Connecticut,163,263,7969
22,38,ND,North Dakota,145,322,9691
22,49,UT,Utah,145,300,7149
22,31,NE,Nebraska,114,258,6914
22,54,WV,West Virginia,104,196,5219
22,11,DC,District Of Columbia,104,142,6189
22,56,WY,Wyoming,101,227,5946
22,30,MT,Montana,82,166,3397
22,46,SD,South Dakota,70,150,3477
22,16,ID,Idaho,68,127,2619
22,33,NH,New Hampshire,64,99,3894
22,23,ME,Maine,56,90,2351
22,10,DE,Delaware,55,112,4597
22,44,RI,Rhode Island,46,71,2202
22,50,VT,Vermont,39,70,2075
23,96,ME,ME Total Migration-US and Foreign,15319,26552,978372
23,97,ME,ME Total Migration-US,15101,26161,966683
23,98,ME,ME Total Migration-Foreign,218,391,11689
23,97,ME,ME Total Migration-Same State,16465,27392,711032
23,23,ME,ME Non-migrants,506681,1001930,31643504
23,25,MA,Massachusetts,2559,4129,196537
23,33,NH,New Hampshire,2139,3584,119330
23,12,FL,Florida,1298,2201,59405
23,36,NY,New York,1111,1833,82773
23,09,CT,Connecticut,727,1275,55848
23,06,CA,California,662,1161,43685
23,42,PA,Pennsylvania,520,911,39415
23,51,VA,Virginia,456,853,30527
23,48,TX,Texas,456,928,29780
23,37,NC,North Carolina,409,734,19225
23,50,VT,Vermont,373,639,18872
23,34,NJ,New Jersey,323,565,29317
23,08,CO,Colorado,321,568,19473
23,24,MD,Maryland,273,496,23436
23,13,GA,Georgia,238,466,14825
23,44,RI,Rhode Island,233,374,13684
23,39,OH,Ohio,221,368,12814
23,57,FR,Foreign,218,391,11689
23,45,SC,South Carolina,202,370,11806
23,04,AZ,Arizona,200,387,13217
23,53,WA,Washington,190,340,11702
23,17,IL,Illinois,177,290,11426
23,47,TN,Tennessee,167,319,8975
23,26,MI,Michigan,134,246,7460
23,41,OR,Oregon,128,204,7986
23,55,WI,Wisconsin,100,188,6839
23,49,UT,Utah,90,166,3937
23,21,KY,Kentucky,90,204,3888
23,18,IN,Indiana,85,175,4650
23,29,MO,Missouri,82,139,4400
23,02,AK,Alaska,81,132,4013
23,35,NM,New Mexico,79,134,3464
23,27,MN,Minnesota,77,105,3913
23,11,DC,District Of Columbia,75,119,8609
23,01,AL,Alabama,74,142,4030
23,20,KS,Kansas,70,127,3161
23,40,OK,Oklahoma,69,123,3903
23,22,LA,Louisiana,69,127,2561
23,32,NV,Nevada,67,118,2135
23,15,HI,Hawaii,63,145,3781
23,30,MT,Montana,56,108,3039
23,19,IA,Iowa,45,86,1921
23,54,WV,West Virginia,43,73,2897
23,10,DE,Delaware,41,77,2025
23,16,ID,Idaho,39,84,2718
23,05,AR,Arkansas,39,76,2134
23,31,NE,Nebraska,37,74,1648
23,56,WY,Wyoming,36,67,1593
23,38,ND,North Dakota,32,61,1506
23,28,MS,Mississippi,28,44,1413
23,46,SD,South Dakota,17,26,989
24,96,MD,MD Total Migration-US and Foreign,79113,145156,5049527
24,97,MD,MD Total Migration-US,77041,140187,4890559
24,98,MD,MD Total Migration-Foreign,2072,4969,158968
24,97,MD,MD Total Migration-Same State,85579,156550,5010669
24,24,MD,MD Non-migrants,2229964,4646940,194629588
24,51,VA,Virginia,13348,24554,856443
24,11,DC,District Of Columbia,9352,16599,679734
24,42,PA,Pennsylvania,6946,11595,403036
24,36,NY,New York,5500,9556,321709
24,12,FL,Florida,4659,8145,283748
24,06,CA,California,3744,7136,270179
24,34,NJ,New Jersey,3574,6696,232661
24,48,TX,Texas,3357,6663,216463
24,37,NC,North Carolina,3153,6042,161956
24,10,DE,Delaware,2378,4304,111654
24,13,GA,Georgia,2173,4328,130622
24,57,FR,Foreign,2072,4969,158968
24,54,WV,West Virginia,1487,2603,64514
24,25,MA,Massachusetts,1326,2232,124332
24,39,OH,Ohio,1295,2232,82322
24,17,IL,Illinois,1225,2225,140978
24,45,SC,South Carolina,1110,1981,52738
24,26,MI,Michigan,863,1378,49957
24,53,WA,Washington,819,1676,55741
24,09,CT,Connecticut,814,1446,63249
24,47,TN,Tennessee,811,1503,50225
24,08,CO,Colorado,802,1553,24661
24,04,AZ,Arizona,752,1539,46555
24,15,HI,Hawaii,616,1433,39693
24,18,IN,Indiana,543,964,33290
24,29,MO,Missouri,524,933,35072
24,01,AL,Alabama,452,838,25426
24,22,LA,Louisiana,424,733,21044
24,55,WI,Wisconsin,402,666,25036
24,21,KY,Kentucky,373,732,22878
24,27,MN,Minnesota,354,628,26897
24,20,KS,Kansas,353,718,23144
24,32,NV,Nevada,304,570,21398
24,40,OK,Oklahoma,300,608,15138
24,44,RI,Rhode Island,297,507,18921
24,35,NM,New Mexico,267,553,17991
24,41,OR,Oregon,256,427,14847
24,49,UT,Utah,237,497,18376
24,28,MS,Mississippi,232,464,10264
24,19,IA,Iowa,224,388,15307
24,05,AR,Arkansas,198,401,13256
24,33,NH,New Hampshire,192,317,13314
24,23,ME,Maine,184,319,11026
24,02,AK,Alaska,169,378,9727
24,31,NE,Nebraska,159,323,10140
24,50,VT,Vermont,130,181,6546
24,16,ID,Idaho,97,176,5938
24,38,ND,North Dakota,88,138,3871
24,30,MT,Montana,81,136,4034
24,46,SD,South Dakota,50,88,2472
24,56,WY,Wyoming,47,85,2037
25,96,MA,MA Total Migration-US and Foreign,66581,105995,5425339
25,97,MA,MA Total Migration-US,65086,102987,5229506
25,98,MA,MA Total Migration-Foreign,1495,3008,195832
25,97,MA,MA Total Migration-Same State,93869,147683,7952300
25,25,MA,MA Non-migrants,2608779,5236875,265632219
25,36,NY,New York,8593,12908,739202
25,33,NH,New Hampshire,5782,8545,433760
25,12,FL,Florida,5610,9207,295643
25,09,CT,Connecticut,5071,7618,439825
25,06,CA,California,5070,8057,542670
25,44,RI,Rhode Island,4447,7022,287595
25,34,NJ,New Jersey,2771,4660,337993
25,42,PA,Pennsylvania,2578,4237,266638
25,48,TX,Texas,2515,4373,184008
25,51,VA,Virginia,1849,3094,154627
25,17,IL,Illinois,1609,2614,188226
25,37,NC,North Carolina,1586,2616,105037
25,23,ME,Maine,1572,2237,76303
25,57,FR,Foreign,1495,3008,195832
25,24,MD,Maryland,1386,2190,127182
25,50,VT,Vermont,1161,1570,63835
25,13,GA,Georgia,1160,2035,76976
25,39,OH,Ohio,1078,1784,88240
25,08,CO,Colorado,1000,1614,74298
25,53,WA,Washington,878,1462,70112
25,26,MI,Michigan,851,1368,66644
25,04,AZ,Arizona,807,1241,48623
25,11,DC,District Of Columbia,764,978,64057
25,45,SC,South Carolina,624,1026,36673
25,27,MN,Minnesota,547,917,56202
25,47,TN,Tennessee,512,873,51131
25,55,WI,Wisconsin,472,792,37142
25,18,IN,Indiana,458,782,56370
25,29,MO,Missouri,427,706,31357
25,41,OR,Oregon,421,650,26947
25,22,LA,Louisiana,348,532,17027
25,32,NV,Nevada,276,452,16851
25,49,UT,Utah,273,522,15687
25,15,HI,Hawaii,268,464,18128
25,01,AL,Alabama,239,445,16062
25,21,KY,Kentucky,226,364,10260
25,35,NM,New Mexico,192,303,11486
25,19,IA,Iowa,192,305,12021
25,20,KS,Kansas,184,317,10737
25,10,DE,Delaware,183,306,14539
25,40,OK,Oklahoma,181,312,9007
25,05,AR,Arkansas,144,231,7034
25,02,AK,Alaska,113,211,6029
25,28,MS,Mississippi,109,199,6498
25,54,WV,West Virginia,102,165,4399
25,31,NE,Nebraska,99,146,5860
25,30,MT,Montana,98,133,4799
25,16,ID,Idaho,73,99,5205
25,38,ND,North Dakota,71,137,3600
25,46,SD,South Dakota,59,85,2293
25,56,WY,Wyoming,57,83,4671
26,96,MI,MI Total Migration-US and Foreign,62369,118993,3922953
26,97,MI,MI Total Migration-US,61250,116523,3801261
26,98,MI,MI Total Migration-Foreign,1119,2470,121693
26,97,MI,MI Total Migration-Same State,146599,263031,7150115
26,26,MI,MI Non-migrants,3641830,7647857,246530503
26,12,FL,Florida,5710,9881,285618
26,17,IL,Illinois,5302,9683,464135
26,39,OH,Ohio,5225,9796,350121
26,48,TX,Texas,4739,9501,272562
26,18,IN,Indiana,4147,8296,241529
26,06,CA,California,4060,7538,276214
26,36,NY,New York,2286,4426,161452
26,55,WI,Wisconsin,2115,4017,117055
26,13,GA,Georgia,1810,3680,84334
26,37,NC,North Carolina,1804,3544,100673
26,04,AZ,Arizona,1782,3361,95211
26,47,TN,Tennessee,1748,3401,86910
26,51,VA,Virginia,1575,3137,114811
26,08,CO,Colorado,1575,2859,92279
26,42,PA,Pennsylvania,1474,2885,112671
26,57,FR,Foreign,1119,2470,121693
26,21,KY,Kentucky,1091,2195,64700
26,53,WA,Washington,971,1850,59886
26,29,MO,Missouri,945,1865,57519
26,27,MN,Minnesota,926,1676,64547
26,45,SC,South Carolina,867,1641,45596
26,24,MD,Maryland,785,1471,56600
26,34,NJ,New Jersey,742,1489,70758
26,25,MA,Massachusetts,728,1307,62894
26,01,AL,Alabama,682,1406,32432
26,32,NV,Nevada,671,1238,28982
26,19,IA,Iowa,593,1224,35087
26,20,KS,Kansas,510,1031,26961
26,38,ND,North Dakota,499,843,22279
26,40,OK,Oklahoma,492,1002,19935
26,41,OR,Oregon,474,847,31474
26,22,LA,Louisiana,463,842,19809
26,05,AR,Arkansas,424,862,17350
26,49,UT,Utah,390,856,19013
26,09,CT,Connecticut,362,700,39118
26,28,MS,Mississippi,311,637,10447
26,15,HI,Hawaii,297,579,13194
26,02,AK,Alaska,271,536,15164
26,35,NM,New Mexico,270,538,13327
26,31,NE,Nebraska,262,508,15985
26,56,WY,Wyoming,246,481,10395
26,11,DC,District Of Columbia,242,313,15604
26,54,WV,West Virginia,223,449,12760
26,30,MT,Montana,218,385,9505
26,16,ID,Idaho,173,339,7037
26,46,SD,South Dakota,154,289,7407
26,33,NH,New Hampshire,152,271,8791
26,23,ME,Maine,134,240,8566
26,10,DE,Delaware,131,254,9169
26,50,VT,Vermont,115,204,7457
26,44,RI,Rhode Island,84,150,5936
27,96,MN,MN Total Migration-US and Foreign,48009,87019,2919539
27,97,MN,MN Total Migration-US,47357,85706,2865126
27,98,MN,MN Total Migration-Foreign,652,1313,54413
27,97,MN,MN Total Migration-Same State,111634,196180,6018075
27,27,MN,MN Non-migrants,2088237,4445585,173106564
27,55,WI,Wisconsin,7360,11885,397356
27,38,ND,North Dakota,4732,8240,236764
27,06,CA,California,3261,5977,244359
27,48,TX,Texas,2784,5598,163185
27,17,IL,Illinois,2750,5042,189811
27,19,IA,Iowa,2693,4856,145882
27,12,FL,Florida,1889,3229,110907
27,46,SD,South Dakota,1629,2974,77554
27,08,CO,Colorado,1575,2942,94284
27,04,AZ,Arizona,1482,2637,84793
27,36,NY,New York,1273,2210,97141
27,26,MI,Michigan,1092,1914,63947
27,53,WA,Washington,1021,1941,55237
27,29,MO,Missouri,911,1754,55312
27,39,OH,Ohio,872,1643,66173
27,37,NC,North Carolina,806,1597,45437
27,13,GA,Georgia,768,1511,58255
27,31,NE,Nebraska,752,1491,42703
27,42,PA,Pennsylvania,679,1232,47717
27,18,IN,Indiana,672,1277,41203
27,57,FR,Foreign,652,1313,54413
27,51,VA,Virginia,638,1211,47185
27,20,KS,Kansas,582,1218,39113
27,47,TN,Tennessee,528,997,27722
27,25,MA,Massachusetts,481,869,43554
27,41,OR,Oregon,477,841,26782
27,32,NV,Nevada,418,736,22190
27,34,NJ,New Jersey,395,750,49577
27,30,MT,Montana,385,633,15672
27,24,MD,Maryland,382,671,30637
27,40,OK,Oklahoma,333,685,14952
27,21,KY,Kentucky,296,630,14231
27,49,UT,Utah,293,676,17042
27,05,AR,Arkansas,288,576,18423
27,02,AK,Alaska,271,487,16600
27,45,SC,South Carolina,262,515,14992
27,35,NM,New Mexico,248,463,25270
27,22,LA,Louisiana,209,363,9466
27,09,CT,Connecticut,205,410,23181
27,15,HI,Hawaii,203,362,12023
27,11,DC,District Of Columbia,202,265,14302
27,56,WY,Wyoming,189,353,9806
27,16,ID,Idaho,185,356,9432
27,01,AL,Alabama,178,347,9430
27,28,MS,Mississippi,170,326,6896
27,23,ME,Maine,148,338,6430
27,33,NH,New Hampshire,113,188,7393
27,54,WV,West Virginia,79,129,4459
27,50,VT,Vermont,78,141,4071
27,44,RI,Rhode Island,73,132,4083
27,10,DE,Delaware,47,88,2191
28,96,MS,MS Total Migration-US and Foreign,27140,55933,1233726
28,97,MS,MS Total Migration-US,26764,55097,1215222
28,98,MS,MS Total Migration-Foreign,376,836,18504
28,97,MS,MS Total Migration-Same State,39983,84372,1582883
28,28,MS,MS Non-migrants,959384,2150262,51596431
28,47,TN,Tennessee,4499,9346,182193
28,22,LA,Louisiana,3325,6936,155518
28,48,TX,Texas,3161,6670,139424
28,01,AL,Alabama,2369,4772,108413
28,12,FL,Florida,1774,3438,79738
28,13,GA,Georgia,1259,2599,57298
28,06,CA,California,906,1793,42472
28,05,AR,Arkansas,841,1797,40304
28,17,IL,Illinois,817,1678,36354
28,51,VA,Virginia,612,1300,33890
28,37,NC,North Carolina,600,1303,29574
28,29,MO,Missouri,453,979,22627
28,39,OH,Ohio,433,899,22876
28,08,CO,Colorado,413,726,17260
28,26,MI,Michigan,383,767,14574
28,57,FR,Foreign,376,836,18504
28,36,NY,New York,369,735,17757
28,18,IN,Indiana,334,783,15499
28,40,OK,Oklahoma,326,717,15254
28,45,SC,South Carolina,319,630,16092
28,21,KY,Kentucky,312,662,15860
28,42,PA,Pennsylvania,288,538,16935
28,04,AZ,Arizona,243,502,10917
28,55,WI,Wisconsin,242,486,8048
28,53,WA,Washington,230,459,10886
28,20,KS,Kansas,207,469,12304
28,24,MD,Maryland,205,390,10385
28,32,NV,Nevada,181,359,8908
28,19,IA,Iowa,146,305,6327
28,34,NJ,New Jersey,131,245,7450
28,27,MN,Minnesota,121,230,5697
28,35,NM,New Mexico,108,220,5218
28,25,MA,Massachusetts,108,201,4886
28,15,HI,Hawaii,104,229,4835
28,54,WV,West Virginia,98,209,-1902
28,02,AK,Alaska,93,207,5564
28,49,UT,Utah,91,205,3499
28,41,OR,Oregon,85,162,3676
28,38,ND,North Dakota,78,143,3759
28,31,NE,Nebraska,75,172,3435
28,09,CT,Connecticut,61,123,2795
28,56,WY,Wyoming,47,103,1975
28,11,DC,District Of Columbia,47,62,4224
28,16,ID,Idaho,46,94,1836
28,30,MT,Montana,44,100,1830
28,46,SD,South Dakota,43,91,1718
28,10,DE,Delaware,39,76,1671
28,23,ME,Maine,38,65,1606
28,33,NH,New Hampshire,31,63,2064
28,44,RI,Rhode Island,18,38,1024
28,50,VT,Vermont,11,21,670
29,96,MO,MO Total Migration-US and Foreign,61716,117954,3376089
29,97,MO,MO Total Migration-US,60846,116057,3317625
29,98,MO,MO Total Migration-Foreign,870,1897,58464
29,97,MO,MO Total Migration-Same State,99195,186068,4340490
29,29,MO,MO Non-migrants,2125638,4517803,143577437
29,20,KS,Kansas,10678,18941,542767
29,17,IL,Illinois,7813,13434,398254
29,48,TX,Texas,5112,10382,275467
29,06,CA,California,3444,6600,230111
29,12,FL,Florida,2805,5169,146834
29,05,AR,Arkansas,2472,5078,96949
29,40,OK,Oklahoma,1887,3909,84221
29,19,IA,Iowa,1825,3425,96563
29,08,CO,Colorado,1763,3425,91500
29,47,TN,Tennessee,1370,2701,66043
29,13,GA,Georgia,1290,2689,66949
29,04,AZ,Arizona,1183,2318,61020
29,36,NY,New York,1170,2173,75819
29,18,IN,Indiana,1162,2298,64639
29,37,NC,North Carolina,1148,2424,66896
29,39,OH,Ohio,1070,2005,69842
29,51,VA,Virginia,1033,2140,68667
29,31,NE,Nebraska,991,1852,63118
29,26,MI,Michigan,945,1708,49990
29,53,WA,Washington,908,1931,54567
29,55,WI,Wisconsin,886,1713,55820
29,57,FR,Foreign,870,1897,58464
29,42,PA,Pennsylvania,794,1623,62145
29,21,KY,Kentucky,780,1593,42690
29,27,MN,Minnesota,759,1457,53256
29,22,LA,Louisiana,705,1461,37757
29,01,AL,Alabama,531,1083,28886
29,45,SC,South Carolina,530,1108,34351
29,24,MD,Maryland,497,967,36067
29,32,NV,Nevada,477,910,23341
29,28,MS,Mississippi,457,908,18418
29,34,NJ,New Jersey,414,790,33273
29,49,UT,Utah,410,977,20334
29,41,OR,Oregon,391,732,17174
29,25,MA,Massachusetts,369,622,27458
29,35,NM,New Mexico,348,741,17703
29,15,HI,Hawaii,316,672,15036
29,38,ND,North Dakota,293,569,17668
29,02,AK,Alaska,239,536,12207
29,46,SD,South Dakota,228,449,12405
29,09,CT,Connecticut,209,385,17715
29,16,ID,Idaho,191,387,6693
29,56,WY,Wyoming,175,347,10272
29,30,MT,Montana,161,318,6551
29,11,DC,District Of Columbia,131,172,8716
29,54,WV,West Virginia,121,246,6140
29,33,NH,New Hampshire,92,173,7431
29,23,ME,Maine,84,167,4999
29,10,DE,Delaware,83,175,6021
29,44,RI,Rhode Island,62,105,4647
29,50,VT,Vermont,44,69,2236
30,96,MT,MT Total Migration-US and Foreign,17199,32025,1030754
30,97,MT,MT Total Migration-US,16963,31519,1018678
30,98,MT,MT Total Migration-Foreign,236,506,12076
30,97,MT,MT Total Migration-Same State,12791,22849,530033
30,30,MT,MT Non-migrants,382487,779856,24402730
30,06,CA,California,2016,3658,166156
30,53,WA,Washington,1705,3126,90597
30,08,CO,Colorado,1156,2072,72370
30,38,ND,North Dakota,906,1714,55997
30,16,ID,Idaho,885,1727,37346
30,48,TX,Texas,835,1752,62776
30,56,WY,Wyoming,786,1427,41729
30,41,OR,Oregon,773,1371,39386
30,04,AZ,Arizona,668,1302,36095
30,27,MN,Minnesota,490,784,28549
30,12,FL,Florida,466,825,26505
30,49,UT,Utah,452,958,24519
30,32,NV,Nevada,430,787,5433
30,02,AK,Alaska,356,633,24076
30,17,IL,Illinois,291,510,19435
30,36,NY,New York,281,453,15208
30,26,MI,Michigan,273,453,12830
30,46,SD,South Dakota,266,520,13465
30,42,PA,Pennsylvania,263,452,16088
30,51,VA,Virginia,242,464,18459
30,37,NC,North Carolina,237,452,12266
30,57,FR,Foreign,236,506,12076
30,39,OH,Ohio,236,416,22761
30,55,WI,Wisconsin,233,394,10674
30,13,GA,Georgia,218,449,14302
30,35,NM,New Mexico,203,396,11045
30,29,MO,Missouri,190,383,10036
30,47,TN,Tennessee,168,302,7897
30,40,OK,Oklahoma,164,360,10230
30,18,IN,Indiana,147,298,8111
30,19,IA,Iowa,138,258,12381
30,31,NE,Nebraska,133,280,6679
30,20,KS,Kansas,132,251,6288
30,15,HI,Hawaii,109,218,5616
30,24,MD,Maryland,104,200,8900
30,25,MA,Massachusetts,102,143,5026
30,34,NJ,New Jersey,100,159,7677
30,01,AL,Alabama,93,232,5032
30,45,SC,South Carolina,90,177,5634
30,22,LA,Louisiana,88,185,4239
30,21,KY,Kentucky,76,146,4836
30,28,MS,Mississippi,69,155,2834
30,50,VT,Vermont,64,101,3209
30,09,CT,Connecticut,62,96,4995
30,33,NH,New Hampshire,61,92,10938
30,05,AR,Arkansas,60,135,2475
30,23,ME,Maine,54,101,2783
30,54,WV,West Virginia,42,75,2058
30,11,DC,District Of Columbia,21,30,1437
30,10,DE,Delaware,19,35,912
30,44,RI,Rhode Island,10,12,389
31,96,NE,NE Total Migration-US and Foreign,20570,40732,1081639
31,97,NE,NE Total Migration-US,20242,39987,1066095
31,98,NE,NE Total Migration-Foreign,328,745,15544
31,97,NE,NE Total Migration-Same State,26687,49608,1245517
31,31,NE,NE Non-migrants,694784,1535441,49633315
31,19,IA,Iowa,3118,5659,137589
31,08,CO,Colorado,1739,3387,83527
31,48,TX,Texas,1556,3272,85586
31,06,CA,California,1435,3000,84945
31,20,KS,Kansas,1291,2563,68158
31,29,MO,Missouri,950,1881,47396
31,12,FL,Florida,826,1546,40381
31,46,SD,South Dakota,789,1527,40273
31,17,IL,Illinois,657,1231,40488
31,27,MN,Minnesota,618,1171,34584
31,04,AZ,Arizona,613,1177,30628
31,56,WY,Wyoming,403,762,17623
31,40,OK,Oklahoma,343,755,17554
31,57,FR,Foreign,328,745,15544
31,51,VA,Virginia,328,738,34020
31,13,GA,Georgia,312,618,15191
31,37,NC,North Carolina,308,697,17569
31,36,NY,New York,307,550,15111
31,53,WA,Washington,305,596,14738
31,55,WI,Wisconsin,297,558,15785
31,39,OH,Ohio,269,517,16452
31,26,MI,Michigan,238,474,12447
31,47,TN,Tennessee,236,515,12351
31,18,IN,Indiana,231,444,11842
31,42,PA,Pennsylvania,221,469,13554
31,32,NV,Nevada,217,429,9798
31,05,AR,Arkansas,205,426,9893
31,49,UT,Utah,204,503,9399
31,38,ND,North Dakota,202,408,11393
31,24,MD,Maryland,175,348,11819
31,41,OR,Oregon,159,304,9120
31,35,NM,New Mexico,143,289,6502
31,21,KY,Kentucky,141,255,6768
31,22,LA,Louisiana,140,315,7288
31,45,SC,South Carolina,132,277,8733
31,15,HI,Hawaii,126,281,5533
31,30,MT,Montana,124,250,5640
31,34,NJ,New Jersey,121,264,7790
31,25,MA,Massachusetts,105,213,7493
31,28,MS,Mississippi,100,195,4765
31,01,AL,Alabama,99,221,5856
31,16,ID,Idaho,94,194,4533
31,02,AK,Alaska,92,183,4931
31,09,CT,Connecticut,64,119,5701
31,23,ME,Maine,37,68,2715
31,54,WV,West Virginia,36,84,2477
31,44,RI,Rhode Island,36,85,2066
31,33,NH,New Hampshire,33,64,2083
31,11,DC,District Of Columbia,26,36,2239
31,10,DE,Delaware,24,46,1428
31,50,VT,Vermont,17,23,2342
32,96,NV,NV Total Migration-US and Foreign,61034,115386,3710294
32,97,NV,NV Total Migration-US,60099,113418,3639682
32,98,NV,NV Total Migration-Foreign,935,1968,70612
32,97,NV,NV Total Migration-Same State,9048,16857,456717
32,32,NV,NV Non-migrants,1044533,2220611,71779649
32,06,CA,California,22484,43195,1443121
32,48,TX,Texas,3340,6438,177745
32,04,AZ,Arizona,3279,6251,128566
32,12,FL,Florida,2502,4325,202632
32,49,UT,Utah,2122,4621,114046
32,53,WA,Washington,2020,3767,121328
32,17,IL,Illinois,1842,3374,120266
32,08,CO,Colorado,1802,3330,117289
32,36,NY,New York,1567,2641,116393
32,15,HI,Hawaii,1532,2931,84120
32,41,OR,Oregon,1288,2328,51047
32,39,OH,Ohio,988,1729,53790
32,57,FR,Foreign,935,1968,70612
32,26,MI,Michigan,934,1624,46398
32,51,VA,Virginia,867,1629,64261
32,42,PA,Pennsylvania,854,1400,51892
32,13,GA,Georgia,811,1530,45156
32,35,NM,New Mexico,765,1512,39658
32,16,ID,Idaho,738,1507,39499
32,34,NJ,New Jersey,712,1287,45102
32,37,NC,North Carolina,668,1331,34072
32,27,MN,Minnesota,589,1028,47757
32,29,MO,Missouri,575,1091,32607
32,55,WI,Wisconsin,567,1035,36299
32,18,IN,Indiana,551,998,26391
32,24,MD,Maryland,486,876,34237
32,47,TN,Tennessee,478,883,27177
32,25,MA,Massachusetts,440,678,41770
32,40,OK,Oklahoma,424,870,19008
32,02,AK,Alaska,400,757,27067
32,30,MT,Montana,397,752,21774
32,20,KS,Kansas,393,766,23806
32,22,LA,Louisiana,362,711,16302
32,56,WY,Wyoming,327,670,21507
32,45,SC,South Carolina,312,569,14290
32,19,IA,Iowa,308,574,16335
32,38,ND,North Dakota,261,549,13198
32,31,NE,Nebraska,254,512,16410
32,21,KY,Kentucky,244,471,10744
32,05,AR,Arkansas,229,455,10515
32,09,CT,Connecticut,228,397,19684
32,28,MS,Mississippi,224,413,8800
32,01,AL,Alabama,223,414,8863
32,46,SD,South Dakota,176,316,9216
32,33,NH,New Hampshire,119,184,6270
32,11,DC,District Of Columbia,85,125,6170
32,44,RI,Rhode Island,75,135,12172
32,23,ME,Maine,74,113,2685
32,10,DE,Delaware,74,122,4429
32,54,WV,West Virginia,65,129,4384
32,50,VT,Vermont,44,75,3433
33,96,NH,NH Total Migration-US and Foreign,22980,39281,1743579
33,97,NH,NH Total Migration-US,22740,38810,1723573
33,98,NH,NH Total Migration-Foreign,240,471,20006
33,97,NH,NH Total Migration-Same State,16359,26825,939406
33,33,NH,NH Non-migrants,532949,1065226,43959431
33,25,MA,Massachusetts,9034,15087,680790
33,23,ME,Maine,1853,2908,127743
33,50,VT,Vermont,1382,2198,74127
33,12,FL,Florida,1378,2286,73073
33,36,NY,New York,1205,1999,106171
33,09,CT,Connecticut,823,1454,93399
33,06,CA,California,720,1254,79018
33,48,TX,Texas,524,963,37508
33,42,PA,Pennsylvania,465,824,45195
33,37,NC,North Carolina,460,881,28517
33,51,VA,Virginia,444,855,37614
33,34,NJ,New Jersey,437,806,54448
33,44,RI,Rhode Island,389,630,27864
33,08,CO,Colorado,323,531,16470
33,24,MD,Maryland,243,453,28048
33,57,FR,Foreign,240,471,20006
33,04,AZ,Arizona,228,437,13154
33,13,GA,Georgia,222,422,14370
33,39,OH,Ohio,206,387,22466
33,17,IL,Illinois,185,355,21500
33,53,WA,Washington,178,325,11299
33,45,SC,South Carolina,178,340,9577
33,47,TN,Tennessee,143,275,8204
33,26,MI,Michigan,140,261,15020
33,41,OR,Oregon,110,186,7137
33,55,WI,Wisconsin,102,194,7044
33,27,MN,Minnesota,95,160,6639
33,18,IN,Indiana,95,167,7291
33,29,MO,Missouri,90,171,6398
33,11,DC,District Of Columbia,89,112,7141
33,49,UT,Utah,82,176,4700
33,32,NV,Nevada,81,143,4079
33,21,KY,Kentucky,76,167,5213
33,15,HI,Hawaii,75,139,3644
33,35,NM,New Mexico,66,117,4124
33,40,OK,Oklahoma,55,99,3546
33,20,KS,Kansas,53,106,2534
33,02,AK,Alaska,52,107,3437
33,01,AL,Alabama,51,102,2342
33,22,LA,Louisiana,49,92,2427
33,05,AR,Arkansas,48,92,2891
33,54,WV,West Virginia,44,74,2489
33,19,IA,Iowa,40,65,2121
33,30,MT,Montana,39,64,1610
33,16,ID,Idaho,39,59,1453
33,10,DE,Delaware,39,80,4460
33,56,WY,Wyoming,25,43,900
33,38,ND,North Dakota,23,37,759
33,31,NE,Nebraska,23,50,1361
33,46,SD,South Dakota,21,34,964
33,28,MS,Mississippi,18,43,1291
34,96,NJ,NJ Total Migration-US and Foreign,82629,149744,7479871
34,97,NJ,NJ Total Migration-US,81037,146052,7242845
34,98,NJ,NJ Total Migration-Foreign,1592,3692,237027
34,97,NJ,NJ Total Migration-Same State,110729,198247,8475483
34,34,NJ,NJ Non-migrants,3368720,7202765,327204196
34,36,NY,New York,30500,55640,3481929
34,42,PA,Pennsylvania,11982,20805,817059
34,12,FL,Florida,6324,10496,381303
34,06,CA,California,3712,6691,359947
34,48,TX,Texas,3008,5990,252200
34,24,MD,Maryland,2792,5386,208375
34,51,VA,Virginia,2244,4081,163691
34,37,NC,North Carolina,2100,3851,124950
34,25,MA,Massachusetts,1978,3320,174149
34,09,CT,Connecticut,1798,3191,171678
34,57,FR,Foreign,1592,3692,237027
34,13,GA,Georgia,1512,2975,88854
34,17,IL,Illinois,1397,2647,155659
34,10,DE,Delaware,1050,1821,77815
34,39,OH,Ohio,966,1793,80869
34,45,SC,South Carolina,776,1355,41834
34,04,AZ,Arizona,669,1200,52007
34,08,CO,Colorado,615,1078,41405
34,26,MI,Michigan,599,1078,47695
34,53,WA,Washington,559,1098,51246
34,47,TN,Tennessee,501,957,32524
34,11,DC,District Of Columbia,417,525,33680
34,27,MN,Minnesota,375,714,37564
34,18,IN,Indiana,358,655,23256
34,32,NV,Nevada,343,580,22468
34,29,MO,Missouri,325,630,27135
34,44,RI,Rhode Island,324,528,21595
34,55,WI,Wisconsin,306,573,24833
34,33,NH,New Hampshire,261,451,41257
34,22,LA,Louisiana,259,448,13943
34,15,HI,Hawaii,254,451,12132
34,01,AL,Alabama,243,486,13857
34,21,KY,Kentucky,236,473,15149
34,20,KS,Kansas,201,381,15104
34,41,OR,Oregon,197,353,18658
34,23,ME,Maine,191,295,9418
34,49,UT,Utah,173,363,15864
34,50,VT,Vermont,171,238,9280
34,54,WV,West Virginia,167,286,7617
34,05,AR,Arkansas,166,317,12776
34,40,OK,Oklahoma,159,297,10278
34,19,IA,Iowa,134,250,9727
34,02,AK,Alaska,125,284,5868
34,28,MS,Mississippi,120,231,8133
34,35,NM,New Mexico,99,158,5986
34,31,NE,Nebraska,98,184,7053
34,38,ND,North Dakota,77,155,6355
34,30,MT,Montana,56,92,2903
34,16,ID,Idaho,52,84,2815
34,56,WY,Wyoming,36,58,1461
34,46,SD,South Dakota,32,59,1489
35,96,NM,NM Total Migration-US and Foreign,27644,54267,1514452
35,97,NM,NM Total Migration-US,26889,52612,1470760
35,98,NM,NM Total Migration-Foreign,755,1655,43692
35,97,NM,NM Total Migration-Same State,19392,38109,761327
35,35,NM,NM Non-migrants,710385,1512509,40757338
35,48,TX,Texas,6288,13193,318897
35,04,AZ,Arizona,2862,6008,121550
35,06,CA,California,2852,5285,176181
35,08,CO,Colorado,2274,4309,114313
35,12,FL,Florida,1068,1943,55450
35,57,FR,Foreign,755,1655,43692
35,40,OK,Oklahoma,634,1207,30464
35,53,WA,Washington,620,1167,43679
35,32,NV,Nevada,602,1277,33494
35,36,NY,New York,583,920,35355
35,17,IL,Illinois,575,1027,37746
35,51,VA,Virginia,494,1033,41897
35,39,OH,Ohio,421,815,29483
35,49,UT,Utah,414,911,20527
35,41,OR,Oregon,390,715,20288
35,37,NC,North Carolina,387,763,19865
35,13,GA,Georgia,375,732,23818
35,42,PA,Pennsylvania,372,636,21585
35,29,MO,Missouri,340,655,18276
35,26,MI,Michigan,296,516,15728
35,24,MD,Maryland,296,552,23930
35,20,KS,Kansas,295,620,16960
35,47,TN,Tennessee,269,531,18290
35,18,IN,Indiana,263,478,14934
35,55,WI,Wisconsin,241,415,12794
35,22,LA,Louisiana,237,470,13456
35,27,MN,Minnesota,234,406,13787
35,56,WY,Wyoming,217,453,12812
35,25,MA,Massachusetts,207,322,13128
35,02,AK,Alaska,201,398,13164
35,34,NJ,New Jersey,194,292,9645
35,05,AR,Arkansas,182,374,10243
35,01,AL,Alabama,181,342,10133
35,16,ID,Idaho,177,405,9738
35,45,SC,South Carolina,176,359,11792
35,15,HI,Hawaii,176,339,8252
35,31,NE,Nebraska,172,350,8657
35,30,MT,Montana,163,313,8303
35,38,ND,North Dakota,138,300,7670
35,19,IA,Iowa,135,226,8175
35,21,KY,Kentucky,130,251,6812
35,46,SD,South Dakota,129,232,6091
35,28,MS,Mississippi,126,264,6113
35,09,CT,Connecticut,120,191,5837
35,23,ME,Maine,76,121,3495
35,33,NH,New Hampshire,70,114,3309
35,11,DC,District Of Columbia,66,91,5166
35,54,WV,West Virginia,56,108,3035
35,50,VT,Vermont,54,80,2517
35,44,RI,Rhode Island,34,57,2204
35,10,DE,Delaware,27,46,1722
36,96,NY,NY Total Migration-US and Foreign,146432,229862,11271764
36,97,NY,NY Total Migration-US,142722,222843,10673134
36,98,NY,NY Total Migration-Foreign,3710,7019,598630
36,97,NY,NY Total Migration-Same State,242808,414522,18299537
36,36,NY,NY Non-migrants,7551950,15171477,697958361
36,34,NJ,New Jersey,21427,33188,1868065
36,12,FL,Florida,15411,24166,779363
36,06,CA,California,13532,18950,1396664
36,42,PA,Pennsylvania,10570,16908,587929
36,09,CT,Connecticut,8202,12397,915776
36,25,MA,Massachusetts,7701,10566,669592
36,48,TX,Texas,7683,13251,676914
36,51,VA,Virginia,5461,8945,346417
36,37,NC,North Carolina,5267,8949,289070
36,24,MD,Maryland,4432,7159,276533
36,13,GA,Georgia,4075,7037,222204
36,17,IL,Illinois,4008,5702,420414
36,57,FR,Foreign,3710,7019,598630
36,39,OH,Ohio,2904,4523,189858
36,11,DC,District Of Columbia,2277,2723,202399
36,45,SC,South Carolina,2247,3679,81413
36,26,MI,Michigan,1979,3035,124400
36,53,WA,Washington,1946,3057,159887
36,08,CO,Colorado,1910,2967,114332
36,04,AZ,Arizona,1722,2764,105408
36,47,TN,Tennessee,1432,2392,76644
36,50,VT,Vermont,1208,1928,66967
36,29,MO,Missouri,1156,1848,177003
36,27,MN,Minnesota,1112,1663,80751
36,18,IN,Indiana,1017,1727,58906
36,44,RI,Rhode Island,960,1432,56081
36,55,WI,Wisconsin,934,1449,57969
36,33,NH,New Hampshire,924,1377,56819
36,22,LA,Louisiana,891,1408,39004
36,41,OR,Oregon,886,1257,51273
36,32,NV,Nevada,843,1299,44573
36,21,KY,Kentucky,775,1395,37560
36,01,AL,Alabama,767,1525,64801
36,23,ME,Maine,704,1074,34087
36,15,HI,Hawaii,681,1264,28549
36,10,DE,Delaware,648,971,36620
36,20,KS,Kansas,641,1248,30621
36,49,UT,Utah,592,1027,36638
36,40,OK,Oklahoma,565,1038,25403
36,35,NM,New Mexico,416,712,36064
36,19,IA,Iowa,415,685,25805
36,28,MS,Mississippi,347,616,14034
36,05,AR,Arkansas,340,588,20560
36,02,AK,Alaska,338,653,17467
36,54,WV,West Virginia,324,555,15880
36,31,NE,Nebraska,303,508,18077
36,30,MT,Montana,185,274,10135
36,16,ID,Idaho,180,319,9422
36,38,ND,North Dakota,158,262,7482
36,56,WY,Wyoming,113,171,5401
36,46,SD,South Dakota,113,212,5899
37,96,NC,NC Total Migration-US and Foreign,140377,275974,8917920
37,97,NC,NC Total Migration-US,137301,269080,8715453
37,98,NC,NC Total Migration-Foreign,3076,6894,202467
37,97,NC,NC Total Migration-Same State,147889,286210,7142021
37,37,NC,NC Non-migrants,3372030,7361122,227164252
37,12,FL,Florida,13654,25719,733674
37,51,VA,Virginia,13485,26491,861834
37,36,NY,New York,11799,22335,737281
37,45,SC,South Carolina,11735,21861,640991
37,13,GA,Georgia,7385,14810,445040
37,06,CA,California,7179,14991,528831
37,48,TX,Texas,7163,14913,464291
37,42,PA,Pennsylvania,6078,11457,397586
37,34,NJ,New Jersey,5283,10834,412945
37,39,OH,Ohio,4824,9159,318187
37,24,MD,Maryland,4790,9268,325045
37,47,TN,Tennessee,3718,7252,201483
37,17,IL,Illinois,3314,6469,277472
37,57,FR,Foreign,3076,6894,202467
37,25,MA,Massachusetts,2851,5189,258981
37,26,MI,Michigan,2652,5026,163478
37,09,CT,Connecticut,2283,4373,183288
37,08,CO,Colorado,2180,4334,130422
37,18,IN,Indiana,1759,3460,108297
37,04,AZ,Arizona,1733,3502,101274
37,01,AL,Alabama,1725,3574,96944
37,53,WA,Washington,1650,3527,112176
37,54,WV,West Virginia,1556,3010,76206
37,21,KY,Kentucky,1504,3150,90828
37,55,WI,Wisconsin,1329,2579,97513
37,29,MO,Missouri,1309,2694,79409
37,22,LA,Louisiana,1146,2319,63411
37,27,MN,Minnesota,1033,2083,88088
37,20,KS,Kansas,922,2198,57496
37,15,HI,Hawaii,817,1940,41500
37,40,OK,Oklahoma,811,1744,39635
37,33,NH,New Hampshire,779,1443,49825
37,11,DC,District Of Columbia,760,1167,67145
37,28,MS,Mississippi,743,1462,40017
37,19,IA,Iowa,651,1296,45242
37,32,NV,Nevada,617,1197,33973
37,05,AR,Arkansas,617,1322,37820
37,23,ME,Maine,583,1094,37597
37,41,OR,Oregon,569,1047,32120
37,49,UT,Utah,529,1259,31512
37,02,AK,Alaska,523,1198,26968
37,10,DE,Delaware,522,999,35902
37,50,VT,Vermont,472,810,23076
37,35,NM,New Mexico,471,943,26587
37,44,RI,Rhode Island,455,905,26113
37,31,NE,Nebraska,331,679,20040
37,16,ID,Idaho,259,545,12380
37,30,MT,Montana,239,438,12540
37,38,ND,North Dakota,217,420,9507
37,56,WY,Wyoming,151,285,5994
37,46,SD,South Dakota,146,310,7490
38,96,ND,ND Total Migration-US and Foreign,14730,27469,733174
38,97,ND,ND Total Migration-US,14385,26694,716672
38,98,ND,ND Total Migration-Foreign,345,775,16502
38,97,ND,ND Total Migration-Same State,10130,17658,545639
38,38,ND,ND Non-migrants,282139,583100,22698067
38,27,MN,Minnesota,3746,5952,171604
38,48,TX,Texas,759,1530,38674
38,06,CA,California,735,1384,32099
38,46,SD,South Dakota,701,1326,33359
38,30,MT,Montana,686,1290,40190
38,12,FL,Florida,510,966,21646
38,08,CO,Colorado,506,954,30702
38,04,AZ,Arizona,458,883,24317
38,53,WA,Washington,406,736,20494
38,26,MI,Michigan,356,629,19734
38,57,FR,Foreign,345,775,16502
38,55,WI,Wisconsin,339,603,17410
38,42,PA,Pennsylvania,317,626,13028
38,16,ID,Idaho,292,669,19934
38,17,IL,Illinois,284,528,17724
38,36,NY,New York,272,460,11034
38,56,WY,Wyoming,240,485,16564
38,19,IA,Iowa,226,430,13248
38,13,GA,Georgia,225,411,10126
38,31,NE,Nebraska,218,431,11003
38,39,OH,Ohio,214,383,9333
38,41,OR,Oregon,209,366,10552
38,32,NV,Nevada,208,450,4845
38,49,UT,Utah,206,543,13932
38,37,NC,North Carolina,180,360,6888
38,29,MO,Missouri,174,364,10064
38,51,VA,Virginia,164,342,8777
38,20,KS,Kansas,141,291,7387
38,22,LA,Louisiana,138,274,8584
38,02,AK,Alaska,127,295,6800
38,18,IN,Indiana,122,247,6639
38,47,TN,Tennessee,121,217,5352
38,40,OK,Oklahoma,114,261,7852
38,24,MD,Maryland,108,199,4679
38,35,NM,New Mexico,107,244,6188
38,05,AR,Arkansas,107,229,6351
38,34,NJ,New Jersey,102,169,3298
38,01,AL,Alabama,87,185,3636
38,28,MS,Mississippi,79,155,3641
38,25,MA,Massachusetts,63,123,2949
38,45,SC,South Carolina,60,124,2851
38,15,HI,Hawaii,55,128,3022
38,21,KY,Kentucky,50,131,3233
38,23,ME,Maine,49,99,2178
38,09,CT,Connecticut,36,58,1866
38,54,WV,West Virginia,25,59,827
38,10,DE,Delaware,24,42,752
38,44,RI,Rhode Island,20,35,559
38,33,NH,New Hampshire,19,28,749
38,50,VT,Vermont,-1,-1,-1
38,11,DC,District Of Columbia,-1,-1,-1
39,96,OH,OH Total Migration-US and Foreign,81036,152942,4785582
39,97,OH,OH Total Migration-US,79775,150252,4693743
39,98,OH,OH Total Migration-Foreign,1261,2690,91839
39,97,OH,OH Total Migration-Same State,160385,285092,7909510
39,39,OH,OH Non-migrants,4375220,8953170,288456017
39,12,FL,Florida,7180,12436,418504
39,21,KY,Kentucky,5832,10792,286493
39,42,PA,Pennsylvania,5530,10188,329662
39,48,TX,Texas,5065,10237,284880
39,26,MI,Michigan,5035,9104,276914
39,18,IN,Indiana,4717,8704,261695
39,06,CA,California,4098,7517,283610
39,36,NY,New York,3661,6604,235165
39,17,IL,Illinois,3438,6380,257033
39,37,NC,North Carolina,3150,6159,162576
39,54,WV,West Virginia,3048,5815,102512
39,51,VA,Virginia,2656,5382,179384
39,13,GA,Georgia,2567,5210,152496
39,47,TN,Tennessee,2288,4357,134139
39,04,AZ,Arizona,1620,3014,84866
39,45,SC,South Carolina,1539,2937,76748
39,08,CO,Colorado,1491,2737,78808
39,24,MD,Maryland,1473,2740,106663
39,34,NJ,New Jersey,1316,2600,104770
39,57,FR,Foreign,1261,2690,91839
39,29,MO,Missouri,1092,2131,71750
39,25,MA,Massachusetts,992,1854,81902
39,55,WI,Wisconsin,968,1755,73779
39,53,WA,Washington,962,1980,55091
39,01,AL,Alabama,856,1736,44834
39,27,MN,Minnesota,731,1332,61771
39,32,NV,Nevada,712,1328,32085
39,22,LA,Louisiana,610,1177,34557
39,09,CT,Connecticut,574,1129,43517
39,40,OK,Oklahoma,560,1146,27029
39,20,KS,Kansas,559,1101,32557
39,19,IA,Iowa,475,983,30239
39,05,AR,Arkansas,461,997,31577
39,49,UT,Utah,421,974,24293
39,28,MS,Mississippi,408,817,18712
39,41,OR,Oregon,393,693,23158
39,35,NM,New Mexico,357,686,19304
39,15,HI,Hawaii,327,643,21177
39,11,DC,District Of Columbia,287,413,26516
39,31,NE,Nebraska,266,550,15357
39,33,NH,New Hampshire,259,514,16964
39,38,ND,North Dakota,252,457,11218
39,02,AK,Alaska,250,491,13135
39,10,DE,Delaware,202,379,13412
39,30,MT,Montana,193,341,7065
39,23,ME,Maine,185,332,8618
39,46,SD,South Dakota,166,316,8492
39,16,ID,Idaho,161,341,7130
39,44,RI,Rhode Island,141,287,8843
39,56,WY,Wyoming,130,239,6774
39,50,VT,Vermont,121,217,5968
40,96,OK,OK Total Migration-US and Foreign,38105,79412,1972977
40,97,OK,OK Total Migration-US,37341,77603,1932912
40,98,OK,OK Total Migration-Foreign,764,1809,40064
40,97,OK,OK Total Migration-Same State,59694,123321,2784647
40,40,OK,OK Non-migrants,1241326,2778628,84070155
40,48,TX,Texas,10044,20914,592310
40,06,CA,California,2649,5570,120087
40,20,KS,Kansas,2595,5465,123026
40,05,AR,Arkansas,2576,5502,97619
40,29,MO,Missouri,1805,3622,84692
40,08,CO,Colorado,1561,3150,87630
40,12,FL,Florida,1501,2892,72114
40,04,AZ,Arizona,862,1720,41651
40,17,IL,Illinois,840,1682,43584
40,57,FR,Foreign,764,1809,40064
40,13,GA,Georgia,746,1662,38293
40,53,WA,Washington,738,1641,42269
40,37,NC,North Carolina,689,1507,33064
40,36,NY,New York,669,1268,30919
40,22,LA,Louisiana,658,1439,37934
40,47,TN,Tennessee,642,1304,29773
40,51,VA,Virginia,619,1339,40502
40,35,NM,New Mexico,592,1219,30773
40,39,OH,Ohio,536,1050,28544
40,42,PA,Pennsylvania,483,916,29825
40,18,IN,Indiana,402,798,18654
40,26,MI,Michigan,397,795,16671
40,32,NV,Nevada,374,747,14587
40,28,MS,Mississippi,355,749,16721
40,01,AL,Alabama,344,756,20547
40,45,SC,South Carolina,341,709,17595
40,31,NE,Nebraska,331,750,18154
40,19,IA,Iowa,327,674,15483
40,55,WI,Wisconsin,300,653,14411
40,24,MD,Maryland,294,606,15855
40,41,OR,Oregon,270,557,11363
40,21,KY,Kentucky,258,572,15310
40,15,HI,Hawaii,242,592,10026
40,27,MN,Minnesota,232,453,12345
40,49,UT,Utah,231,556,11958
40,02,AK,Alaska,227,501,15788
40,56,WY,Wyoming,198,432,11379
40,38,ND,North Dakota,190,394,12278
40,34,NJ,New Jersey,171,344,9461
40,25,MA,Massachusetts,169,300,9123
40,30,MT,Montana,164,331,7682
40,16,ID,Idaho,152,363,5467
40,46,SD,South Dakota,138,253,6096
40,09,CT,Connecticut,94,196,4563
40,54,WV,West Virginia,78,163,4374
40,33,NH,New Hampshire,61,127,3004
40,10,DE,Delaware,55,124,2270
40,11,DC,District Of Columbia,45,70,2820
40,23,ME,Maine,41,77,1395
40,44,RI,Rhode Island,29,57,1852
40,50,VT,Vermont,26,42,1070
41,96,OR,OR Total Migration-US and Foreign,69021,121561,4124413
41,97,OR,OR Total Migration-US,68276,120059,4081150
41,98,OR,OR Total Migration-Foreign,745,1502,43264
41,97,OR,OR Total Migration-Same State,62879,108916,3316364
41,41,OR,OR Non-migrants,1416506,2961772,102062126
41,06,CA,California,19217,34143,1338340
41,53,WA,Washington,11642,20756,656757
41,48,TX,Texas,3115,5628,176998
41,04,AZ,Arizona,2947,5285,157514
41,16,ID,Idaho,2318,4674,95169
41,08,CO,Colorado,2181,3699,122107
41,12,FL,Florida,1839,3010,94573
41,32,NV,Nevada,1757,3289,78803
41,36,NY,New York,1652,2405,113301
41,17,IL,Illinois,1351,2179,93901
41,49,UT,Utah,1266,2476,59797
41,15,HI,Hawaii,1125,2033,55247
41,02,AK,Alaska,1070,1901,61589
41,30,MT,Montana,966,1647,38190
41,37,NC,North Carolina,915,1698,54860
41,51,VA,Virginia,859,1563,61799
41,27,MN,Minnesota,848,1422,57527
41,42,PA,Pennsylvania,820,1286,43570
41,26,MI,Michigan,803,1248,53696
41,25,MA,Massachusetts,784,1187,64580
41,39,OH,Ohio,767,1310,42275
41,55,WI,Wisconsin,753,1167,39317
41,57,FR,Foreign,745,1502,43264
41,13,GA,Georgia,670,1250,41626
41,29,MO,Missouri,659,1165,32908
41,35,NM,New Mexico,651,1154,34677
41,18,IN,Indiana,567,942,37670
41,47,TN,Tennessee,554,923,28112
41,24,MD,Maryland,480,775,34788
41,40,OK,Oklahoma,451,858,19787
41,34,NJ,New Jersey,433,706,35253
41,20,KS,Kansas,431,820,23278
41,19,IA,Iowa,414,706,20658
41,38,ND,North Dakota,400,724,19494
41,56,WY,Wyoming,352,636,16348
41,22,LA,Louisiana,347,570,15028
41,45,SC,South Carolina,283,518,19436
41,31,NE,Nebraska,271,476,12843
41,05,AR,Arkansas,268,489,12073
41,09,CT,Connecticut,263,394,16664
41,21,KY,Kentucky,261,476,13223
41,01,AL,Alabama,218,395,11584
41,46,SD,South Dakota,213,387,9548
41,11,DC,District Of Columbia,202,259,21123
41,33,NH,New Hampshire,185,302,11199
41,50,VT,Vermont,175,269,8154
41,23,ME,Maine,172,249,6357
41,28,MS,Mississippi,126,218,6053
41,44,RI,Rhode Island,91,135,4809
41,54,WV,West Virginia,80,139,4298
41,10,DE,Delaware,64,118,4249
42,96,PA,PA Total Migration-US and Foreign,98675,177230,6530380
42,97,PA,PA Total Migration-US,97220,174196,6400434
42,98,PA,PA Total Migration-Foreign,1455,3034,129946
42,97,PA,PA Total Migration-Same State,136296,232240,7753019
42,42,PA,PA Non-migrants,4895484,10022847,366943305
42,34,NJ,New Jersey,15479,26690,1154791
42,36,NY,New York,14759,27355,858470
42,24,MD,Maryland,7557,13563,470965
42,12,FL,Florida,7313,12628,378520
42,51,VA,Virginia,4743,8514,343814
42,06,CA,California,4473,7617,356423
42,39,OH,Ohio,4235,7369,258896
42,48,TX,Texas,4214,8153,299456
42,37,NC,North Carolina,3510,6670,216470
42,10,DE,Delaware,3136,5653,231300
42,25,MA,Massachusetts,2212,3630,177489
42,13,GA,Georgia,2075,4083,129994
42,54,WV,West Virginia,1795,3106,98019
42,17,IL,Illinois,1785,3255,164863
42,09,CT,Connecticut,1455,2547,135133
42,57,FR,Foreign,1455,3034,129946
42,45,SC,South Carolina,1425,2605,70612
42,08,CO,Colorado,1305,2289,76079
42,26,MI,Michigan,1238,2220,88242
42,04,AZ,Arizona,1180,2135,68876
42,47,TN,Tennessee,1089,2021,47682
42,53,WA,Washington,955,1735,59035
42,18,IN,Indiana,845,1595,56411
42,11,DC,District Of Columbia,794,1061,63343
42,29,MO,Missouri,732,1318,60639
42,55,WI,Wisconsin,680,1229,53251
42,21,KY,Kentucky,638,1198,34735
42,27,MN,Minnesota,569,1044,49584
42,22,LA,Louisiana,519,915,38811
42,32,NV,Nevada,478,850,23637
42,41,OR,Oregon,465,770,22463
42,01,AL,Alabama,458,885,25979
42,40,OK,Oklahoma,396,784,21851
42,33,NH,New Hampshire,395,673,27453
42,20,KS,Kansas,379,803,22471
42,19,IA,Iowa,370,684,29071
42,49,UT,Utah,353,796,21206
42,23,ME,Maine,347,557,18483
42,15,HI,Hawaii,344,639,16706
42,44,RI,Rhode Island,324,534,19320
42,35,NM,New Mexico,273,478,15215
42,05,AR,Arkansas,269,534,17830
42,50,VT,Vermont,265,429,15346
42,28,MS,Mississippi,256,490,10833
42,02,AK,Alaska,226,417,13152
42,31,NE,Nebraska,190,375,11179
42,38,ND,North Dakota,183,339,11200
42,16,ID,Idaho,165,323,-493
42,30,MT,Montana,158,259,5387
42,56,WY,Wyoming,132,222,6198
42,46,SD,South Dakota,84,157,4044
44,96,RI,RI Total Migration-US and Foreign,13744,23300,886142
44,97,RI,RI Total Migration-US,13519,22751,865236
44,98,RI,RI Total Migration-Foreign,225,549,20906
44,97,RI,RI Total Migration-Same State,9311,15223,551887
44,44,RI,RI Non-migrants,409038,802980,29668149
44,25,MA,Massachusetts,4621,7335,288867
44,36,NY,New York,1283,2086,90991
44,09,CT,Connecticut,1220,1881,84039
44,12,FL,Florida,1004,1723,44271
44,06,CA,California,637,1191,44292
44,48,TX,Texas,401,756,27150
44,34,NJ,New Jersey,399,656,30253
44,51,VA,Virginia,376,820,26970
44,42,PA,Pennsylvania,366,621,26554
44,37,NC,North Carolina,293,593,17698
44,33,NH,New Hampshire,252,393,14030
44,24,MD,Maryland,236,409,15663
44,57,FR,Foreign,225,549,20906
44,13,GA,Georgia,198,360,10651
44,17,IL,Illinois,168,295,16549
44,23,ME,Maine,166,235,6362
44,39,OH,Ohio,150,293,9704
44,45,SC,South Carolina,138,225,5610
44,53,WA,Washington,118,231,7002
44,50,VT,Vermont,118,162,5827
44,08,CO,Colorado,114,183,6460
44,04,AZ,Arizona,110,205,7114
44,26,MI,Michigan,103,169,11514
44,47,TN,Tennessee,89,185,7560
44,15,HI,Hawaii,73,169,4692
44,32,NV,Nevada,65,126,3374
44,27,MN,Minnesota,65,120,6828
44,01,AL,Alabama,61,113,2999
44,29,MO,Missouri,60,110,6032
44,18,IN,Indiana,60,96,2929
44,11,DC,District Of Columbia,59,71,4463
44,55,WI,Wisconsin,54,93,3421
44,22,LA,Louisiana,54,102,3131
44,21,KY,Kentucky,42,89,2656
44,20,KS,Kansas,39,73,2252
44,41,OR,Oregon,38,67,2406
44,49,UT,Utah,37,61,1523
44,19,IA,Iowa,31,62,1720
44,40,OK,Oklahoma,30,52,987
44,35,NM,New Mexico,29,46,1233
44,10,DE,Delaware,28,48,1850
44,28,MS,Mississippi,23,35,940
44,05,AR,Arkansas,23,58,2326
44,54,WV,West Virginia,22,35,1360
44,31,NE,Nebraska,20,35,1118
44,02,AK,Alaska,19,36,813
44,16,ID,Idaho,14,29,508
44,38,ND,North Dakota,13,18,541
44,56,WY,Wyoming,-1,-1,-1
44,46,SD,South Dakota,-1,-1,-1
44,30,MT,Montana,-1,-1,-1
45,96,SC,SC Total Migration-US and Foreign,75432,148885,5292113
45,97,SC,SC Total Migration-US,74198,146076,5210760
45,98,SC,SC Total Migration-Foreign,1234,2809,81353
45,97,SC,SC Total Migration-Same State,64978,127933,2899932
45,45,SC,SC Non-migrants,1626239,3504172,100529071
45,37,NC,North Carolina,14199,28384,946328
45,13,GA,Georgia,7247,14447,430431
45,12,FL,Florida,6043,11329,316381
45,36,NY,New York,5108,9618,395750
45,51,VA,Virginia,3910,7698,307034
45,42,PA,Pennsylvania,3475,6602,257427
45,39,OH,Ohio,2829,5435,210611
45,48,TX,Texas,2799,5878,179531
45,34,NJ,New Jersey,2621,5044,215095
45,06,CA,California,2400,4799,172197
45,24,MD,Maryland,2213,4187,185665
45,47,TN,Tennessee,1978,4001,135900
45,17,IL,Illinois,1512,3038,172094
45,09,CT,Connecticut,1424,2692,140463
45,26,MI,Michigan,1375,2685,117185
45,25,MA,Massachusetts,1346,2454,115966
45,57,FR,Foreign,1234,2809,81353
45,18,IN,Indiana,971,1862,60142
45,01,AL,Alabama,919,1897,57744
45,21,KY,Kentucky,864,1855,51493
45,08,CO,Colorado,846,1703,47957
45,54,WV,West Virginia,833,1601,51983
45,53,WA,Washington,822,1787,61661
45,04,AZ,Arizona,715,1493,43301
45,29,MO,Missouri,650,1343,44048
45,55,WI,Wisconsin,586,1099,57465
45,22,LA,Louisiana,573,1150,33275
45,33,NH,New Hampshire,411,819,27110
45,20,KS,Kansas,407,855,25029
45,28,MS,Mississippi,400,821,19381
45,40,OK,Oklahoma,389,820,20933
45,27,MN,Minnesota,365,710,37545
45,15,HI,Hawaii,354,809,24352
45,23,ME,Maine,313,573,21330
45,32,NV,Nevada,302,571,18553
45,05,AR,Arkansas,295,657,17831
45,44,RI,Rhode Island,267,507,25533
45,10,DE,Delaware,259,501,27860
45,41,OR,Oregon,256,458,19737
45,19,IA,Iowa,248,503,17780
45,50,VT,Vermont,232,415,13452
45,49,UT,Utah,203,472,16234
45,02,AK,Alaska,199,449,11598
45,35,NM,New Mexico,196,398,10377
45,11,DC,District Of Columbia,184,277,15339
45,31,NE,Nebraska,166,344,10734
45,16,ID,Idaho,106,264,5058
45,38,ND,North Dakota,102,206,4963
45,56,WY,Wyoming,99,193,4402
45,30,MT,Montana,98,189,4438
45,46,SD,South Dakota,89,184,4063
46,96,SD,SD Total Migration-US and Foreign,12503,23940,683609
46,97,SD,SD Total Migration-US,12303,23493,674474
46,98,SD,SD Total Migration-Foreign,200,447,9135
46,97,SD,SD Total Migration-Same State,13998,25651,690544
46,46,SD,SD Non-migrants,316107,677183,22664860
46,27,MN,Minnesota,1727,3116,90014
46,19,IA,Iowa,1104,2024,59871
46,31,NE,Nebraska,941,1873,51780
46,38,ND,North Dakota,786,1519,43199
46,06,CA,California,716,1364,44810
46,08,CO,Colorado,697,1292,41019
46,48,TX,Texas,619,1175,30082
46,56,WY,Wyoming,501,961,28456
46,04,AZ,Arizona,436,815,23750
46,12,FL,Florida,363,684,18623
46,17,IL,Illinois,278,527,18038
46,55,WI,Wisconsin,271,525,16344
46,29,MO,Missouri,261,515,15172
46,30,MT,Montana,249,447,12180
46,53,WA,Washington,234,473,12713
46,57,FR,Foreign,200,447,9135
46,26,MI,Michigan,200,364,10406
46,20,KS,Kansas,200,393,10065
46,51,VA,Virginia,174,342,12317
46,32,NV,Nevada,172,309,9383
46,37,NC,North Carolina,154,324,8327
46,13,GA,Georgia,151,336,7495
46,42,PA,Pennsylvania,144,268,6855
46,39,OH,Ohio,141,268,7075
46,36,NY,New York,139,245,6478
46,49,UT,Utah,138,305,9285
46,41,OR,Oregon,130,254,7395
46,40,OK,Oklahoma,128,256,5666
46,18,IN,Indiana,125,248,6087
46,47,TN,Tennessee,111,243,5459
46,16,ID,Idaho,103,223,5981
46,35,NM,New Mexico,100,198,6126
46,02,AK,Alaska,100,195,6963
46,24,MD,Maryland,73,149,4687
46,45,SC,South Carolina,66,128,3602
46,22,LA,Louisiana,64,123,2708
46,34,NJ,New Jersey,60,115,3241
46,25,MA,Massachusetts,59,92,3083
46,21,KY,Kentucky,59,115,3063
46,01,AL,Alabama,56,115,2409
46,05,AR,Arkansas,55,133,2784
46,28,MS,Mississippi,52,117,2563
46,15,HI,Hawaii,48,105,3274
46,09,CT,Connecticut,36,59,1963
46,54,WV,West Virginia,30,49,1400
46,23,ME,Maine,19,48,914
46,33,NH,New Hampshire,18,31,526
46,10,DE,Delaware,15,33,846
46,44,RI,Rhode Island,-1,-1,-1
46,11,DC,District Of Columbia,-1,-1,-1
46,50,VT,Vermont,-1,-1,-1
47,96,TN,TN Total Migration-US and Foreign,86103,168704,5331925
47,97,TN,TN Total Migration-US,85155,166512,5266533
47,98,TN,TN Total Migration-Foreign,948,2192,65391
47,97,TN,TN Total Migration-Same State,89184,172950,4084876
47,47,TN,TN Non-migrants,2275233,4922840,147335980
47,12,FL,Florida,7961,15024,487487
47,13,GA,Georgia,6968,13711,403833
47,48,TX,Texas,5625,11639,385747
47,21,KY,Kentucky,5206,10567,238301
47,28,MS,Mississippi,4834,9612,201770
47,06,CA,California,4427,8612,336868
47,01,AL,Alabama,4043,7929,273599
47,37,NC,North Carolina,4040,7891,227624
47,51,VA,Virginia,3793,7421,229869
47,17,IL,Illinois,3768,7259,265608
47,39,OH,Ohio,3094,5948,216526
47,36,NY,New York,2845,5151,228278
47,26,MI,Michigan,2592,4960,142506
47,18,IN,Indiana,2448,4814,141357
47,45,SC,South Carolina,1844,3575,102294
47,05,AR,Arkansas,1810,3579,98147
47,42,PA,Pennsylvania,1698,3185,125332
47,29,MO,Missouri,1619,3065,84764
47,08,CO,Colorado,1401,2712,100117
47,22,LA,Louisiana,1249,2532,66853
47,24,MD,Maryland,1127,2149,88337
47,04,AZ,Arizona,1096,2216,66300
47,55,WI,Wisconsin,1047,1995,66325
47,53,WA,Washington,996,2084,62108
47,34,NJ,New Jersey,966,1851,79056
47,57,FR,Foreign,948,2192,65391
47,25,MA,Massachusetts,783,1415,58245
47,40,OK,Oklahoma,727,1479,37422
47,20,KS,Kansas,645,1384,39327
47,27,MN,Minnesota,622,1214,52043
47,54,WV,West Virginia,564,1108,29650
47,09,CT,Connecticut,542,988,52264
47,32,NV,Nevada,525,978,38128
47,19,IA,Iowa,481,897,26927
47,41,OR,Oregon,395,757,21001
47,15,HI,Hawaii,387,889,19550
47,35,NM,New Mexico,314,591,18210
47,02,AK,Alaska,289,647,17502
47,49,UT,Utah,287,703,17568
47,31,NE,Nebraska,246,553,15421
47,33,NH,New Hampshire,241,435,14079
47,23,ME,Maine,202,346,13838
47,38,ND,North Dakota,178,358,8091
47,11,DC,District Of Columbia,176,249,15985
47,16,ID,Idaho,172,364,7759
47,10,DE,Delaware,165,330,9183
47,30,MT,Montana,164,294,7449
47,44,RI,Rhode Island,154,305,9359
47,46,SD,South Dakota,147,266,6712
47,56,WY,Wyoming,130,258,6144
47,50,VT,Vermont,122,223,5671
48,96,TX,TX Total Migration-US and Foreign,254576,527254,17725256
48,97,TX,TX Total Migration-US,246864,508723,16945145
48,98,TX,TX Total Migration-Foreign,7712,18531,780111
48,97,TX,TX Total Migration-Same State,477219,951104,28441872
48,48,TX,TX Non-migrants,9112798,20855011,697949953
48,06,CA,California,30052,62767,2353043
48,12,FL,Florida,18299,35188,1052220
48,22,LA,Louisiana,12976,26469,692068
48,36,NY,New York,11001,20909,812024
48,17,IL,Illinois,10925,22552,862159
48,40,OK,Oklahoma,10515,21401,646646
48,13,GA,Georgia,9236,20022,580173
48,08,CO,Colorado,9003,18768,635234
48,51,VA,Virginia,8572,18461,815159
48,57,FR,Foreign,7712,18531,780111
48,37,NC,North Carolina,7217,15803,454870
48,04,AZ,Arizona,7211,15294,608834
48,35,NM,New Mexico,7006,14779,344621
48,05,AR,Arkansas,6142,12550,305268
48,29,MO,Missouri,5815,11676,351323
48,39,OH,Ohio,5680,11275,438635
48,47,TN,Tennessee,5652,11729,349122
48,42,PA,Pennsylvania,5555,10913,486516
48,53,WA,Washington,5449,11621,366221
48,26,MI,Michigan,5211,10381,327521
48,20,KS,Kansas,4768,10462,274415
48,34,NJ,New Jersey,4694,10038,524406
48,24,MD,Maryland,4253,8843,314235
48,28,MS,Mississippi,4127,8481,180872
48,18,IN,Indiana,3960,7947,226751
48,01,AL,Alabama,3602,7789,203940
48,32,NV,Nevada,3285,6697,210346
48,27,MN,Minnesota,3178,6424,260542
48,25,MA,Massachusetts,3144,5936,251923
48,55,WI,Wisconsin,3081,6292,199109
48,45,SC,South Carolina,2897,6275,171785
48,21,KY,Kentucky,2556,5533,167369
48,49,UT,Utah,2293,5586,149324
48,15,HI,Hawaii,2217,5294,111417
48,41,OR,Oregon,2142,4142,126335
48,19,IA,Iowa,2005,3976,115379
48,09,CT,Connecticut,1883,3763,242473
48,31,NE,Nebraska,1846,3692,105703
48,02,AK,Alaska,1370,3090,107007
48,16,ID,Idaho,986,2198,48998
48,38,ND,North Dakota,984,2097,61238
48,56,WY,Wyoming,858,1742,52831
48,11,DC,District Of Columbia,822,1251,77804
48,54,WV,West Virginia,714,1507,44532
48,30,MT,Montana,692,1319,37709
48,33,NH,New Hampshire,639,1240,54955
48,46,SD,South Dakota,634,1256,39464
48,10,DE,Delaware,525,1076,36633
48,23,ME,Maine,488,927,25548
48,44,RI,Rhode Island,461,847,26309
48,50,VT,Vermont,243,445,14134
49,96,UT,UT Total Migration-US and Foreign,35303,78498,2356639
49,97,UT,UT Total Migration-US,34687,76910,2311967
49,98,UT,UT Total Migration-Foreign,616,1588,44673
49,97,UT,UT Total Migration-Same State,35805,80367,1835800
49,49,UT,UT Non-migrants,938067,2417018,69148435
49,06,CA,California,6529,14400,517078
49,04,AZ,Arizona,2637,6258,150013
49,16,ID,Idaho,2418,5670,103375
49,48,TX,Texas,2291,5529,213887
49,32,NV,Nevada,2200,4944,123637
49,08,CO,Colorado,1927,4221,116998
49,53,WA,Washington,1702,3806,106101
49,12,FL,Florida,1097,2251,58741
49,56,WY,Wyoming,913,2008,48392
49,41,OR,Oregon,864,1817,47782
49,36,NY,New York,730,1423,57094
49,51,VA,Virginia,716,1678,58010
49,35,NM,New Mexico,688,1739,32765
49,17,IL,Illinois,617,1287,44025
49,57,FR,Foreign,616,1588,44673
49,15,HI,Hawaii,524,1151,25797
49,13,GA,Georgia,510,1178,45392
49,39,OH,Ohio,506,1121,34557
49,42,PA,Pennsylvania,481,952,47390
49,30,MT,Montana,479,958,21328
49,37,NC,North Carolina,478,1053,29253
49,29,MO,Missouri,473,1048,27913
49,26,MI,Michigan,420,809,34996
49,18,IN,Indiana,337,647,23778
49,24,MD,Maryland,334,653,21261
49,38,ND,North Dakota,329,715,17643
49,25,MA,Massachusetts,320,606,22468
49,27,MN,Minnesota,319,634,25282
49,02,AK,Alaska,310,716,16527
49,47,TN,Tennessee,308,745,20408
49,55,WI,Wisconsin,307,613,24877
49,40,OK,Oklahoma,274,612,21930
49,34,NJ,New Jersey,262,475,23337
49,20,KS,Kansas,251,570,15094
49,19,IA,Iowa,212,485,12878
49,31,NE,Nebraska,207,471,11943
49,22,LA,Louisiana,184,414,9229
49,45,SC,South Carolina,178,424,11139
49,01,AL,Alabama,175,388,9775
49,09,CT,Connecticut,171,369,20390
49,21,KY,Kentucky,169,424,12977
49,05,AR,Arkansas,152,334,7654
49,46,SD,South Dakota,127,254,5538
49,28,MS,Mississippi,104,243,4130
49,23,ME,Maine,95,155,5496
49,33,NH,New Hampshire,86,154,7043
49,50,VT,Vermont,68,122,3767
49,54,WV,West Virginia,57,126,3088
49,11,DC,District Of Columbia,52,79,4536
49,10,DE,Delaware,52,93,2743
49,44,RI,Rhode Island,47,88,2514
50,96,VT,VT Total Migration-US and Foreign,9505,15007,579620
50,97,VT,VT Total Migration-US,9354,14736,570956
50,98,VT,VT Total Migration-Foreign,151,271,8664
50,97,VT,VT Total Migration-Same State,6852,10818,300706
50,50,VT,VT Non-migrants,258552,498154,17084972
50,36,NY,New York,1569,2375,95141
50,33,NH,New Hampshire,1280,1983,60626
50,25,MA,Massachusetts,1277,1881,85651
50,12,FL,Florida,607,912,27922
50,09,CT,Connecticut,474,724,41468
50,06,CA,California,420,643,32821
50,34,NJ,New Jersey,322,534,26620
50,42,PA,Pennsylvania,316,545,22687
50,23,ME,Maine,243,363,9900
50,48,TX,Texas,221,417,13140
50,37,NC,North Carolina,218,377,8908
50,51,VA,Virginia,216,381,15749
50,08,CO,Colorado,204,305,9709
50,57,FR,Foreign,151,271,8664
50,24,MD,Maryland,128,209,10580
50,39,OH,Ohio,127,213,9037
50,53,WA,Washington,122,211,6137
50,04,AZ,Arizona,114,190,6333
50,17,IL,Illinois,110,178,12352
50,44,RI,Rhode Island,108,151,5467
50,41,OR,Oregon,105,171,5639
50,13,GA,Georgia,103,177,4770
50,45,SC,South Carolina,93,134,4382
50,26,MI,Michigan,93,144,4345
50,47,TN,Tennessee,76,131,3434
50,55,WI,Wisconsin,65,110,3164
50,49,UT,Utah,65,105,3725
50,27,MN,Minnesota,56,96,6622
50,30,MT,Montana,50,81,2240
50,18,IN,Indiana,49,98,2950
50,02,AK,Alaska,45,69,1939
50,11,DC,District Of Columbia,44,67,4522
50,35,NM,New Mexico,42,80,2696
50,29,MO,Missouri,40,62,2500
50,15,HI,Hawaii,35,60,1127
50,22,LA,Louisiana,32,54,1480
50,20,KS,Kansas,30,66,1532
50,56,WY,Wyoming,28,39,839
50,32,NV,Nevada,25,38,1178
50,19,IA,Iowa,25,41,1230
50,01,AL,Alabama,25,58,2673
50,40,OK,Oklahoma,22,31,931
50,10,DE,Delaware,21,36,1449
50,54,WV,West Virginia,20,26,672
50,28,MS,Mississippi,20,46,1203
50,21,KY,Kentucky,20,26,989
50,16,ID,Idaho,19,41,809
50,31,NE,Nebraska,16,35,1199
50,05,AR,Arkansas,14,22,468
50,38,ND,North Dakota,-1,-1,-1
50,46,SD,South Dakota,-1,-1,-1
51,96,VA,VA Total Migration-US and Foreign,122390,236585,8176151
51,97,VA,VA Total Migration-US,116389,221869,7692526
51,98,VA,VA Total Migration-Foreign,6001,14716,483624
51,97,VA,VA Total Migration-Same State,184405,342436,10297074
51,51,VA,VA Non-migrants,2921532,6249927,250337418
51,24,MD,Maryland,15013,27088,991176
51,37,NC,North Carolina,10295,20499,535356
51,12,FL,Florida,9025,16904,560781
51,36,NY,New York,7704,13672,492644
51,06,CA,California,7532,15757,538867
51,48,TX,Texas,6610,13981,499985
51,57,FR,Foreign,6001,14716,483624
51,42,PA,Pennsylvania,5735,9923,398486
51,11,DC,District Of Columbia,5268,7713,504005
51,13,GA,Georgia,4264,8612,257451
51,34,NJ,New Jersey,3601,6624,274265
51,45,SC,South Carolina,2915,5547,157060
51,47,TN,Tennessee,2859,5530,179704
51,39,OH,Ohio,2718,5045,169976
51,54,WV,West Virginia,2603,4707,126623
51,17,IL,Illinois,2446,4635,191428
51,25,MA,Massachusetts,2098,3685,162700
51,53,WA,Washington,1892,4123,129267
51,08,CO,Colorado,1840,3604,127159
51,26,MI,Michigan,1645,2979,98711
51,04,AZ,Arizona,1498,3019,103302
51,09,CT,Connecticut,1419,2590,115185
51,01,AL,Alabama,1242,2671,77510
51,15,HI,Hawaii,1193,3087,81073
51,18,IN,Indiana,1131,2088,67897
51,21,KY,Kentucky,1111,2336,64387
51,29,MO,Missouri,1064,2100,69902
51,22,LA,Louisiana,951,1883,52101
51,10,DE,Delaware,793,1493,48729
51,55,WI,Wisconsin,785,1369,47024
51,40,OK,Oklahoma,726,1528,43688
51,20,KS,Kansas,726,1693,46519
51,32,NV,Nevada,696,1428,49431
51,28,MS,Mississippi,685,1389,33781
51,27,MN,Minnesota,664,1153,49476
51,49,UT,Utah,566,1225,33167
51,35,NM,New Mexico,514,1075,38515
51,41,OR,Oregon,496,920,26730
51,44,RI,Rhode Island,456,1068,35104
51,33,NH,New Hampshire,453,801,32256
51,05,AR,Arkansas,444,876,24918
51,19,IA,Iowa,406,805,24545
51,23,ME,Maine,403,758,21212
51,02,AK,Alaska,400,925,22678
51,31,NE,Nebraska,366,727,24665
51,50,VT,Vermont,283,485,17303
51,16,ID,Idaho,214,459,12598
51,30,MT,Montana,211,431,12439
51,38,ND,North Dakota,166,313,8127
51,46,SD,South Dakota,146,304,8455
51,56,WY,Wyoming,118,242,4168
53,96,WA,WA Total Migration-US and Foreign,114992,216550,7815170
53,97,WA,WA Total Migration-US,111709,209360,7563036
53,98,WA,WA Total Migration-Foreign,3283,7190,252134
53,97,WA,WA Total Migration-Same State,95097,172456,5386484
53,53,WA,WA Non-migrants,2632515,5617757,228307596
53,06,CA,California,22782,42791,1928012
53,41,OR,Oregon,13919,26358,801760
53,48,TX,Texas,7071,13995,510274
53,04,AZ,Arizona,4789,8923,284789
53,16,ID,Idaho,4518,8485,213541
53,12,FL,Florida,4303,7576,228584
53,08,CO,Colorado,3623,6723,211684
53,57,FR,Foreign,3283,7190,252134
53,36,NY,New York,3263,5294,271342
53,17,IL,Illinois,2902,5034,234470
53,51,VA,Virginia,2569,5257,212896
53,32,NV,Nevada,2535,4817,141937
53,15,HI,Hawaii,2469,5130,133055
53,02,AK,Alaska,2211,4029,140940
53,13,GA,Georgia,2153,4401,138689
53,37,NC,North Carolina,2040,4202,126692
53,49,UT,Utah,1966,4291,120689
53,30,MT,Montana,1947,3267,90334
53,42,PA,Pennsylvania,1693,2832,123751
53,39,OH,Ohio,1575,2761,110344
53,27,MN,Minnesota,1569,2793,120522
53,26,MI,Michigan,1519,2542,89976
53,25,MA,Massachusetts,1410,2259,125231
53,29,MO,Missouri,1299,2484,80022
53,47,TN,Tennessee,1220,2359,71446
53,24,MD,Maryland,1217,2303,106543
53,55,WI,Wisconsin,1197,1957,77314
53,34,NJ,New Jersey,1118,2063,102784
53,45,SC,South Carolina,1057,2100,67290
53,40,OK,Oklahoma,997,2048,53178
53,20,KS,Kansas,988,2086,58409
53,18,IN,Indiana,965,1686,57183
53,35,NM,New Mexico,908,1732,60193
53,38,ND,North Dakota,799,1524,46288
53,22,LA,Louisiana,678,1351,33952
53,09,CT,Connecticut,672,1200,55429
53,19,IA,Iowa,644,1155,32676
53,01,AL,Alabama,614,1273,34346
53,21,KY,Kentucky,598,1301,37587
53,31,NE,Nebraska,509,931,27285
53,05,AR,Arkansas,503,1002,26886
53,56,WY,Wyoming,490,937,23124
53,11,DC,District Of Columbia,408,546,36445
53,46,SD,South Dakota,376,709,17771
53,28,MS,Mississippi,333,656,15131
53,33,NH,New Hampshire,300,495,19916
53,23,ME,Maine,299,495,17035
53,50,VT,Vermont,199,274,10345
53,44,RI,Rhode Island,184,350,13852
53,54,WV,West Virginia,156,307,9997
53,10,DE,Delaware,155,276,11095
54,96,WV,WV Total Migration-US and Foreign,16272,31028,805475
54,97,WV,WV Total Migration-US,16163,30799,800225
54,98,WV,WV Total Migration-Foreign,109,229,5250
54,97,WV,WV Total Migration-Same State,17301,32991,682805
54,54,WV,WV Non-migrants,624780,1317362,35644150
54,51,VA,Virginia,2624,5082,130274
54,39,OH,Ohio,2383,4520,93214
54,24,MD,Maryland,2012,3820,101207
54,42,PA,Pennsylvania,1659,2929,88936
54,12,FL,Florida,882,1594,48337
54,37,NC,North Carolina,872,1718,40743
54,21,KY,Kentucky,636,1264,27847
54,48,TX,Texas,568,1137,30913
54,36,NY,New York,365,706,17845
54,06,CA,California,354,655,21450
54,45,SC,South Carolina,351,677,15020
54,13,GA,Georgia,338,676,13262
54,47,TN,Tennessee,300,584,13327
54,34,NJ,New Jersey,209,384,12002
54,26,MI,Michigan,206,361,9560
54,18,IN,Indiana,195,359,9894
54,17,IL,Illinois,173,299,9630
54,08,CO,Colorado,165,297,9090
54,04,AZ,Arizona,131,260,7359
54,01,AL,Alabama,128,264,7261
54,53,WA,Washington,114,237,4752
54,57,FR,Foreign,109,229,5250
54,29,MO,Missouri,99,204,4956
54,22,LA,Louisiana,98,203,5712
54,40,OK,Oklahoma,97,198,4120
54,25,MA,Massachusetts,86,167,6100
54,05,AR,Arkansas,81,167,7114
54,32,NV,Nevada,79,127,2763
54,55,WI,Wisconsin,69,141,4953
54,10,DE,Delaware,65,124,2792
54,27,MN,Minnesota,60,114,3243
54,11,DC,District Of Columbia,58,95,4108
54,09,CT,Connecticut,57,108,3090
54,20,KS,Kansas,56,129,2771
54,41,OR,Oregon,51,80,2377
54,28,MS,Mississippi,51,99,2739
54,35,NM,New Mexico,47,105,2331
54,15,HI,Hawaii,47,113,2051
54,49,UT,Utah,46,124,2037
54,56,WY,Wyoming,36,74,8455
54,33,NH,New Hampshire,34,58,1911
54,19,IA,Iowa,34,61,1343
54,02,AK,Alaska,33,71,1644
54,38,ND,North Dakota,32,73,1604
54,30,MT,Montana,32,60,1679
54,50,VT,Vermont,29,47,1905
54,31,NE,Nebraska,28,47,1381
54,23,ME,Maine,26,49,1261
54,16,ID,Idaho,24,54,1336
54,46,SD,South Dakota,22,39,1613
54,44,RI,Rhode Island,21,45,910
55,96,WI,WI Total Migration-US and Foreign,45810,83763,2802920
55,97,WI,WI Total Migration-US,45236,82630,2771879
55,98,WI,WI Total Migration-Foreign,574,1133,31041
55,97,WI,WI Total Migration-Same State,87483,149985,4378467
55,55,WI,WI Non-migrants,2232646,4673150,157670226
55,17,IL,Illinois,9573,17361,633156
55,27,MN,Minnesota,6318,10899,386120
55,48,TX,Texas,2524,4995,155993
55,06,CA,California,2488,4601,159714
55,26,MI,Michigan,2394,4194,132572
55,12,FL,Florida,2314,3953,134467
55,19,IA,Iowa,1581,2841,89494
55,04,AZ,Arizona,1254,2235,60698
55,08,CO,Colorado,1142,2075,67058
55,18,IN,Indiana,1122,2036,58050
55,36,NY,New York,990,1676,63606
55,39,OH,Ohio,925,1735,65329
55,37,NC,North Carolina,844,1650,60086
55,29,MO,Missouri,829,1639,44946
55,53,WA,Washington,734,1419,42402
55,13,GA,Georgia,726,1422,51138
55,47,TN,Tennessee,699,1291,32686
55,42,PA,Pennsylvania,680,1385,55812
55,51,VA,Virginia,672,1223,48275
55,57,FR,Foreign,574,1133,31041
55,38,ND,North Dakota,468,848,25138
55,25,MA,Massachusetts,430,716,41041
55,32,NV,Nevada,382,672,16587
55,20,KS,Kansas,373,754,18374
55,21,KY,Kentucky,367,695,19379
55,41,OR,Oregon,345,589,19049
55,34,NJ,New Jersey,343,635,24767
55,45,SC,South Carolina,339,660,17240
55,24,MD,Maryland,329,599,25540
55,40,OK,Oklahoma,310,627,15176
55,05,AR,Arkansas,297,597,17106
55,31,NE,Nebraska,294,568,17259
55,22,LA,Louisiana,282,522,13269
55,49,UT,Utah,273,603,17337
55,46,SD,South Dakota,241,441,12839
55,01,AL,Alabama,241,487,11406
55,28,MS,Mississippi,229,479,7592
55,09,CT,Connecticut,216,425,20079
55,35,NM,New Mexico,209,396,11483
55,02,AK,Alaska,206,429,11648
55,30,MT,Montana,196,352,7270
55,15,HI,Hawaii,172,340,7132
55,16,ID,Idaho,150,278,7017
55,56,WY,Wyoming,148,268,7406
55,11,DC,District Of Columbia,135,183,10199
55,33,NH,New Hampshire,100,164,7357
55,23,ME,Maine,98,181,5777
55,54,WV,West Virginia,81,153,5284
55,10,DE,Delaware,61,143,4222
55,44,RI,Rhode Island,59,109,3458
55,50,VT,Vermont,53,87,2844
56,96,WY,WY Total Migration-US and Foreign,11283,21957,831195
56,97,WY,WY Total Migration-US,11103,21548,815030
56,98,WY,WY Total Migration-Foreign,180,409,16165
56,97,WY,WY Total Migration-Same State,5044,9450,254070
56,56,WY,WY Non-migrants,214408,458107,19026942
56,08,CO,Colorado,1802,3326,132638
56,06,CA,California,864,1592,91284
56,49,UT,Utah,776,1775,43098
56,48,TX,Texas,708,1453,51764
56,30,MT,Montana,620,1179,30943
56,16,ID,Idaho,450,969,26318
56,04,AZ,Arizona,400,861,19173
56,31,NE,Nebraska,384,763,18422
56,46,SD,South Dakota,363,688,20268
56,53,WA,Washington,337,643,29281
56,12,FL,Florida,283,497,13270
56,38,ND,North Dakota,270,523,17603
56,32,NV,Nevada,261,531,16370
56,41,OR,Oregon,229,425,8856
56,17,IL,Illinois,190,357,47410
56,57,FR,Foreign,180,409,16165
56,37,NC,North Carolina,169,334,10315
56,26,MI,Michigan,166,289,8484
56,40,OK,Oklahoma,163,369,9682
56,42,PA,Pennsylvania,161,278,10025
56,29,MO,Missouri,157,275,7195
56,35,NM,New Mexico,155,323,8563
56,27,MN,Minnesota,147,268,7845
56,36,NY,New York,146,241,48014
56,55,WI,Wisconsin,136,228,7197
56,20,KS,Kansas,135,322,7524
56,02,AK,Alaska,125,234,7540
56,51,VA,Virginia,123,274,11101
56,39,OH,Ohio,122,220,5939
56,13,GA,Georgia,119,233,5410
56,47,TN,Tennessee,118,197,6589
56,18,IN,Indiana,114,211,5829
56,19,IA,Iowa,112,188,5487
56,24,MD,Maryland,85,148,9789
56,22,LA,Louisiana,82,186,4538
56,05,AR,Arkansas,76,167,3314
56,25,MA,Massachusetts,70,97,7288
56,01,AL,Alabama,66,110,3816
56,45,SC,South Carolina,58,108,5511
56,15,HI,Hawaii,52,118,2702
56,34,NJ,New Jersey,50,74,11729
56,21,KY,Kentucky,50,96,2859
56,28,MS,Mississippi,45,99,1419
56,09,CT,Connecticut,42,67,16848
56,54,WV,West Virginia,34,62,1804
56,23,ME,Maine,30,46,1216
56,50,VT,Vermont,26,43,1559
56,33,NH,New Hampshire,22,41,785
56,10,DE,Delaware,10,20,415
56,44,RI,Rhode Island,-1,-1,-1
56,11,DC,District Of Columbia,-1,-1,-1
