01003	
01015	
01043	
01049	
01051	
01055	
01069	
01073	
01077	
01081	
01083	
01089	
01095	
01097	
01101	
01103	
01115	
01117	
01121	
01125	
01127	
02020	
02090	
02170	
04001	
04003	
04005	
04013	
04015	
04017	
04019	
04021	
04025	
04027	
05007	
05031	
05045	
05051	
05069	
05119	
05125	
05131	
05143	
05145	
06001	
06007	
06013	
06017	
06019	
06023	
06025	
06029	
06031	
06033	
06037	
06039	
06041	
06045	
06047	
06053	
06055	
06057	
06059	
06061	
06065	
06067	
06071	
06073	
06075	
06077	
06079	
06081	
06083	
06085	
06087	
06089	
06095	
06097	
06099	
06101	
06107	
06111	
06113	
06115	
08001	
08005	
08013	
08031	
08035	
08041	
08059	
08069	
08077	
08101	
08123	
09001	
09003	
09005	
09007	
09009	
09011	
09013	
09015	
10001	
10003	
10005	
11001	
12001	
12005	
12009	
12011	
12015	
12017	
12019	
12021	
12023	
12031	
12033	
12035	
12053	
12055	
12057	
12061	
12069	
12071	
12073	
12081	
12083	
12085	
12086	
12087	
12089	
12091	
12095	
12097	
12099	
12101	
12103	
12105	
12107	
12109	
12111	
12113	
12115	
12117	
12119	
12127	
13015	
13021	
13045	
13051	
13057	
13059	
13063	
13067	
13073	
13077	
13089	
13095	
13097	
13113	
13115	
13117	
13121	
13127	
13135	
13139	
13151	
13153	
13185	
13215	
13217	
13223	
13245	
13247	
13297	
13313	
15001	
15003	
15009	
16001	
16005	
16019	
16027	
16055	
16083	
17001	
17019	
17031	
17037	
17043	
17089	
17091	
17093	
17097	
17099	
17111	
17113	
17115	
17119	
17143	
17161	
17163	
17167	
17179	
17183	
17197	
17201	
18003	
18005	
18019	
18035	
18039	
18043	
18053	
18057	
18059	
18063	
18067	
18081	
18085	
18089	
18091	
18095	
18097	
18105	
18109	
18127	
18141	
18157	
18163	
18167	
18177	
19013	
19061	
19103	
19113	
19153	
19155	
19163	
19169	
19193	
20045	
20091	
20103	
20173	
20177	
20209	
21015	
21029	
21037	
21047	
21059	
21067	
21093	
21111	
21117	
21151	
21195	
21227	
22005	
22015	
22017	
22019	
22033	
22045	
22051	
22055	
22057	
22063	
22071	
22073	
22079	
22097	
22103	
22105	
22109	
23001	
23003	
23005	
23011	
23019	
23031	
24001	
24003	
24005	
24009	
24013	
24015	
24017	
24021	
24025	
24027	
24031	
24033	
24037	
24043	
24045	
24510	
25001	
25003	
25005	
25009	
25011	
25013	
25015	
25017	
25021	
25023	
25025	
25027	
26005	
26017	
26021	
26025	
26037	
26045	
26049	
26055	
26065	
26073	
26075	
26077	
26081	
26087	
26091	
26093	
26099	
26111	
26115	
26121	
26125	
26139	
26145	
26147	
26155	
26159	
26161	
26163	
27003	
27019	
27037	
27053	
27109	
27123	
27137	
27139	
27141	
27145	
27163	
27171	
28033	
28035	
28047	
28049	
28059	
28067	
28075	
28081	
28089	
28121	
29019	
29021	
29031	
29037	
29043	
29047	
29051	
29071	
29077	
29095	
29097	
29099	
29165	
29183	
29189	
29510	
30013	
30029	
30031	
30063	
30111	
31055	
31109	
31153	
32003	
32031	
33005	
33009	
33011	
33013	
33015	
33017	
34001	
34003	
34005	
34007	
34009	
34011	
34013	
34015	
34017	
34019	
34021	
34023	
34025	
34027	
34029	
34031	
34033	
34035	
34037	
34039	
34041	
35001	
35031	
35043	
35045	
35049	
35061	
36001	
36005	
36007	
36009	
36011	
36013	
36015	
36019	
36027	
36029	
36045	
36047	
36053	
36055	
36059	
36061	
36063	
36065	
36067	
36069	
36071	
36075	
36079	
36081	
36083	
36085	
36087	
36089	
36091	
36093	
36101	
36103	
36105	
36109	
36111	
36113	
36117	
36119	
37001	
37019	
37021	
37023	
37025	
37027	
37035	
37045	
37049	
37051	
37057	
37063	
37067	
37071	
37081	
37085	
37089	
37097	
37101	
37109	
37119	
37125	
37127	
37129	
37133	
37135	
37147	
37151	
37155	
37157	
37159	
37171	
37179	
37183	
37191	
37193	
37195	
38015	
38017	
38035	
39003	
39007	
39013	
39017	
39023	
39025	
39029	
39035	
39041	
39043	
39045	
39049	
39055	
39057	
39061	
39063	
39081	
39085	
39089	
39093	
39095	
39099	
39101	
39103	
39109	
39113	
39119	
39133	
39139	
39141	
39145	
39151	
39153	
39155	
39157	
39165	
39169	
39173	
40017	
40027	
40031	
40037	
40101	
40109	
40119	
40125	
40131	
40143	
40145	
41003	
41005	
41017	
41019	
41029	
41033	
41035	
41039	
41043	
41047	
41051	
41053	
41059	
41067	
41071	
42001	
42003	
42005	
42007	
42011	
42013	
42017	
42019	
42021	
42027	
42029	
42033	
42037	
42039	
42041	
42043	
42045	
42049	
42051	
42055	
42063	
42069	
42071	
42073	
42075	
42077	
42079	
42081	
42085	
42089	
42091	
42095	
42097	
42101	
42107	
42111	
42125	
42129	
42133	
44003	
44005	
44007	
44009	
45003	
45007	
45013	
45015	
45019	
45031	
45035	
45041	
45045	
45047	
45051	
45059	
45063	
45073	
45075	
45077	
45079	
45083	
45085	
45091	
46099	
46103	
47001	
47009	
47011	
47037	
47059	
47065	
47093	
47113	
47119	
47125	
47141	
47149	
47155	
47157	
47163	
47165	
47179	
47187	
47189	
48005	
48021	
48027	
48029	
48037	
48039	
48041	
48061	
48085	
48091	
48099	
48113	
48121	
48135	
48139	
48141	
48157	
48167	
48181	
48183	
48187	
48201	
48209	
48213	
48215	
48231	
48245	
48251	
48257	
48291	
48303	
48309	
48329	
48339	
48355	
48361	
48367	
48375	
48381	
48397	
48409	
48423	
48439	
48441	
48451	
48453	
48469	
48479	
48485	
48491	
49005	
49011	
49035	
49049	
49053	
49057	
50007	
51003	
51013	
51015	
51019	
51041	
51059	
51061	
51069	
51085	
51087	
51107	
51121	
51153	
51161	
51165	
51177	
51179	
51510	
51550	
51650	
51680	
51700	
51710	
51740	
51760	
51770	
51800	
51810	
53005	
53007	
53009	
53011	
53015	
53021	
53025	
53027	
53029	
53033	
53035	
53041	
53053	
53057	
53061	
53063	
53067	
53073	
53077	
54003	
54011	
54033	
54039	
54061	
54081	
54107	
55009	
55025	
55027	
55035	
55039	
55055	
55059	
55063	
55071	
55073	
55079	
55087	
55089	
55097	
55101	
55105	
55109	
55117	
55127	
55131	
55133	
55139	
55141	
56021	
56025	
