y1_statefips,y2_statefips,y2_state,y2_state_name,n1,n2,AGI
01,96,AL,AL Total Migration US and Foreign,51971,107304,2109108
01,97,AL,AL Total Migration US,50940,105006,2059642
01,98,AL,AL Total Migration Foreign,1031,2298,49465
01,01,AL,AL Non-migrants,1584665,3603439,87222478
01,13,GA,GEORGIA,9920,19470,329213
01,12,FL,FLORIDA,7550,14398,296043
01,47,TN,TENNESSEE,4237,9014,180439
01,48,TX,TEXAS,4121,8950,177351
01,28,MS,MISSISSIPPI,2868,6433,106796
01,06,CA,CALIFORNIA,1902,3593,80336
01,37,NC,NORTH CAROLINA,1881,4010,79090
01,22,LA,LOUISIANA,1514,3210,64656
01,51,VA,VIRGINIA,1378,2990,74722
01,45,SC,SOUTH CAROLINA,1096,2538,61022
01,57,FR,Foreign,1031,2298,49465
01,17,IL,ILLINOIS,979,2126,38224
01,26,MI,MICHIGAN,976,1946,33224
01,39,OH,OHIO,955,1995,38206
01,36,NY,NEW YORK,924,1744,35229
01,21,KY,KENTUCKY,829,1891,36402
01,08,CO,COLORADO,725,1489,37232
01,53,WA,WASHINGTON,718,1617,34658
01,18,IN,INDIANA,707,1545,23747
01,29,MO,MISSOURI,629,1297,22810
01,42,PA,PENNSYLVANIA,572,1150,26202
01,04,AZ,ARIZONA,548,1121,24245
01,24,MD,MARYLAND,531,1039,25979
01,05,AR,ARKANSAS,494,1123,22667
01,40,OK,OKLAHOMA,470,1083,19193
01,20,KS,KANSAS,424,1029,17875
01,32,NV,NEVADA,331,563,18510
01,25,MA,MASSACHUSETTS,328,595,13109
01,55,WI,WISCONSIN,309,722,13449
01,34,NJ,NEW JERSEY,286,575,11648
01,27,MN,MINNESOTA,214,430,8834
01,41,OR,OREGON,213,431,8961
01,15,HI,HAWAII,212,485,10166
01,19,IA,IOWA,212,475,8642
01,02,AK,ALASKA,201,456,8516
01,35,NM,NEW MEXICO,193,395,8701
01,49,UT,UTAH,184,446,8976
01,31,NE,NEBRASKA,173,452,6919
01,54,WV,WEST VIRGINIA,166,354,6093
01,09,CT,CONNECTICUT,148,280,6520
01,56,WY,WYOMING,121,220,5274
01,16,ID,IDAHO,90,188,3706
01,11,DC,DISTRICT OF COLUMBIA,89,131,4499
01,46,SD,SOUTH DAKOTA,79,149,2488
01,33,NH,NEW HAMPSHIRE,78,146,3794
01,30,MT,MONTANA,77,141,2866
01,38,ND,NORTH DAKOTA,75,168,3239
01,23,ME,MAINE,70,131,3084
01,10,DE,DELAWARE,60,118,2567
01,44,RI,RHODE ISLAND,49,95,2289
01,50,VT,VERMONT,34,59,1229
02,96,AK,AK Total Migration US and Foreign,19446,38204,978632
02,97,AK,AK Total Migration US,18811,36955,950156
02,98,AK,AK Total Migration Foreign,635,1249,28477
02,02,AK,AK Non-migrants,258223,547464,18646593
02,53,WA,WASHINGTON,2045,3809,113398
02,48,TX,TEXAS,1642,3619,111067
02,06,CA,CALIFORNIA,1635,3084,73670
02,12,FL,FLORIDA,1270,2165,54539
02,41,OR,OREGON,906,1617,45162
02,04,AZ,ARIZONA,866,1670,51737
02,08,CO,COLORADO,746,1442,40445
02,57,FR,Foreign,635,1249,28477
02,13,GA,GEORGIA,504,1050,19723
02,16,ID,IDAHO,494,1057,25658
02,37,NC,NORTH CAROLINA,485,1097,21487
02,32,NV,NEVADA,485,889,27618
02,36,NY,NEW YORK,436,760,16328
02,15,HI,HAWAII,391,790,16974
02,51,VA,VIRGINIA,380,867,19505
02,49,UT,UTAH,338,775,19356
02,26,MI,MICHIGAN,333,630,15379
02,30,MT,MONTANA,332,628,19387
02,27,MN,MINNESOTA,320,578,16593
02,42,PA,PENNSYLVANIA,317,556,12827
02,29,MO,MISSOURI,293,640,12757
02,22,LA,LOUISIANA,277,542,11006
02,39,OH,OHIO,275,518,11320
02,35,NM,NEW MEXICO,268,540,13559
02,17,IL,ILLINOIS,256,468,10188
02,47,TN,TENNESSEE,247,523,12072
02,40,OK,OKLAHOMA,237,606,13969
02,55,WI,WISCONSIN,235,433,10406
02,01,AL,ALABAMA,227,553,10230
02,45,SC,SOUTH CAROLINA,215,465,10281
02,20,KS,KANSAS,198,504,9618
02,24,MD,MARYLAND,195,363,10638
02,56,WY,WYOMING,177,327,10120
02,18,IN,INDIANA,171,339,7654
02,46,SD,SOUTH DAKOTA,152,258,7673
02,38,ND,NORTH DAKOTA,150,298,7320
02,05,AR,ARKANSAS,146,335,7123
02,21,KY,KENTUCKY,144,340,6414
02,25,MA,MASSACHUSETTS,135,257,5489
02,34,NJ,NEW JERSEY,131,223,5482
02,19,IA,IOWA,117,213,6040
02,31,NE,NEBRASKA,99,193,4861
02,28,MS,MISSISSIPPI,99,184,4935
02,23,ME,MAINE,98,187,4154
02,09,CT,CONNECTICUT,80,122,2864
02,33,NH,NEW HAMPSHIRE,73,116,3088
02,54,WV,WEST VIRGINIA,53,98,2694
02,11,DC,DISTRICT OF COLUMBIA,52,72,2835
02,50,VT,VERMONT,40,61,2125
02,10,DE,DELAWARE,25,51,1510
02,44,RI,RHODE ISLAND,21,43,873
04,96,AZ,AZ Total Migration US and Foreign,91135,175887,4426745
04,97,AZ,AZ Total Migration US,88221,169664,4283129
04,98,AZ,AZ Total Migration Foreign,2914,6223,143617
04,04,AZ,AZ Non-migrants,2121852,4832574,123282304
04,06,CA,CALIFORNIA,18138,34588,886444
04,48,TX,TEXAS,7770,16088,395153
04,08,CO,COLORADO,4572,8884,293938
04,53,WA,WASHINGTON,4438,8369,217924
04,12,FL,FLORIDA,4041,6958,196121
04,32,NV,NEVADA,3520,7004,180091
04,35,NM,NEW MEXICO,3251,7358,121239
04,17,IL,ILLINOIS,2958,5246,139822
04,57,FR,Foreign,2914,6223,143617
04,41,OR,OREGON,2538,4667,113795
04,49,UT,UTAH,2388,5519,98985
04,36,NY,NEW YORK,2233,3585,131196
04,26,MI,MICHIGAN,2218,3996,87893
04,39,OH,OHIO,1782,3309,83974
04,37,NC,NORTH CAROLINA,1704,3426,83332
04,27,MN,MINNESOTA,1665,2943,88683
04,13,GA,GEORGIA,1637,3107,79332
04,51,VA,VIRGINIA,1593,3211,94597
04,42,PA,PENNSYLVANIA,1438,2584,69042
04,55,WI,WISCONSIN,1409,2442,70262
04,29,MO,MISSOURI,1288,2461,56910
04,16,ID,IDAHO,1102,2435,49929
04,18,IN,INDIANA,1088,2068,46919
04,47,TN,TENNESSEE,1083,2212,30158
04,40,OK,OKLAHOMA,1025,2123,42021
04,20,KS,KANSAS,945,1956,38461
04,19,IA,IOWA,900,1667,40291
04,24,MD,MARYLAND,832,1571,43842
04,34,NJ,NEW JERSEY,822,1413,39476
04,15,HI,HAWAII,809,1526,35430
04,25,MA,MASSACHUSETTS,793,1308,41270
04,30,MT,MONTANA,749,1354,32242
04,31,NE,NEBRASKA,722,1391,31003
04,45,SC,SOUTH CAROLINA,633,1293,32059
04,02,AK,ALASKA,589,1063,30166
04,22,LA,LOUISIANA,585,1186,25056
04,56,WY,WYOMING,566,1104,24607
04,05,AR,ARKANSAS,536,1101,22324
04,38,ND,NORTH DAKOTA,530,1025,28326
04,21,KY,KENTUCKY,515,1037,22792
04,01,AL,ALABAMA,515,1054,29965
04,46,SD,SOUTH DAKOTA,466,845,20261
04,09,CT,CONNECTICUT,417,693,28351
04,28,MS,MISSISSIPPI,273,532,10430
04,33,NH,NEW HAMPSHIRE,247,429,10056
04,23,ME,MAINE,214,389,8767
04,11,DC,DISTRICT OF COLUMBIA,179,241,8251
04,54,WV,WEST VIRGINIA,161,289,6292
04,44,RI,RHODE ISLAND,120,227,5071
04,50,VT,VERMONT,114,184,4850
04,10,DE,DELAWARE,110,203,5727
05,96,AR,AR Total Migration US and Foreign,33258,67366,1426549
05,97,AR,AR Total Migration US,32742,66354,1404757
05,98,AR,AR Total Migration Foreign,516,1012,21793
05,05,AR,AR Non-migrants,944195,2141981,50556605
05,48,TX,TEXAS,6654,13618,316301
05,40,OK,OKLAHOMA,2909,6434,105972
05,29,MO,MISSOURI,2642,5533,91144
05,47,TN,TENNESSEE,2045,3986,79921
05,12,FL,FLORIDA,2009,3583,102245
05,06,CA,CALIFORNIA,1710,3271,62789
05,22,LA,LOUISIANA,1351,2835,54211
05,28,MS,MISSISSIPPI,1061,2261,37834
05,17,IL,ILLINOIS,995,1951,41163
05,13,GA,GEORGIA,977,1988,46682
05,08,CO,COLORADO,656,1328,34172
05,37,NC,NORTH CAROLINA,633,1316,25762
05,20,KS,KANSAS,603,1258,20194
05,04,AZ,ARIZONA,576,1114,20415
05,57,FR,Foreign,516,1012,21793
05,01,AL,ALABAMA,507,1080,26362
05,26,MI,MICHIGAN,497,1002,17517
05,51,VA,VIRGINIA,495,934,22439
05,53,WA,WASHINGTON,463,946,20974
05,39,OH,OHIO,449,947,24755
05,36,NY,NEW YORK,442,800,17517
05,18,IN,INDIANA,427,889,15332
05,42,PA,PENNSYLVANIA,392,772,23053
05,21,KY,KENTUCKY,347,771,15159
05,55,WI,WISCONSIN,325,635,13950
05,27,MN,MINNESOTA,321,653,16611
05,45,SC,SOUTH CAROLINA,299,602,12254
05,32,NV,NEVADA,282,541,12430
05,19,IA,IOWA,251,521,9347
05,41,OR,OREGON,219,421,7704
05,35,NM,NEW MEXICO,218,420,8282
05,24,MD,MARYLAND,216,400,10307
05,31,NE,NEBRASKA,201,427,7370
05,34,NJ,NEW JERSEY,186,347,17661
05,49,UT,UTAH,146,336,7375
05,25,MA,MASSACHUSETTS,136,236,13336
05,02,AK,ALASKA,134,278,4863
05,56,WY,WYOMING,110,220,4794
05,16,ID,IDAHO,103,225,3574
05,15,HI,HAWAII,99,198,3543
05,54,WV,WEST VIRGINIA,91,180,3809
05,38,ND,NORTH DAKOTA,91,202,5372
05,30,MT,MONTANA,90,205,3459
05,46,SD,SOUTH DAKOTA,85,170,2861
05,09,CT,CONNECTICUT,75,142,4940
05,23,ME,MAINE,45,74,1588
05,11,DC,DISTRICT OF COLUMBIA,44,61,2207
05,10,DE,DELAWARE,43,87,1570
05,33,NH,NEW HAMPSHIRE,41,73,2236
05,44,RI,RHODE ISLAND,32,60,1043
05,50,VT,VERMONT,19,23,361
06,96,CA,CA Total Migration US and Foreign,266673,496085,15556716
06,97,CA,CA Total Migration US,252373,468496,14519801
06,98,CA,CA Total Migration Foreign,14300,27589,1036914
06,06,CA,CA Non-migrants,13084530,30080010,949129595
06,48,TX,TEXAS,27381,55278,1693828
06,32,NV,NEVADA,19313,36506,972459
06,04,AZ,ARIZONA,18897,37085,946689
06,53,WA,WASHINGTON,17062,33005,1111687
06,12,FL,FLORIDA,14514,24087,906197
06,57,FR,Foreign,14300,27589,1036914
06,36,NY,NEW YORK,13473,19106,1030492
06,41,OR,OREGON,12838,23290,657897
06,08,CO,COLORADO,10183,18620,624790
06,17,IL,ILLINOIS,7870,13675,448842
06,51,VA,VIRGINIA,7413,14976,498076
06,13,GA,GEORGIA,7194,13146,343534
06,37,NC,NORTH CAROLINA,6222,12659,350812
06,15,HI,HAWAII,5567,10139,323572
06,49,UT,UTAH,5030,11016,280410
06,25,MA,MASSACHUSETTS,4886,7532,335713
06,42,PA,PENNSYLVANIA,4553,7627,285508
06,26,MI,MICHIGAN,4383,7750,236032
06,39,OH,OHIO,4011,7143,224542
06,34,NJ,NEW JERSEY,3994,7131,330299
06,24,MD,MARYLAND,3839,6875,244777
06,16,ID,IDAHO,3790,7770,189646
06,47,TN,TENNESSEE,3608,6896,187880
06,29,MO,MISSOURI,3525,6571,166663
06,27,MN,MINNESOTA,3132,5707,169864
06,40,OK,OKLAHOMA,3089,6359,120680
06,35,NM,NEW MEXICO,2875,5368,143522
06,18,IN,INDIANA,2657,5216,139191
06,22,LA,LOUISIANA,2477,4495,113051
06,55,WI,WISCONSIN,2414,4469,127680
06,20,KS,KANSAS,2195,4425,83500
06,45,SC,SOUTH CAROLINA,2123,4095,108042
06,05,AR,ARKANSAS,1976,4095,77038
06,09,CT,CONNECTICUT,1885,3187,153717
06,01,AL,ALABAMA,1701,3451,80533
06,19,IA,IOWA,1689,3431,67249
06,30,MT,MONTANA,1671,3138,89956
06,02,AK,ALASKA,1619,3070,58351
06,21,KY,KENTUCKY,1539,2950,68411
06,11,DC,DISTRICT OF COLUMBIA,1483,1837,89725
06,31,NE,NEBRASKA,1374,2878,59369
06,28,MS,MISSISSIPPI,1154,2257,50700
06,56,WY,WYOMING,1008,1830,72841
06,33,NH,NEW HAMPSHIRE,817,1338,52670
06,46,SD,SOUTH DAKOTA,793,1449,42966
06,38,ND,NORTH DAKOTA,710,1363,26348
06,23,ME,MAINE,630,1038,34472
06,44,RI,RHODE ISLAND,605,1146,37016
06,50,VT,VERMONT,408,616,19025
06,10,DE,DELAWARE,406,712,28451
06,54,WV,WEST VIRGINIA,397,693,15090
08,96,CO,CO Total Migration US and Foreign,77566,149540,4144907
08,97,CO,CO Total Migration US,75396,144925,4014705
08,98,CO,CO Total Migration Foreign,2170,4615,130202
08,08,CO,CO Non-migrants,1795419,3943762,130572239
08,06,CA,CALIFORNIA,8999,16571,488695
08,48,TX,TEXAS,8638,18240,501745
08,12,FL,FLORIDA,4678,8487,278661
08,04,AZ,ARIZONA,4405,8530,241555
08,53,WA,WASHINGTON,2656,5064,154665
08,57,FR,Foreign,2170,4615,130202
08,35,NM,NEW MEXICO,2157,4301,90016
08,17,IL,ILLINOIS,2038,3576,96854
08,56,WY,WYOMING,1993,3802,97867
08,36,NY,NEW YORK,1930,3076,115512
08,51,VA,VIRGINIA,1862,3911,114885
08,13,GA,GEORGIA,1747,3519,83695
08,20,KS,KANSAS,1726,3532,74309
08,37,NC,NORTH CAROLINA,1680,3379,83555
08,41,OR,OREGON,1668,2890,81590
08,49,UT,UTAH,1644,3766,99545
08,32,NV,NEVADA,1624,2988,78768
08,29,MO,MISSOURI,1510,2961,67549
08,40,OK,OKLAHOMA,1498,3149,71677
08,26,MI,MICHIGAN,1470,2663,74348
08,31,NE,NEBRASKA,1467,2918,61303
08,39,OH,OHIO,1388,2590,74854
08,27,MN,MINNESOTA,1368,2414,75139
08,42,PA,PENNSYLVANIA,1347,2338,85216
08,47,TN,TENNESSEE,1043,2081,52270
08,55,WI,WISCONSIN,1023,1844,46074
08,19,IA,IOWA,986,1821,44499
08,25,MA,MASSACHUSETTS,891,1426,50376
08,24,MD,MARYLAND,879,1731,57511
08,30,MT,MONTANA,871,1597,40434
08,15,HI,HAWAII,817,1626,37283
08,18,IN,INDIANA,810,1538,39141
08,16,ID,IDAHO,739,1582,36741
08,22,LA,LOUISIANA,721,1483,46106
08,45,SC,SOUTH CAROLINA,715,1407,36232
08,38,ND,NORTH DAKOTA,654,1343,38178
08,46,SD,SOUTH DAKOTA,642,1159,28474
08,01,AL,ALABAMA,624,1335,37114
08,34,NJ,NEW JERSEY,623,1169,42762
08,02,AK,ALASKA,589,1156,25889
08,05,AR,ARKANSAS,567,1144,25875
08,21,KY,KENTUCKY,524,1138,23280
08,28,MS,MISSISSIPPI,433,778,17318
08,09,CT,CONNECTICUT,390,661,31635
08,33,NH,NEW HAMPSHIRE,306,498,14632
08,23,ME,MAINE,259,442,11160
08,11,DC,DISTRICT OF COLUMBIA,251,346,14005
08,50,VT,VERMONT,178,274,6779
08,54,WV,WEST VIRGINIA,154,307,6567
08,44,RI,RHODE ISLAND,118,207,7888
08,10,DE,DELAWARE,96,167,4476
09,96,CT,CT Total Migration US and Foreign,46576,79787,5188463
09,97,CT,CT Total Migration US,44807,76481,4986716
09,98,CT,CT Total Migration Foreign,1769,3306,201747
09,09,CT,CT Non-migrants,1367856,2870405,133130211
09,36,NY,NEW YORK,8462,12979,1074969
09,12,FL,FLORIDA,6475,11437,1612598
09,25,MA,MASSACHUSETTS,4924,7767,329041
09,06,CA,CALIFORNIA,2554,4242,254122
09,34,NJ,NEW JERSEY,1965,3471,148798
09,57,FR,Foreign,1769,3306,201747
09,48,TX,TEXAS,1729,3196,157148
09,37,NC,NORTH CAROLINA,1698,3347,136296
09,42,PA,PENNSYLVANIA,1559,2766,105768
09,51,VA,VIRGINIA,1413,2667,141667
09,44,RI,RHODE ISLAND,1260,2051,86223
09,13,GA,GEORGIA,1246,2292,76063
09,45,SC,SOUTH CAROLINA,1011,1891,82052
09,24,MD,MARYLAND,839,1435,57612
09,17,IL,ILLINOIS,814,1471,87153
09,33,NH,NEW HAMPSHIRE,705,1214,60376
09,23,ME,MAINE,631,1109,36899
09,04,AZ,ARIZONA,630,1108,68527
09,08,CO,COLORADO,601,990,60016
09,39,OH,OHIO,541,1053,42074
09,53,WA,WASHINGTON,512,987,43876
09,50,VT,VERMONT,495,774,27928
09,26,MI,MICHIGAN,428,741,29821
09,47,TN,TENNESSEE,424,769,29855
09,11,DC,DISTRICT OF COLUMBIA,305,352,16788
09,27,MN,MINNESOTA,267,491,19315
09,18,IN,INDIANA,263,493,17809
09,32,NV,NEVADA,242,412,18546
09,15,HI,HAWAII,229,371,12380
09,55,WI,WISCONSIN,227,446,16269
09,29,MO,MISSOURI,224,410,15656
09,01,AL,ALABAMA,224,451,10054
09,41,OR,OREGON,203,344,12353
09,22,LA,LOUISIANA,184,299,-954
09,21,KY,KENTUCKY,178,323,12813
09,49,UT,UTAH,150,286,16456
09,10,DE,DELAWARE,148,240,8294
09,19,IA,IOWA,118,221,6396
09,35,NM,NEW MEXICO,110,166,7418
09,40,OK,OKLAHOMA,104,200,8148
09,20,KS,KANSAS,102,186,5890
09,02,AK,ALASKA,93,135,3829
09,28,MS,MISSISSIPPI,86,138,5531
09,05,AR,ARKANSAS,74,147,5080
09,54,WV,WEST VIRGINIA,71,111,3421
09,30,MT,MONTANA,61,91,3210
09,31,NE,NEBRASKA,57,123,4305
09,56,WY,WYOMING,50,78,2472
09,46,SD,SOUTH DAKOTA,48,79,1975
09,16,ID,IDAHO,44,86,3397
09,38,ND,NORTH DAKOTA,29,45,983
10,96,DE,DE Total Migration US and Foreign,15487,28145,905176
10,97,DE,DE Total Migration US,15062,27337,880842
10,98,DE,DE Total Migration Foreign,425,808,24333
10,10,DE,DE Non-migrants,335499,711607,21758217
10,42,PA,PENNSYLVANIA,3405,6254,196008
10,24,MD,MARYLAND,2306,4229,98426
10,12,FL,FLORIDA,1357,2321,95828
10,34,NJ,NEW JERSEY,1225,2107,76774
10,36,NY,NEW YORK,974,1518,80661
10,51,VA,VIRGINIA,736,1395,42478
10,48,TX,TEXAS,541,1066,31010
10,37,NC,NORTH CAROLINA,523,962,28701
10,13,GA,GEORGIA,484,885,18878
10,06,CA,CALIFORNIA,461,761,25766
10,57,FR,Foreign,425,808,24333
10,45,SC,SOUTH CAROLINA,239,489,15526
10,17,IL,ILLINOIS,201,406,17379
10,39,OH,OHIO,185,377,10565
10,25,MA,MASSACHUSETTS,175,292,14614
10,04,AZ,ARIZONA,147,286,9016
10,47,TN,TENNESSEE,131,257,9605
10,55,WI,WISCONSIN,131,431,4291
10,09,CT,CONNECTICUT,128,211,9700
10,08,CO,COLORADO,119,202,5445
10,53,WA,WASHINGTON,118,197,6420
10,26,MI,MICHIGAN,108,205,5059
10,11,DC,DISTRICT OF COLUMBIA,101,129,12870
10,54,WV,WEST VIRGINIA,79,130,2895
10,29,MO,MISSOURI,76,138,3343
10,21,KY,KENTUCKY,75,134,3132
10,18,IN,INDIANA,75,131,3237
10,01,AL,ALABAMA,74,183,4034
10,22,LA,LOUISIANA,67,120,3242
10,15,HI,HAWAII,62,114,6084
10,32,NV,NEVADA,61,103,2779
10,27,MN,MINNESOTA,54,111,2883
10,23,ME,MAINE,49,92,3826
10,19,IA,IOWA,47,89,3210
10,33,NH,NEW HAMPSHIRE,46,86,3368
10,46,SD,SOUTH DAKOTA,43,46,366
10,40,OK,OKLAHOMA,42,97,2379
10,28,MS,MISSISSIPPI,42,78,2837
10,49,UT,UTAH,40,84,1756
10,35,NM,NEW MEXICO,40,84,1868
10,20,KS,KANSAS,38,68,1318
10,05,AR,ARKANSAS,37,86,1388
10,41,OR,OREGON,36,52,2839
10,02,AK,ALASKA,32,60,1536
10,50,VT,VERMONT,28,41,2060
10,56,WY,WYOMING,26,46,1432
10,44,RI,RHODE ISLAND,23,32,661
10,31,NE,NEBRASKA,21,49,1056
10,38,ND,NORTH DAKOTA,19,33,676
10,16,ID,IDAHO,18,44,1066
10,30,MT,MONTANA,17,26,551
11,96,DC,DC Total Migration US and Foreign,28683,42957,2060569
11,97,DC,DC Total Migration US,27750,41454,1987764
11,98,DC,DC Total Migration Foreign,933,1503,72804
11,11,DC,DC Non-migrants,237523,399121,21449487
11,24,MD,MARYLAND,9434,16752,562529
11,51,VA,VIRGINIA,4861,6983,405580
11,36,NY,NEW YORK,2010,2425,154969
11,06,CA,CALIFORNIA,1749,2235,171675
11,12,FL,FLORIDA,969,1301,102811
11,57,FR,Foreign,933,1503,72804
11,48,TX,TEXAS,798,1149,55132
11,42,PA,PENNSYLVANIA,775,940,45109
11,25,MA,MASSACHUSETTS,738,900,49132
11,37,NC,NORTH CAROLINA,696,1055,46078
11,17,IL,ILLINOIS,686,825,54795
11,13,GA,GEORGIA,500,669,26985
11,34,NJ,NEW JERSEY,440,553,30869
11,08,CO,COLORADO,303,406,22517
11,53,WA,WASHINGTON,293,435,24404
11,39,OH,OHIO,279,376,21539
11,26,MI,MICHIGAN,272,362,13823
11,45,SC,SOUTH CAROLINA,200,299,10943
11,09,CT,CONNECTICUT,198,257,14015
11,47,TN,TENNESSEE,181,257,11940
11,27,MN,MINNESOTA,164,207,10486
11,55,WI,WISCONSIN,154,191,13003
11,22,LA,LOUISIANA,151,200,8277
11,41,OR,OREGON,148,188,8234
11,04,AZ,ARIZONA,148,219,10044
11,29,MO,MISSOURI,125,167,7769
11,18,IN,INDIANA,125,154,7560
11,01,AL,ALABAMA,115,164,6765
11,10,DE,DELAWARE,110,157,9638
11,32,NV,NEVADA,89,114,4354
11,21,KY,KENTUCKY,88,120,5268
11,23,ME,MAINE,77,107,7059
11,33,NH,NEW HAMPSHIRE,66,84,5171
11,35,NM,NEW MEXICO,65,95,7639
11,15,HI,HAWAII,65,105,5179
11,54,WV,WEST VIRGINIA,64,106,4987
11,50,VT,VERMONT,59,84,3182
11,05,AR,ARKANSAS,58,86,4383
11,44,RI,RHODE ISLAND,57,87,4073
11,28,MS,MISSISSIPPI,57,83,2873
11,02,AK,ALASKA,54,79,2752
11,40,OK,OKLAHOMA,51,78,2850
11,19,IA,IOWA,46,58,2274
11,20,KS,KANSAS,43,70,3584
11,49,UT,UTAH,41,66,2830
11,16,ID,IDAHO,31,53,3731
11,30,MT,MONTANA,29,36,2381
11,31,NE,NEBRASKA,28,38,1536
11,56,WY,WYOMING,23,30,2799
11,46,SD,SOUTH DAKOTA,21,28,1403
11,38,ND,NORTH DAKOTA,16,21,839
12,96,FL,FL Total Migration US and Foreign,313337,516554,13296903
12,97,FL,FL Total Migration US,302232,497242,12836682
12,98,FL,FL Total Migration Foreign,11105,19312,460221
12,12,FL,FL Non-migrants,6986744,14152056,406073818
12,48,TX,TEXAS,32967,49423,1192975
12,13,GA,GEORGIA,29485,50078,1159003
12,36,NY,NEW YORK,25658,39186,1104420
12,06,CA,CALIFORNIA,16879,27248,1003032
12,37,NC,NORTH CAROLINA,15361,27926,635009
12,57,FR,Foreign,11105,19312,460221
12,51,VA,VIRGINIA,11067,20537,523022
12,47,TN,TENNESSEE,10746,18466,446636
12,34,NJ,NEW JERSEY,10383,16836,485151
12,42,PA,PENNSYLVANIA,10361,17396,467023
12,39,OH,OHIO,9676,16449,423470
12,26,MI,MICHIGAN,8764,14676,328860
12,17,IL,ILLINOIS,8141,13309,390866
12,01,AL,ALABAMA,8039,14729,279695
12,25,MA,MASSACHUSETTS,7851,12766,355901
12,45,SC,SOUTH CAROLINA,7305,12670,339070
12,32,NV,NEVADA,6185,7898,196816
12,24,MD,MARYLAND,6006,10162,293042
12,53,WA,WASHINGTON,5651,8764,230903
12,08,CO,COLORADO,5502,9472,271324
12,18,IN,INDIANA,5178,9163,209090
12,04,AZ,ARIZONA,4509,7209,207969
12,09,CT,CONNECTICUT,4153,6877,250325
12,22,LA,LOUISIANA,4069,7002,157489
12,21,KY,KENTUCKY,3824,6874,142542
12,29,MO,MISSOURI,3457,5995,151933
12,55,WI,WISCONSIN,3053,5108,134722
12,56,WY,WYOMING,2960,3289,105934
12,28,MS,MISSISSIPPI,2783,4814,91982
12,27,MN,MINNESOTA,2487,4144,130777
12,33,NH,NEW HAMPSHIRE,2277,3410,93563
12,40,OK,OKLAHOMA,2195,3970,76355
12,46,SD,SOUTH DAKOTA,2143,2469,58538
12,05,AR,ARKANSAS,1847,3313,74652
12,54,WV,WEST VIRGINIA,1842,3032,57232
12,20,KS,KANSAS,1794,3336,75659
12,23,ME,MAINE,1766,2917,74483
12,02,AK,ALASKA,1699,2424,53449
12,41,OR,OREGON,1672,2670,70309
12,15,HI,HAWAII,1467,2746,61379
12,44,RI,RHODE ISLAND,1414,2339,63512
12,19,IA,IOWA,1357,2312,39701
12,35,NM,NEW MEXICO,1337,2284,54097
12,49,UT,UTAH,1185,2279,61297
12,11,DC,DISTRICT OF COLUMBIA,1136,1448,34719
12,31,NE,NEBRASKA,1041,1826,48795
12,10,DE,DELAWARE,981,1660,37449
12,50,VT,VERMONT,784,1239,28392
12,16,ID,IDAHO,631,1079,24694
12,38,ND,NORTH DAKOTA,582,1040,17921
12,30,MT,MONTANA,582,983,21504
13,96,GA,GA Total Migration US and Foreign,145605,280651,6353407
13,97,GA,GA Total Migration US,142111,273335,6154905
13,98,GA,GA Total Migration Foreign,3494,7316,198502
13,13,GA,GA Non-migrants,3297861,7445935,187425957
13,12,FL,FLORIDA,26495,47184,1187484
13,48,TX,TEXAS,11516,23454,517332
13,01,AL,ALABAMA,9726,19988,334270
13,37,NC,NORTH CAROLINA,9146,18228,394913
13,45,SC,SOUTH CAROLINA,8710,17839,362632
13,47,TN,TENNESSEE,7887,15553,335252
13,06,CA,CALIFORNIA,7785,14276,390351
13,36,NY,NEW YORK,6011,10623,230619
13,51,VA,VIRGINIA,5001,10100,253478
13,57,FR,Foreign,3494,7316,198502
13,17,IL,ILLINOIS,3396,6479,158467
13,39,OH,OHIO,3273,6204,150640
13,26,MI,MICHIGAN,2809,5105,89939
13,42,PA,PENNSYLVANIA,2799,5135,120806
13,22,LA,LOUISIANA,2735,5593,97310
13,24,MD,MARYLAND,2691,4998,126745
13,08,CO,COLORADO,2253,4370,114720
13,34,NJ,NEW JERSEY,2247,3982,103336
13,53,WA,WASHINGTON,2238,4846,106446
13,28,MS,MISSISSIPPI,2069,4191,70200
13,21,KY,KENTUCKY,1781,3811,69163
13,04,AZ,ARIZONA,1720,3312,81090
13,18,IN,INDIANA,1698,3371,71867
13,29,MO,MISSOURI,1508,3148,64912
13,25,MA,MASSACHUSETTS,1431,2501,73728
13,40,OK,OKLAHOMA,1124,2522,43572
13,32,NV,NEVADA,1060,1805,38555
13,20,KS,KANSAS,988,2272,42703
13,27,MN,MINNESOTA,969,1821,41083
13,05,AR,ARKANSAS,969,1977,41002
13,55,WI,WISCONSIN,956,1839,50305
13,09,CT,CONNECTICUT,892,1655,44656
13,15,HI,HAWAII,737,1657,31305
13,41,OR,OREGON,693,1232,34973
13,11,DC,DISTRICT OF COLUMBIA,600,816,28244
13,02,AK,ALASKA,587,1202,21639
13,19,IA,IOWA,566,1170,23691
13,49,UT,UTAH,561,1176,25265
13,54,WV,WEST VIRGINIA,474,914,19215
13,35,NM,NEW MEXICO,467,885,17773
13,10,DE,DELAWARE,439,807,16111
13,56,WY,WYOMING,412,573,15646
13,46,SD,SOUTH DAKOTA,408,579,14840
13,31,NE,NEBRASKA,385,815,16736
13,30,MT,MONTANA,349,566,14019
13,33,NH,NEW HAMPSHIRE,333,523,15794
13,23,ME,MAINE,299,562,14131
13,38,ND,NORTH DAKOTA,285,533,9569
13,16,ID,IDAHO,264,483,9388
13,44,RI,RHODE ISLAND,225,433,12727
13,50,VT,VERMONT,144,227,6261
15,96,HI,HI Total Migration US and Foreign,26446,54628,1159687
15,97,HI,HI Total Migration US,24974,51538,1094141
15,98,HI,HI Total Migration Foreign,1472,3090,65546
15,15,HI,HI Non-migrants,519186,1075878,30284132
15,06,CA,CALIFORNIA,5067,9465,224059
15,48,TX,TEXAS,1949,4473,82011
15,53,WA,WASHINGTON,1850,3945,79236
15,57,FR,Foreign,1472,3090,65546
15,12,FL,FLORIDA,1346,2640,59007
15,32,NV,NEVADA,1124,2099,48618
15,51,VA,VIRGINIA,1076,2611,61265
15,08,CO,COLORADO,857,1770,43519
15,41,OR,OREGON,827,1529,34750
15,04,AZ,ARIZONA,808,1732,37415
15,37,NC,NORTH CAROLINA,765,1826,32888
15,13,GA,GEORGIA,750,1782,28052
15,36,NY,NEW YORK,724,1270,27390
15,24,MD,MARYLAND,499,1137,28577
15,17,IL,ILLINOIS,463,891,19802
15,49,UT,UTAH,395,908,16960
15,29,MO,MISSOURI,380,866,14317
15,45,SC,SOUTH CAROLINA,361,862,14932
15,02,AK,ALASKA,358,780,13438
15,39,OH,OHIO,356,662,13683
15,42,PA,PENNSYLVANIA,337,602,13850
15,47,TN,TENNESSEE,328,736,15146
15,26,MI,MICHIGAN,317,618,11892
15,25,MA,MASSACHUSETTS,271,433,10798
15,01,AL,ALABAMA,270,665,12070
15,40,OK,OKLAHOMA,269,634,11440
15,20,KS,KANSAS,255,651,10839
15,34,NJ,NEW JERSEY,238,436,10848
15,18,IN,INDIANA,235,486,11179
15,27,MN,MINNESOTA,225,387,10836
15,22,LA,LOUISIANA,211,505,7700
15,16,ID,IDAHO,200,400,10128
15,21,KY,KENTUCKY,192,506,9289
15,55,WI,WISCONSIN,187,310,7781
15,09,CT,CONNECTICUT,169,312,7976
15,35,NM,NEW MEXICO,163,298,5646
15,19,IA,IOWA,135,275,4615
15,05,AR,ARKANSAS,130,289,3309
15,28,MS,MISSISSIPPI,130,286,5633
15,30,MT,MONTANA,121,209,4337
15,31,NE,NEBRASKA,94,205,4004
15,33,NH,NEW HAMPSHIRE,74,131,3981
15,23,ME,MAINE,67,133,2970
15,38,ND,NORTH DAKOTA,61,124,2132
15,44,RI,RHODE ISLAND,60,130,3469
15,56,WY,WYOMING,59,114,2197
15,46,SD,SOUTH DAKOTA,56,108,2350
15,11,DC,DISTRICT OF COLUMBIA,52,84,3596
15,54,WV,WEST VIRGINIA,49,100,1755
15,10,DE,DELAWARE,39,81,1579
15,50,VT,VERMONT,25,42,877
16,96,ID,ID Total Migration US and Foreign,23936,50517,1091700
16,97,ID,ID Total Migration US,23425,49394,1068395
16,98,ID,ID Total Migration Foreign,511,1123,23305
16,16,ID,ID Non-migrants,517231,1236568,27123376
16,53,WA,WASHINGTON,4021,7977,169917
16,06,CA,CALIFORNIA,2715,5600,229239
16,49,UT,UTAH,2474,5835,89369
16,41,OR,OREGON,1988,4136,67427
16,48,TX,TEXAS,1229,2779,52149
16,04,AZ,ARIZONA,1119,2351,46668
16,32,NV,NEVADA,1003,2133,43255
16,30,MT,MONTANA,882,1853,31330
16,08,CO,COLORADO,809,1631,37105
16,12,FL,FLORIDA,651,1180,35107
16,56,WY,WYOMING,616,1447,26344
16,57,FR,Foreign,511,1123,23305
16,38,ND,NORTH DAKOTA,496,1152,18330
16,02,AK,ALASKA,360,755,17338
16,13,GA,GEORGIA,325,588,11549
16,37,NC,NORTH CAROLINA,275,622,10821
16,51,VA,VIRGINIA,271,586,12807
16,36,NY,NEW YORK,252,497,10151
16,17,IL,ILLINOIS,252,522,10420
16,42,PA,PENNSYLVANIA,232,433,7179
16,27,MN,MINNESOTA,229,445,9105
16,29,MO,MISSOURI,219,485,8688
16,15,HI,HAWAII,215,443,8187
16,35,NM,NEW MEXICO,205,459,9520
16,47,TN,TENNESSEE,180,431,9583
16,26,MI,MICHIGAN,178,360,7442
16,20,KS,KANSAS,165,381,10544
16,39,OH,OHIO,163,364,6337
16,40,OK,OKLAHOMA,161,344,5147
16,31,NE,NEBRASKA,148,361,4505
16,55,WI,WISCONSIN,142,288,6439
16,19,IA,IOWA,131,273,4708
16,18,IN,INDIANA,131,272,5230
16,46,SD,SOUTH DAKOTA,115,235,4778
16,05,AR,ARKANSAS,112,241,3907
16,45,SC,SOUTH CAROLINA,111,229,4266
16,24,MD,MARYLAND,105,222,4570
16,01,AL,ALABAMA,98,225,3713
16,22,LA,LOUISIANA,94,190,4114
16,21,KY,KENTUCKY,91,197,2708
16,25,MA,MASSACHUSETTS,91,173,4360
16,34,NJ,NEW JERSEY,70,115,2415
16,28,MS,MISSISSIPPI,50,117,1502
16,09,CT,CONNECTICUT,45,85,1593
16,23,ME,MAINE,43,75,1326
16,33,NH,NEW HAMPSHIRE,39,73,1515
16,11,DC,DISTRICT OF COLUMBIA,36,45,1376
16,50,VT,VERMONT,32,65,1814
16,54,WV,WEST VIRGINIA,31,76,1416
16,10,DE,DELAWARE,13,29,744
16,44,RI,RHODE ISLAND,12,19,336
17,96,IL,IL Total Migration US and Foreign,131327,242073,8353124
17,97,IL,IL Total Migration US,127660,235096,8059740
17,98,IL,IL Total Migration Foreign,3667,6977,293384
17,17,IL,IL Non-migrants,4783295,10682155,338836806
17,12,FL,FLORIDA,11859,20667,1107490
17,18,IN,INDIANA,10609,21350,504254
17,06,CA,CALIFORNIA,10596,18282,763314
17,48,TX,TEXAS,9641,19801,638728
17,55,WI,WISCONSIN,8862,16953,484484
17,29,MO,MISSOURI,8117,14385,364532
17,26,MI,MICHIGAN,5361,9472,371178
17,19,IA,IOWA,4815,9259,208335
17,04,AZ,ARIZONA,4448,8050,293740
17,36,NY,NEW YORK,4200,6173,272726
17,13,GA,GEORGIA,4182,7920,216408
17,57,FR,Foreign,3667,6977,293384
17,39,OH,OHIO,3337,6113,224405
17,08,CO,COLORADO,3305,5550,200732
17,47,TN,TENNESSEE,3120,6179,167153
17,27,MN,MINNESOTA,2748,5089,163821
17,37,NC,NORTH CAROLINA,2746,5466,188570
17,51,VA,VIRGINIA,2579,4896,200907
17,53,WA,WASHINGTON,2224,3886,160815
17,42,PA,PENNSYLVANIA,2008,3641,147899
17,21,KY,KENTUCKY,1956,3888,93303
17,32,NV,NEVADA,1690,3021,119070
17,34,NJ,NEW JERSEY,1600,2885,127079
17,25,MA,MASSACHUSETTS,1547,2412,123038
17,24,MD,MARYLAND,1339,2372,96395
17,05,AR,ARKANSAS,1210,2502,58673
17,45,SC,SOUTH CAROLINA,1169,2258,82977
17,20,KS,KANSAS,1126,2159,60775
17,28,MS,MISSISSIPPI,1056,2129,35464
17,01,AL,ALABAMA,1011,1905,52113
17,41,OR,OREGON,992,1602,56201
17,22,LA,LOUISIANA,963,1661,39583
17,40,OK,OKLAHOMA,886,1792,38278
17,31,NE,NEBRASKA,685,1343,38325
17,09,CT,CONNECTICUT,672,1227,64550
17,11,DC,DISTRICT OF COLUMBIA,599,730,36201
17,35,NM,NEW MEXICO,590,1066,33390
17,49,UT,UTAH,553,1103,45226
17,15,HI,HAWAII,488,869,24098
17,30,MT,MONTANA,307,550,16830
17,46,SD,SOUTH DAKOTA,301,546,17122
17,38,ND,NORTH DAKOTA,291,540,12082
17,02,AK,ALASKA,260,474,11145
17,33,NH,NEW HAMPSHIRE,257,493,16718
17,16,ID,IDAHO,255,492,15061
17,54,WV,WEST VIRGINIA,233,455,10933
17,56,WY,WYOMING,232,395,9071
17,10,DE,DELAWARE,181,334,11758
17,23,ME,MAINE,171,269,10830
17,44,RI,RHODE ISLAND,167,303,16223
17,50,VT,VERMONT,116,189,7737
18,96,IN,IN Total Migration US and Foreign,63189,122071,2997169
18,97,IN,IN Total Migration US,62068,120007,2944398
18,98,IN,IN Total Migration Foreign,1121,2064,52772
18,18,IN,IN Non-migrants,2337677,5269060,132778726
18,17,IL,ILLINOIS,8869,17242,348818
18,12,FL,FLORIDA,6668,12009,369494
18,21,KY,KENTUCKY,5134,9949,252954
18,39,OH,OHIO,4643,8867,196077
18,26,MI,MICHIGAN,4262,8525,217530
18,48,TX,TEXAS,3810,7786,175842
18,06,CA,CALIFORNIA,2983,5330,146276
18,47,TN,TENNESSEE,2315,4774,99829
18,13,GA,GEORGIA,1961,3947,81486
18,37,NC,NORTH CAROLINA,1605,3245,83819
18,04,AZ,ARIZONA,1545,2934,122183
18,29,MO,MISSOURI,1265,2710,58742
18,08,CO,COLORADO,1247,2319,61960
18,57,FR,Foreign,1121,2064,52772
18,36,NY,NEW YORK,1117,1968,45519
18,51,VA,VIRGINIA,1112,2041,52669
18,55,WI,WISCONSIN,1110,2216,54061
18,42,PA,PENNSYLVANIA,998,1819,47457
18,45,SC,SOUTH CAROLINA,903,1849,45495
18,53,WA,WASHINGTON,883,1637,41679
18,01,AL,ALABAMA,748,1578,31040
18,27,MN,MINNESOTA,728,1444,34213
18,32,NV,NEVADA,602,1064,24288
18,24,MD,MARYLAND,576,1019,27071
18,19,IA,IOWA,527,1106,22601
18,22,LA,LOUISIANA,521,1058,19654
18,20,KS,KANSAS,456,988,22902
18,40,OK,OKLAHOMA,448,1006,19452
18,28,MS,MISSISSIPPI,448,881,14498
18,34,NJ,NEW JERSEY,444,836,29257
18,05,AR,ARKANSAS,441,908,18027
18,25,MA,MASSACHUSETTS,435,754,31163
18,41,OR,OREGON,429,721,18526
18,35,NM,NEW MEXICO,256,463,13121
18,49,UT,UTAH,251,591,12585
18,54,WV,WEST VIRGINIA,237,502,9760
18,09,CT,CONNECTICUT,232,411,12563
18,31,NE,NEBRASKA,229,493,12948
18,15,HI,HAWAII,218,409,6962
18,11,DC,DISTRICT OF COLUMBIA,164,210,7253
18,38,ND,NORTH DAKOTA,151,328,5710
18,46,SD,SOUTH DAKOTA,145,283,9028
18,16,ID,IDAHO,143,310,5807
18,02,AK,ALASKA,140,268,5117
18,56,WY,WYOMING,135,262,5693
18,30,MT,MONTANA,127,240,4643
18,33,NH,NEW HAMPSHIRE,113,194,6299
18,23,ME,MAINE,101,172,4663
18,10,DE,DELAWARE,74,133,3331
18,50,VT,VERMONT,65,106,2175
18,44,RI,RHODE ISLAND,54,102,2157
19,96,IA,IA Total Migration US and Foreign,32560,60807,1486913
19,97,IA,IA Total Migration US,31984,59828,1463558
19,98,IA,IA Total Migration Foreign,576,979,23354
19,19,IA,IA Non-migrants,1116098,2458641,68465294
19,17,IL,ILLINOIS,3928,7063,147579
19,31,NE,NEBRASKA,3087,6005,119102
19,27,MN,MINNESOTA,2500,4506,113166
19,48,TX,TEXAS,2121,4136,93372
19,29,MO,MISSOURI,1888,3718,85581
19,12,FL,FLORIDA,1630,2934,117719
19,06,CA,CALIFORNIA,1572,2849,72796
19,55,WI,WISCONSIN,1376,2574,62249
19,08,CO,COLORADO,1318,2252,61557
19,04,AZ,ARIZONA,1220,2243,60122
19,46,SD,SOUTH DAKOTA,1091,2076,51246
19,20,KS,KANSAS,731,1438,37933
19,53,WA,WASHINGTON,598,1046,21280
19,13,GA,GEORGIA,587,1106,24807
19,37,NC,NORTH CAROLINA,580,1119,33654
19,57,FR,Foreign,576,979,23354
19,26,MI,MICHIGAN,554,1102,33235
19,18,IN,INDIANA,529,1098,21098
19,39,OH,OHIO,489,959,25115
19,36,NY,NEW YORK,470,759,16913
19,47,TN,TENNESSEE,417,830,21791
19,51,VA,VIRGINIA,404,743,18448
19,40,OK,OKLAHOMA,379,774,16464
19,42,PA,PENNSYLVANIA,337,636,15987
19,05,AR,ARKANSAS,325,682,12646
19,41,OR,OREGON,319,587,13230
19,32,NV,NEVADA,303,581,13527
19,21,KY,KENTUCKY,236,485,11795
19,24,MD,MARYLAND,227,427,13065
19,45,SC,SOUTH CAROLINA,223,442,12674
19,38,ND,NORTH DAKOTA,209,433,9343
19,01,AL,ALABAMA,208,407,9393
19,49,UT,UTAH,196,460,8800
19,22,LA,LOUISIANA,190,338,6706
19,25,MA,MASSACHUSETTS,185,269,17105
19,34,NJ,NEW JERSEY,183,319,8376
19,35,NM,NEW MEXICO,149,271,6292
19,56,WY,WYOMING,133,271,5100
19,28,MS,MISSISSIPPI,132,250,4736
19,30,MT,MONTANA,123,214,4992
19,16,ID,IDAHO,119,270,5060
19,33,NH,NEW HAMPSHIRE,113,150,4565
19,09,CT,CONNECTICUT,110,193,6196
19,15,HI,HAWAII,108,185,3402
19,54,WV,WEST VIRGINIA,104,163,2511
19,02,AK,ALASKA,91,165,2968
19,11,DC,DISTRICT OF COLUMBIA,68,88,3385
19,23,ME,MAINE,43,76,2250
19,10,DE,DELAWARE,29,48,1458
19,50,VT,VERMONT,26,41,1485
19,44,RI,RHODE ISLAND,26,47,1284
20,96,KS,KS Total Migration US and Foreign,42718,87361,2060210
20,97,KS,KS Total Migration US,41742,85030,2007786
20,98,KS,KS Total Migration Foreign,976,2331,52424
20,20,KS,KS Non-migrants,1007495,2273639,65378690
20,29,MO,MISSOURI,9601,17698,406104
20,48,TX,TEXAS,4707,10161,233844
20,40,OK,OKLAHOMA,2932,6352,135614
20,08,CO,COLORADO,2294,4522,95240
20,06,CA,CALIFORNIA,2214,4316,84170
20,12,FL,FLORIDA,1954,3638,105955
20,31,NE,NEBRASKA,1180,2392,53756
20,04,AZ,ARIZONA,1103,2299,58544
20,17,IL,ILLINOIS,1062,2028,60124
20,13,GA,GEORGIA,1038,2380,48011
20,57,FR,Foreign,976,2331,52424
20,53,WA,WASHINGTON,942,2129,49246
20,37,NC,NORTH CAROLINA,909,2198,47806
20,51,VA,VIRGINIA,751,1876,42030
20,19,IA,IOWA,729,1504,37532
20,05,AR,ARKANSAS,665,1356,27090
20,36,NY,NEW YORK,652,1201,26990
20,47,TN,TENNESSEE,634,1453,32600
20,39,OH,OHIO,533,1094,29010
20,27,MN,MINNESOTA,498,981,25835
20,26,MI,MICHIGAN,493,955,21746
20,18,IN,INDIANA,431,958,22168
20,41,OR,OREGON,404,790,17313
20,45,SC,SOUTH CAROLINA,399,958,22210
20,42,PA,PENNSYLVANIA,397,774,26393
20,01,AL,ALABAMA,388,976,16998
20,22,LA,LOUISIANA,367,814,15388
20,32,NV,NEVADA,363,702,18826
20,35,NM,NEW MEXICO,349,719,14010
20,55,WI,WISCONSIN,343,692,15856
20,24,MD,MARYLAND,332,727,18462
20,21,KY,KENTUCKY,310,712,12095
20,15,HI,HAWAII,249,633,11813
20,46,SD,SOUTH DAKOTA,245,503,12725
20,49,UT,UTAH,244,544,10724
20,34,NJ,NEW JERSEY,228,428,13163
20,28,MS,MISSISSIPPI,228,476,7788
20,25,MA,MASSACHUSETTS,214,351,9682
20,02,AK,ALASKA,192,448,8209
20,56,WY,WYOMING,188,382,70483
20,16,ID,IDAHO,165,371,6973
20,30,MT,MONTANA,156,311,7256
20,09,CT,CONNECTICUT,139,265,6556
20,38,ND,NORTH DAKOTA,129,248,5497
20,11,DC,DISTRICT OF COLUMBIA,78,105,2600
20,23,ME,MAINE,75,145,3771
20,54,WV,WEST VIRGINIA,66,138,2280
20,33,NH,NEW HAMPSHIRE,58,101,2657
20,10,DE,DELAWARE,44,99,1703
20,44,RI,RHODE ISLAND,43,77,2189
20,50,VT,VERMONT,27,50,751
21,96,KY,KY Total Migration US and Foreign,45680,92376,1951103
21,97,KY,KY Total Migration US,44979,90813,1920948
21,98,KY,KY Total Migration Foreign,701,1563,30155
21,21,KY,KY Non-migrants,1453375,3244052,78580986
21,39,OH,OHIO,5903,11300,223695
21,18,IN,INDIANA,5183,10290,186866
21,47,TN,TENNESSEE,4996,10575,188064
21,12,FL,FLORIDA,4536,8094,221408
21,48,TX,TEXAS,2507,5484,117402
21,13,GA,GEORGIA,2014,4355,81675
21,17,IL,ILLINOIS,1661,3279,96801
21,06,CA,CALIFORNIA,1564,2962,66824
21,37,NC,NORTH CAROLINA,1474,3102,61002
21,51,VA,VIRGINIA,1298,2780,59312
21,26,MI,MICHIGAN,1122,2296,42830
21,01,AL,ALABAMA,931,2133,39704
21,45,SC,SOUTH CAROLINA,862,1869,43474
21,29,MO,MISSOURI,821,1723,35296
21,36,NY,NEW YORK,808,1521,34267
21,54,WV,WEST VIRGINIA,717,1504,27519
21,42,PA,PENNSYLVANIA,710,1462,37238
21,57,FR,Foreign,701,1563,30155
21,08,CO,COLORADO,681,1525,44212
21,04,AZ,ARIZONA,611,1251,29427
21,53,WA,WASHINGTON,584,1198,25579
21,22,LA,LOUISIANA,488,986,17271
21,24,MD,MARYLAND,454,886,24308
21,28,MS,MISSISSIPPI,373,780,15729
21,55,WI,WISCONSIN,354,685,14325
21,40,OK,OKLAHOMA,353,750,11554
21,20,KS,KANSAS,350,819,13730
21,05,AR,ARKANSAS,325,682,12412
21,25,MA,MASSACHUSETTS,301,516,13842
21,34,NJ,NEW JERSEY,273,515,14708
21,27,MN,MINNESOTA,271,600,13776
21,19,IA,IOWA,255,552,11179
21,32,NV,NEVADA,240,401,10088
21,41,OR,OREGON,215,392,11489
21,15,HI,HAWAII,215,512,8715
21,35,NM,NEW MEXICO,157,312,6170
21,02,AK,ALASKA,145,351,5413
21,31,NE,NEBRASKA,135,300,5172
21,16,ID,IDAHO,130,284,5464
21,49,UT,UTAH,127,296,7005
21,09,CT,CONNECTICUT,121,200,5845
21,11,DC,DISTRICT OF COLUMBIA,94,133,5164
21,30,MT,MONTANA,88,171,2983
21,56,WY,WYOMING,87,152,2470
21,38,ND,NORTH DAKOTA,86,167,2515
21,33,NH,NEW HAMPSHIRE,74,139,4035
21,46,SD,SOUTH DAKOTA,72,138,4338
21,23,ME,MAINE,67,126,2424
21,50,VT,VERMONT,53,88,1945
21,10,DE,DELAWARE,47,89,1795
21,44,RI,RHODE ISLAND,46,88,2488
22,96,LA,LA Total Migration US and Foreign,45307,90424,1998980
22,97,LA,LA Total Migration US,44471,88700,1957722
22,98,LA,LA Total Migration Foreign,836,1724,41258
22,22,LA,LA Non-migrants,1494882,3326865,85336631
22,48,TX,TEXAS,13431,27834,637903
22,12,FL,FLORIDA,3529,6350,157398
22,28,MS,MISSISSIPPI,3512,7337,133364
22,13,GA,GEORGIA,2526,4984,83544
22,06,CA,CALIFORNIA,2267,3974,89566
22,05,AR,ARKANSAS,1355,2851,52356
22,01,AL,ALABAMA,1323,2743,66179
22,47,TN,TENNESSEE,1232,2484,58290
22,37,NC,NORTH CAROLINA,1158,2559,54294
22,51,VA,VIRGINIA,994,2012,50195
22,36,NY,NEW YORK,965,1617,34251
22,57,FR,Foreign,836,1724,41258
22,08,CO,COLORADO,831,1674,40396
22,17,IL,ILLINOIS,762,1377,37278
22,40,OK,OKLAHOMA,750,1686,35618
22,29,MO,MISSOURI,714,1440,30373
22,42,PA,PENNSYLVANIA,612,1140,32006
22,53,WA,WASHINGTON,611,1230,25858
22,39,OH,OHIO,606,1205,28249
22,26,MI,MICHIGAN,596,1093,21337
22,04,AZ,ARIZONA,538,1074,20137
22,45,SC,SOUTH CAROLINA,527,1124,22845
22,18,IN,INDIANA,434,830,17609
22,21,KY,KENTUCKY,422,912,18007
22,24,MD,MARYLAND,412,793,19363
22,20,KS,KANSAS,392,909,19387
22,32,NV,NEVADA,343,620,14844
22,34,NJ,NEW JERSEY,333,575,14938
22,25,MA,MASSACHUSETTS,311,465,11770
22,35,NM,NEW MEXICO,267,514,11674
22,55,WI,WISCONSIN,224,434,8013
22,41,OR,OREGON,222,383,8957
22,27,MN,MINNESOTA,208,348,7133
22,15,HI,HAWAII,204,460,7575
22,02,AK,ALASKA,175,410,9242
22,19,IA,IOWA,157,315,5963
22,38,ND,NORTH DAKOTA,153,337,7045
22,09,CT,CONNECTICUT,151,269,8601
22,49,UT,UTAH,150,317,10089
22,31,NE,NEBRASKA,148,327,5947
22,11,DC,DISTRICT OF COLUMBIA,138,191,5924
22,54,WV,WEST VIRGINIA,135,275,6196
22,56,WY,WYOMING,116,218,5787
22,16,ID,IDAHO,99,240,5149
22,30,MT,MONTANA,86,173,3490
22,33,NH,NEW HAMPSHIRE,76,119,2885
22,46,SD,SOUTH DAKOTA,73,134,2815
22,23,ME,MAINE,67,112,2925
22,10,DE,DELAWARE,58,101,2248
22,44,RI,RHODE ISLAND,42,77,1456
22,50,VT,VERMONT,36,54,1254
23,96,ME,ME Total Migration US and Foreign,14921,24908,703394
23,97,ME,ME Total Migration US,14561,24274,688572
23,98,ME,ME Total Migration Foreign,360,634,14823
23,23,ME,ME Non-migrants,497401,1011920,27437953
23,12,FL,FLORIDA,2288,3803,136394
23,33,NH,NEW HAMPSHIRE,1797,2913,76988
23,25,MA,MASSACHUSETTS,1782,2684,95661
23,36,NY,NEW YORK,736,1151,35701
23,06,CA,CALIFORNIA,691,1057,31187
23,48,TX,TEXAS,610,1013,26584
23,37,NC,NORTH CAROLINA,529,994,22483
23,09,CT,CONNECTICUT,447,751,20332
23,51,VA,VIRGINIA,439,798,19601
23,42,PA,PENNSYLVANIA,397,651,18579
23,13,GA,GEORGIA,389,686,16563
23,57,FR,Foreign,360,634,14823
23,08,CO,COLORADO,287,440,10496
23,04,AZ,ARIZONA,264,474,13943
23,45,SC,SOUTH CAROLINA,264,491,11574
23,50,VT,VERMONT,261,450,9198
23,24,MD,MARYLAND,259,446,11295
23,53,WA,WASHINGTON,210,394,8591
23,34,NJ,NEW JERSEY,206,334,10191
23,39,OH,OHIO,200,333,8731
23,47,TN,TENNESSEE,188,332,6756
23,44,RI,RHODE ISLAND,180,301,6202
23,17,IL,ILLINOIS,158,253,6093
23,26,MI,MICHIGAN,150,282,7762
23,41,OR,OREGON,130,220,5286
23,27,MN,MINNESOTA,107,196,4491
23,02,AK,ALASKA,101,179,3817
23,21,KY,KENTUCKY,95,203,3094
23,15,HI,HAWAII,94,183,3007
23,55,WI,WISCONSIN,89,181,5896
23,49,UT,UTAH,89,155,4235
23,01,AL,ALABAMA,87,164,4759
23,18,IN,INDIANA,86,171,4071
23,32,NV,NEVADA,84,135,2788
23,22,LA,LOUISIANA,84,146,2674
23,29,MO,MISSOURI,78,134,3387
23,35,NM,NEW MEXICO,73,105,2539
23,30,MT,MONTANA,70,114,3752
23,11,DC,DISTRICT OF COLUMBIA,63,74,3016
23,40,OK,OKLAHOMA,61,109,2335
23,20,KS,KANSAS,48,95,1300
23,19,IA,IOWA,48,90,1723
23,56,WY,WYOMING,48,72,1922
23,16,ID,IDAHO,43,88,2730
23,05,AR,ARKANSAS,41,79,2367
23,28,MS,MISSISSIPPI,37,68,1633
23,10,DE,DELAWARE,37,62,2064
23,54,WV,WEST VIRGINIA,36,64,1077
23,31,NE,NEBRASKA,34,60,1268
23,38,ND,NORTH DAKOTA,33,54,1062
23,46,SD,SOUTH DAKOTA,33,42,1373
24,96,MD,MD Total Migration US and Foreign,84380,152235,5305284
24,97,MD,MD Total Migration US,81624,146657,5134998
24,98,MD,MD Total Migration Foreign,2756,5578,170287
24,24,MD,MD Non-migrants,2151774,4597056,172514937
24,51,VA,VIRGINIA,12836,22917,896607
24,11,DC,DISTRICT OF COLUMBIA,8842,14648,463724
24,12,FL,FLORIDA,7285,12665,600253
24,42,PA,PENNSYLVANIA,7086,12646,384998
24,06,CA,CALIFORNIA,4369,7601,305426
24,36,NY,NEW YORK,4336,6732,254714
24,37,NC,NORTH CAROLINA,4073,7851,236818
24,48,TX,TEXAS,3820,7689,226650
24,10,DE,DELAWARE,3030,5629,170133
24,57,FR,Foreign,2756,5578,170287
24,13,GA,GEORGIA,2749,5215,138635
24,34,NJ,NEW JERSEY,2098,3712,131574
24,54,WV,WEST VIRGINIA,2049,3889,93108
24,45,SC,SOUTH CAROLINA,1648,3091,107449
24,39,OH,OHIO,1364,2590,85319
24,25,MA,MASSACHUSETTS,1326,2151,98567
24,17,IL,ILLINOIS,1239,2143,78395
24,08,CO,COLORADO,1173,2162,83355
24,47,TN,TENNESSEE,1029,1986,58716
24,53,WA,WASHINGTON,1008,1952,66147
24,04,AZ,ARIZONA,980,1882,61483
24,26,MI,MICHIGAN,895,1618,54347
24,09,CT,CONNECTICUT,588,1053,41841
24,18,IN,INDIANA,568,1081,31712
24,01,AL,ALABAMA,557,1065,33861
24,22,LA,LOUISIANA,494,885,27228
24,29,MO,MISSOURI,462,860,26136
24,15,HI,HAWAII,460,971,32849
24,32,NV,NEVADA,450,776,41551
24,21,KY,KENTUCKY,440,921,25898
24,27,MN,MINNESOTA,381,713,27706
24,55,WI,WISCONSIN,358,663,24746
24,41,OR,OREGON,355,605,20894
24,49,UT,UTAH,287,612,20367
24,40,OK,OKLAHOMA,284,552,13105
24,20,KS,KANSAS,282,592,18532
24,35,NM,NEW MEXICO,261,532,19264
24,23,ME,MAINE,253,469,19614
24,28,MS,MISSISSIPPI,244,466,11744
24,33,NH,NEW HAMPSHIRE,239,406,19785
24,05,AR,ARKANSAS,199,438,11328
24,19,IA,IOWA,184,360,11353
24,44,RI,RHODE ISLAND,172,292,9838
24,31,NE,NEBRASKA,156,296,9235
24,50,VT,VERMONT,136,227,9792
24,02,AK,ALASKA,136,264,6498
24,30,MT,MONTANA,102,172,5960
24,38,ND,NORTH DAKOTA,94,178,3961
24,16,ID,IDAHO,89,167,6040
24,56,WY,WYOMING,83,140,4078
24,46,SD,SOUTH DAKOTA,75,132,3666
25,96,MA,MA Total Migration US and Foreign,75810,121986,5263200
25,97,MA,MA Total Migration US,72255,116038,5027591
25,98,MA,MA Total Migration Foreign,3555,5948,235609
25,25,MA,MA Non-migrants,2506803,5155990,218108553
25,12,FL,FLORIDA,9781,16347,839146
25,36,NY,NEW YORK,8032,11222,524407
25,33,NH,NEW HAMPSHIRE,6983,11419,482202
25,06,CA,CALIFORNIA,6602,10035,582924
25,44,RI,RHODE ISLAND,4055,6433,248066
25,09,CT,CONNECTICUT,3958,6341,238032
25,57,FR,Foreign,3555,5948,235609
25,48,TX,TEXAS,3087,5289,209546
25,34,NJ,NEW JERSEY,2272,3660,155580
25,37,NC,NORTH CAROLINA,2208,4133,143319
25,42,PA,PENNSYLVANIA,2184,3494,128262
25,51,VA,VIRGINIA,2118,3634,141599
25,23,ME,MAINE,2100,3376,146647
25,13,GA,GEORGIA,1523,2686,86253
25,17,IL,ILLINOIS,1496,2318,107106
25,24,MD,MARYLAND,1297,2115,84067
25,08,CO,COLORADO,1212,1881,97622
25,50,VT,VERMONT,1074,1650,60928
25,53,WA,WASHINGTON,1069,1648,71967
25,04,AZ,ARIZONA,1056,1747,68398
25,45,SC,SOUTH CAROLINA,1045,1869,69255
25,39,OH,OHIO,954,1701,65109
25,11,DC,DISTRICT OF COLUMBIA,779,922,50652
25,26,MI,MICHIGAN,750,1225,49603
25,47,TN,TENNESSEE,636,1138,38468
25,41,OR,OREGON,558,847,39143
25,27,MN,MINNESOTA,483,821,34531
25,32,NV,NEVADA,425,642,27133
25,55,WI,WISCONSIN,369,674,21968
25,18,IN,INDIANA,365,657,21890
25,29,MO,MISSOURI,360,599,27436
25,22,LA,LOUISIANA,354,537,15245
25,15,HI,HAWAII,290,440,14983
25,49,UT,UTAH,277,492,18029
25,35,NM,NEW MEXICO,261,384,12846
25,01,AL,ALABAMA,251,438,11867
25,21,KY,KENTUCKY,229,381,11912
25,40,OK,OKLAHOMA,183,295,8038
25,02,AK,ALASKA,183,283,7273
25,19,IA,IOWA,176,312,8136
25,20,KS,KANSAS,173,280,7176
25,10,DE,DELAWARE,158,254,8728
25,28,MS,MISSISSIPPI,140,246,5364
25,05,AR,ARKANSAS,130,225,6874
25,56,WY,WYOMING,117,155,5469
25,30,MT,MONTANA,104,151,6434
25,16,ID,IDAHO,104,171,4879
25,31,NE,NEBRASKA,98,162,5879
25,54,WV,WEST VIRGINIA,89,150,3245
25,46,SD,SOUTH DAKOTA,68,101,2806
25,38,ND,NORTH DAKOTA,39,58,1151
26,96,MI,MI Total Migration US and Foreign,81949,147331,3937084
26,97,MI,MI Total Migration US,79647,142910,3760837
26,98,MI,MI Total Migration Foreign,2302,4421,176247
26,26,MI,MI Non-migrants,3584920,7754876,210119214
26,12,FL,FLORIDA,10680,18558,585636
26,48,TX,TEXAS,6045,11639,278773
26,06,CA,CALIFORNIA,5822,9389,264838
26,17,IL,ILLINOIS,5246,8536,254756
26,39,OH,OHIO,5169,9746,220851
26,18,IN,INDIANA,4335,8416,183267
26,13,GA,GEORGIA,3529,6402,130167
26,04,AZ,ARIZONA,2834,5021,138257
26,37,NC,NORTH CAROLINA,2773,5422,138363
26,47,TN,TENNESSEE,2711,5233,122732
26,36,NY,NEW YORK,2483,4066,120137
26,57,FR,Foreign,2302,4421,176247
26,55,WI,WISCONSIN,2263,4041,104467
26,08,CO,COLORADO,1972,3287,92402
26,51,VA,VIRGINIA,1937,3463,102435
26,42,PA,PENNSYLVANIA,1640,2849,94063
26,21,KY,KENTUCKY,1532,3229,73891
26,53,WA,WASHINGTON,1447,2515,70034
26,45,SC,SOUTH CAROLINA,1293,2407,66140
26,29,MO,MISSOURI,1135,2101,48352
26,24,MD,MARYLAND,1116,1911,55855
26,27,MN,MINNESOTA,1083,2013,53739
26,01,AL,ALABAMA,1063,2099,38535
26,32,NV,NEVADA,1048,1739,54760
26,25,MA,MASSACHUSETTS,844,1311,48740
26,34,NJ,NEW JERSEY,778,1324,48074
26,22,LA,LOUISIANA,678,1239,24704
26,41,OR,OREGON,658,1054,29200
26,40,OK,OKLAHOMA,573,1070,17932
26,19,IA,IOWA,556,1188,27210
26,28,MS,MISSISSIPPI,545,1008,18681
26,20,KS,KANSAS,536,1016,26694
26,05,AR,ARKANSAS,521,1032,17090
26,49,UT,UTAH,400,868,19809
26,38,ND,NORTH DAKOTA,390,741,14024
26,11,DC,DISTRICT OF COLUMBIA,378,450,12147
26,02,AK,ALASKA,375,698,13725
26,09,CT,CONNECTICUT,374,683,23302
26,35,NM,NEW MEXICO,358,636,16509
26,56,WY,WYOMING,335,559,15533
26,15,HI,HAWAII,323,559,12086
26,54,WV,WEST VIRGINIA,273,510,9989
26,31,NE,NEBRASKA,268,535,12595
26,30,MT,MONTANA,254,476,8774
26,46,SD,SOUTH DAKOTA,216,406,9937
26,23,ME,MAINE,195,315,9268
26,16,ID,IDAHO,180,363,7500
26,33,NH,NEW HAMPSHIRE,154,259,9687
26,10,DE,DELAWARE,145,245,6142
26,50,VT,VERMONT,95,146,4499
26,44,RI,RHODE ISLAND,89,137,4534
27,96,MN,MN Total Migration US and Foreign,49291,88549,2893111
27,97,MN,MN Total Migration US,48009,86162,2793381
27,98,MN,MN Total Migration Foreign,1282,2387,99730
27,27,MN,MN Non-migrants,1998905,4363263,142359148
27,55,WI,WISCONSIN,6048,10703,282063
27,38,ND,NORTH DAKOTA,4148,6876,168156
27,06,CA,CALIFORNIA,3504,6099,207537
27,12,FL,FLORIDA,3379,6116,377848
27,48,TX,TEXAS,3173,6270,191758
27,17,IL,ILLINOIS,2470,4434,134309
27,04,AZ,ARIZONA,2280,4080,148520
27,19,IA,IOWA,2151,4232,95001
27,46,SD,SOUTH DAKOTA,1681,3040,74781
27,08,CO,COLORADO,1654,2751,97406
27,57,FR,Foreign,1282,2387,99730
27,53,WA,WASHINGTON,1264,2297,77149
27,36,NY,NEW YORK,1178,1819,67741
27,13,GA,GEORGIA,1030,1908,58639
27,26,MI,MICHIGAN,903,1698,62110
27,37,NC,NORTH CAROLINA,876,1681,57547
27,51,VA,VIRGINIA,777,1372,50719
27,29,MO,MISSOURI,752,1401,39929
27,39,OH,OHIO,673,1268,46391
27,42,PA,PENNSYLVANIA,661,1134,39958
27,18,IN,INDIANA,638,1220,30594
27,41,OR,OREGON,606,1034,34570
27,47,TN,TENNESSEE,568,1061,43914
27,31,NE,NEBRASKA,553,1053,23443
27,32,NV,NEVADA,516,866,28392
27,25,MA,MASSACHUSETTS,513,821,35130
27,20,KS,KANSAS,472,937,22249
27,30,MT,MONTANA,432,753,20311
27,24,MD,MARYLAND,408,730,24189
27,34,NJ,NEW JERSEY,396,690,27620
27,02,AK,ALASKA,331,556,12559
27,40,OK,OKLAHOMA,325,612,13229
27,21,KY,KENTUCKY,321,635,18105
27,45,SC,SOUTH CAROLINA,305,596,19819
27,49,UT,UTAH,292,621,16972
27,22,LA,LOUISIANA,286,478,10375
27,05,AR,ARKANSAS,285,589,19805
27,35,NM,NEW MEXICO,271,451,18128
27,15,HI,HAWAII,230,401,9703
27,01,AL,ALABAMA,230,428,11236
27,09,CT,CONNECTICUT,219,375,14472
27,16,ID,IDAHO,213,428,10903
27,11,DC,DISTRICT OF COLUMBIA,205,242,9686
27,56,WY,WYOMING,197,330,8586
27,28,MS,MISSISSIPPI,145,288,4988
27,33,NH,NEW HAMPSHIRE,114,190,7179
27,23,ME,MAINE,95,166,6409
27,54,WV,WEST VIRGINIA,65,130,3039
27,10,DE,DELAWARE,63,107,3750
27,44,RI,RHODE ISLAND,57,100,3746
27,50,VT,VERMONT,56,95,2717
28,96,MS,MS Total Migration US and Foreign,34328,70074,1302518
28,97,MS,MS Total Migration US,33663,68821,1280583
28,98,MS,MS Total Migration Foreign,665,1253,21935
28,28,MS,MS Non-migrants,955589,2192151,45239692
28,47,TN,TENNESSEE,5523,11934,198000
28,22,LA,LOUISIANA,3903,8097,142779
28,48,TX,TEXAS,3844,7974,146474
28,01,AL,ALABAMA,2792,6016,112949
28,12,FL,FLORIDA,2788,5082,124329
28,13,GA,GEORGIA,2245,4411,74205
28,06,CA,CALIFORNIA,1279,2449,53290
28,05,AR,ARKANSAS,1030,2266,39007
28,17,IL,ILLINOIS,872,1696,25449
28,37,NC,NORTH CAROLINA,807,1670,33495
28,51,VA,VIRGINIA,743,1593,33403
28,57,FR,Foreign,665,1253,21935
28,29,MO,MISSOURI,573,1237,21627
28,26,MI,MICHIGAN,490,1005,16235
28,39,OH,OHIO,440,911,17043
28,45,SC,SOUTH CAROLINA,417,783,18798
28,40,OK,OKLAHOMA,408,847,13216
28,08,CO,COLORADO,408,816,16714
28,36,NY,NEW YORK,396,696,12898
28,18,IN,INDIANA,362,740,13224
28,04,AZ,ARIZONA,362,701,13490
28,21,KY,KENTUCKY,361,732,16312
28,42,PA,PENNSYLVANIA,324,654,14256
28,53,WA,WASHINGTON,320,637,11785
28,55,WI,WISCONSIN,266,527,6343
28,24,MD,MARYLAND,264,497,9259
28,32,NV,NEVADA,239,447,9785
28,20,KS,KANSAS,224,509,7906
28,34,NJ,NEW JERSEY,179,305,7357
28,27,MN,MINNESOTA,179,356,5398
28,25,MA,MASSACHUSETTS,142,234,6628
28,41,OR,OREGON,141,259,5478
28,19,IA,IOWA,138,307,3590
28,31,NE,NEBRASKA,120,231,4463
28,02,AK,ALASKA,117,207,4305
28,35,NM,NEW MEXICO,116,230,4259
28,15,HI,HAWAII,111,235,4665
28,38,ND,NORTH DAKOTA,91,184,2924
28,49,UT,UTAH,85,236,4081
28,54,WV,WEST VIRGINIA,78,181,2731
28,09,CT,CONNECTICUT,73,139,3343
28,56,WY,WYOMING,62,114,2353
28,16,ID,IDAHO,62,128,4202
28,10,DE,DELAWARE,50,89,1709
28,30,MT,MONTANA,49,101,2533
28,11,DC,DISTRICT OF COLUMBIA,48,72,2307
28,46,SD,SOUTH DAKOTA,43,86,1529
28,23,ME,MAINE,34,64,1757
28,33,NH,NEW HAMPSHIRE,28,54,1092
28,44,RI,RHODE ISLAND,27,57,1024
28,50,VT,VERMONT,10,25,585
29,96,MO,MO Total Migration US and Foreign,66821,127792,3336316
29,97,MO,MO Total Migration US,65421,125039,3262300
29,98,MO,MO Total Migration Foreign,1400,2753,74016
29,29,MO,MO Non-migrants,2086044,4541279,123347957
29,20,KS,KANSAS,9450,17374,436604
29,17,IL,ILLINOIS,6434,11474,265788
29,48,TX,TEXAS,5980,11900,337296
29,12,FL,FLORIDA,4589,8182,316355
29,06,CA,CALIFORNIA,3703,6651,189579
29,05,AR,ARKANSAS,2937,6069,98898
29,08,CO,COLORADO,2135,4111,106643
29,40,OK,OKLAHOMA,2068,4219,79430
29,13,GA,GEORGIA,1721,3381,79975
29,47,TN,TENNESSEE,1622,3255,75543
29,19,IA,IOWA,1619,3244,120334
29,04,AZ,ARIZONA,1605,3142,95180
29,57,FR,Foreign,1400,2753,74016
29,18,IN,INDIANA,1331,2653,59928
29,37,NC,NORTH CAROLINA,1313,2739,67668
29,36,NY,NEW YORK,1249,2130,60318
29,51,VA,VIRGINIA,1235,2470,63997
29,53,WA,WASHINGTON,1200,2294,59636
29,39,OH,OHIO,1156,2240,66561
29,26,MI,MICHIGAN,1088,2153,51124
29,31,NE,NEBRASKA,950,1856,39191
29,21,KY,KENTUCKY,936,1911,45554
29,27,MN,MINNESOTA,852,1668,45566
29,42,PA,PENNSYLVANIA,812,1566,46735
29,55,WI,WISCONSIN,774,1521,35487
29,22,LA,LOUISIANA,764,1534,37556
29,45,SC,SOUTH CAROLINA,646,1344,35113
29,32,NV,NEVADA,643,1165,25246
29,01,AL,ALABAMA,636,1328,29570
29,28,MS,MISSISSIPPI,588,1181,21098
29,41,OR,OREGON,584,1068,23887
29,24,MD,MARYLAND,572,1053,38591
29,25,MA,MASSACHUSETTS,425,682,25379
29,34,NJ,NEW JERSEY,399,688,25579
29,49,UT,UTAH,388,853,16649
29,15,HI,HAWAII,379,808,14796
29,35,NM,NEW MEXICO,355,695,16073
29,46,SD,SOUTH DAKOTA,269,533,11853
29,02,AK,ALASKA,258,569,10384
29,56,WY,WYOMING,233,451,8894
29,09,CT,CONNECTICUT,226,380,17505
29,16,ID,IDAHO,224,513,8523
29,38,ND,NORTH DAKOTA,209,421,8819
29,30,MT,MONTANA,193,354,7232
29,11,DC,DISTRICT OF COLUMBIA,174,219,10352
29,54,WV,WEST VIRGINIA,125,257,7533
29,33,NH,NEW HAMPSHIRE,106,190,5665
29,23,ME,MAINE,95,201,3800
29,10,DE,DELAWARE,74,146,3227
29,44,RI,RHODE ISLAND,52,112,3181
29,50,VT,VERMONT,45,91,2407
30,96,MT,MT Total Migration US and Foreign,15612,28033,659253
30,97,MT,MT Total Migration US,15256,27353,642464
30,98,MT,MT Total Migration Foreign,356,680,16789
30,30,MT,MT Non-migrants,369539,767894,19909671
30,53,WA,WASHINGTON,1703,3012,72220
30,06,CA,CALIFORNIA,1204,2074,51659
30,08,CO,COLORADO,940,1567,42036
30,16,ID,IDAHO,913,1831,34280
30,04,AZ,ARIZONA,858,1496,40415
30,38,ND,NORTH DAKOTA,852,1629,39197
30,41,OR,OREGON,847,1459,28596
30,48,TX,TEXAS,765,1432,35489
30,56,WY,WYOMING,758,1439,53963
30,12,FL,FLORIDA,514,847,16160
30,49,UT,UTAH,473,990,19912
30,32,NV,NEVADA,450,833,19022
30,27,MN,MINNESOTA,390,646,14853
30,57,FR,Foreign,356,680,16789
30,02,AK,ALASKA,320,559,10438
30,13,GA,GEORGIA,291,472,10131
30,37,NC,NORTH CAROLINA,232,395,7956
30,46,SD,SOUTH DAKOTA,223,429,10157
30,36,NY,NEW YORK,211,310,6772
30,51,VA,VIRGINIA,202,404,9889
30,26,MI,MICHIGAN,202,354,6891
30,17,IL,ILLINOIS,193,333,6809
30,55,WI,WISCONSIN,192,369,6670
30,39,OH,OHIO,172,288,5811
30,35,NM,NEW MEXICO,169,315,6027
30,29,MO,MISSOURI,155,293,6840
30,42,PA,PENNSYLVANIA,153,261,5440
30,40,OK,OKLAHOMA,153,321,6016
30,47,TN,TENNESSEE,150,263,7477
30,15,HI,HAWAII,140,227,9095
30,20,KS,KANSAS,126,230,3518
30,19,IA,IOWA,122,232,5425
30,31,NE,NEBRASKA,116,201,3832
30,18,IN,INDIANA,104,184,3697
30,45,SC,SOUTH CAROLINA,95,204,3544
30,24,MD,MARYLAND,89,149,3690
30,01,AL,ALABAMA,84,151,3114
30,25,MA,MASSACHUSETTS,83,119,2952
30,05,AR,ARKANSAS,79,151,2046
30,21,KY,KENTUCKY,78,146,2320
30,22,LA,LOUISIANA,74,127,3370
30,09,CT,CONNECTICUT,59,73,1597
30,34,NJ,NEW JERSEY,57,106,2284
30,23,ME,MAINE,51,79,1560
30,33,NH,NEW HAMPSHIRE,50,80,2081
30,28,MS,MISSISSIPPI,50,90,1616
30,50,VT,VERMONT,40,63,3057
30,54,WV,WEST VIRGINIA,26,47,862
30,11,DC,DISTRICT OF COLUMBIA,22,24,964
30,10,DE,DELAWARE,15,31,513
30,44,RI,RHODE ISLAND,11,18,203
31,96,NE,NE Total Migration US and Foreign,21792,42155,1000615
31,97,NE,NE Total Migration US,21385,41342,982663
31,98,NE,NE Total Migration Foreign,407,813,17952
31,31,NE,NE Non-migrants,668413,1499439,41923011
31,19,IA,IOWA,2884,5687,114762
31,08,CO,COLORADO,1831,3365,80264
31,48,TX,TEXAS,1766,3665,88803
31,06,CA,CALIFORNIA,1277,2327,57918
31,20,KS,KANSAS,1181,2362,55371
31,12,FL,FLORIDA,1084,1887,48069
31,29,MO,MISSOURI,1051,1924,48824
31,46,SD,SOUTH DAKOTA,930,1762,36628
31,04,AZ,ARIZONA,918,1738,28728
31,27,MN,MINNESOTA,691,1349,32139
31,17,IL,ILLINOIS,655,1189,30295
31,56,WY,WYOMING,453,921,18814
31,13,GA,GEORGIA,412,794,17530
31,57,FR,Foreign,407,813,17952
31,53,WA,WASHINGTON,383,737,17128
31,40,OK,OKLAHOMA,366,814,18218
31,51,VA,VIRGINIA,353,737,21057
31,37,NC,NORTH CAROLINA,330,642,16022
31,36,NY,NEW YORK,307,496,11293
31,55,WI,WISCONSIN,303,610,15710
31,32,NV,NEVADA,299,514,17759
31,39,OH,OHIO,283,558,35513
31,47,TN,TENNESSEE,265,522,10611
31,26,MI,MICHIGAN,255,519,12451
31,38,ND,NORTH DAKOTA,236,454,9834
31,05,AR,ARKANSAS,226,478,9941
31,41,OR,OREGON,218,415,11446
31,42,PA,PENNSYLVANIA,206,367,10110
31,18,IN,INDIANA,200,431,9480
31,49,UT,UTAH,170,441,6487
31,24,MD,MARYLAND,165,322,9063
31,35,NM,NEW MEXICO,154,295,11112
31,22,LA,LOUISIANA,147,302,6954
31,45,SC,SOUTH CAROLINA,146,272,6394
31,01,AL,ALABAMA,139,331,6823
31,30,MT,MONTANA,138,267,5124
31,16,ID,IDAHO,119,274,5754
31,21,KY,KENTUCKY,117,233,6765
31,28,MS,MISSISSIPPI,104,223,3970
31,25,MA,MASSACHUSETTS,101,170,5095
31,34,NJ,NEW JERSEY,100,174,4427
31,02,AK,ALASKA,76,148,2720
31,15,HI,HAWAII,71,147,2943
31,09,CT,CONNECTICUT,62,113,3104
31,33,NH,NEW HAMPSHIRE,48,71,3046
31,11,DC,DISTRICT OF COLUMBIA,47,67,2303
31,54,WV,WEST VIRGINIA,34,59,1920
31,23,ME,MAINE,30,48,1284
31,10,DE,DELAWARE,27,72,1326
31,50,VT,VERMONT,17,30,877
31,44,RI,RHODE ISLAND,10,19,454
32,96,NV,NV Total Migration US and Foreign,53765,101992,2387537
32,97,NV,NV Total Migration US,52651,99865,2328335
32,98,NV,NV Total Migration Foreign,1114,2127,59201
32,32,NV,NV Non-migrants,976852,2134827,57377331
32,06,CA,CALIFORNIA,15728,30087,647779
32,48,TX,TEXAS,3804,7361,159166
32,04,AZ,ARIZONA,3427,6904,151693
32,12,FL,FLORIDA,3368,5336,81629
32,53,WA,WASHINGTON,2258,4403,110598
32,49,UT,UTAH,2174,5070,102007
32,08,CO,COLORADO,1725,3327,77962
32,41,OR,OREGON,1576,2963,67568
32,17,IL,ILLINOIS,1238,2146,106919
32,36,NY,NEW YORK,1156,1850,54982
32,57,FR,Foreign,1114,2127,59201
32,16,ID,IDAHO,990,2113,46106
32,26,MI,MICHIGAN,924,1605,35508
32,13,GA,GEORGIA,842,1530,41212
32,15,HI,HAWAII,819,1536,35269
32,39,OH,OHIO,800,1470,36370
32,51,VA,VIRGINIA,781,1533,41016
32,37,NC,NORTH CAROLINA,713,1348,32456
32,35,NM,NEW MEXICO,687,1482,32722
32,42,PA,PENNSYLVANIA,661,1181,32369
32,29,MO,MISSOURI,576,1036,25443
32,47,TN,TENNESSEE,526,963,22988
32,40,OK,OKLAHOMA,522,1076,33795
32,27,MN,MINNESOTA,499,871,22712
32,18,IN,INDIANA,463,869,19067
32,55,WI,WISCONSIN,453,803,34207
32,34,NJ,NEW JERSEY,450,804,22231
32,30,MT,MONTANA,422,796,20974
32,24,MD,MARYLAND,417,750,21343
32,25,MA,MASSACHUSETTS,375,629,20397
32,20,KS,KANSAS,374,733,11078
32,22,LA,LOUISIANA,371,635,14416
32,56,WY,WYOMING,332,686,13814
32,02,AK,ALASKA,317,557,13246
32,45,SC,SOUTH CAROLINA,306,592,15571
32,05,AR,ARKANSAS,278,576,9985
32,31,NE,NEBRASKA,271,548,26505
32,19,IA,IOWA,254,478,8320
32,38,ND,NORTH DAKOTA,240,477,10712
32,01,AL,ALABAMA,236,464,12379
32,21,KY,KENTUCKY,227,429,10369
32,46,SD,SOUTH DAKOTA,217,371,9673
32,09,CT,CONNECTICUT,178,296,3540
32,28,MS,MISSISSIPPI,176,315,5973
32,11,DC,DISTRICT OF COLUMBIA,97,141,4493
32,33,NH,NEW HAMPSHIRE,92,170,8273
32,54,WV,WEST VIRGINIA,83,156,4180
32,23,ME,MAINE,74,132,3020
32,44,RI,RHODE ISLAND,65,120,3004
32,10,DE,DELAWARE,52,91,1996
32,50,VT,VERMONT,37,56,1300
33,96,NH,NH Total Migration US and Foreign,22413,36951,1346890
33,97,NH,NH Total Migration US,21955,36137,1323140
33,98,NH,NH Total Migration Foreign,458,814,23751
33,33,NH,NH Non-migrants,518129,1073956,37925226
33,25,MA,MASSACHUSETTS,6121,9624,436693
33,12,FL,FLORIDA,2556,4161,172343
33,23,ME,MAINE,1996,3307,88756
33,50,VT,VERMONT,1296,2163,46732
33,36,NY,NEW YORK,972,1480,52744
33,06,CA,CALIFORNIA,908,1444,60903
33,48,TX,TEXAS,885,1480,48212
33,37,NC,NORTH CAROLINA,665,1270,40787
33,51,VA,VIRGINIA,508,957,29319
33,09,CT,CONNECTICUT,501,812,67928
33,57,FR,Foreign,458,814,23751
33,42,PA,PENNSYLVANIA,404,746,23068
33,13,GA,GEORGIA,377,624,17021
33,45,SC,SOUTH CAROLINA,348,665,21689
33,08,CO,COLORADO,320,508,15208
33,04,AZ,ARIZONA,316,580,16748
33,53,WA,WASHINGTON,315,459,13417
33,34,NJ,NEW JERSEY,283,471,14196
33,44,RI,RHODE ISLAND,273,434,12501
33,24,MD,MARYLAND,235,378,11534
33,39,OH,OHIO,233,442,13975
33,47,TN,TENNESSEE,208,345,9841
33,17,IL,ILLINOIS,191,321,11519
33,26,MI,MICHIGAN,166,298,8848
33,32,NV,NEVADA,135,211,7574
33,41,OR,OREGON,110,169,5914
33,29,MO,MISSOURI,102,204,5569
33,49,UT,UTAH,99,190,6758
33,15,HI,HAWAII,96,158,5286
33,18,IN,INDIANA,92,161,4067
33,11,DC,DISTRICT OF COLUMBIA,87,105,6070
33,27,MN,MINNESOTA,86,167,4643
33,19,IA,IOWA,85,133,6611
33,21,KY,KENTUCKY,82,154,2989
33,55,WI,WISCONSIN,79,138,4824
33,01,AL,ALABAMA,78,141,3898
33,02,AK,ALASKA,76,102,3176
33,35,NM,NEW MEXICO,73,110,3552
33,40,OK,OKLAHOMA,71,153,2738
33,20,KS,KANSAS,67,123,4459
33,30,MT,MONTANA,65,92,2378
33,22,LA,LOUISIANA,57,82,1826
33,16,ID,IDAHO,47,83,-7769
33,28,MS,MISSISSIPPI,44,83,1976
33,54,WV,WEST VIRGINIA,42,71,2141
33,56,WY,WYOMING,40,62,1430
33,10,DE,DELAWARE,40,66,2138
33,05,AR,ARKANSAS,39,79,2971
33,31,NE,NEBRASKA,38,63,2063
33,46,SD,SOUTH DAKOTA,33,38,1330
33,38,ND,NORTH DAKOTA,15,30,544
34,96,NJ,NJ Total Migration US and Foreign,112077,196355,8244963
34,97,NJ,NJ Total Migration US,107415,187592,7863770
34,98,NJ,NJ Total Migration Foreign,4662,8763,381193
34,34,NJ,NJ Non-migrants,3315529,7259031,283388695
34,36,NY,NEW YORK,25516,40388,2069958
34,42,PA,PENNSYLVANIA,15907,27464,957100
34,12,FL,FLORIDA,14835,26252,1172987
34,06,CA,CALIFORNIA,5777,10275,491073
34,48,TX,TEXAS,4867,8888,334833
34,57,FR,Foreign,4662,8763,381193
34,37,NC,NORTH CAROLINA,4444,8842,272288
34,51,VA,VIRGINIA,3738,6914,225097
34,24,MD,MARYLAND,3252,5769,218852
34,13,GA,GEORGIA,3213,6097,170435
34,25,MA,MASSACHUSETTS,2817,4766,232922
34,45,SC,SOUTH CAROLINA,2117,3963,160699
34,09,CT,CONNECTICUT,2072,3650,181547
34,10,DE,DELAWARE,1931,3439,126773
34,17,IL,ILLINOIS,1841,3349,148876
34,39,OH,OHIO,1320,2642,87579
34,04,AZ,ARIZONA,1249,2282,103911
34,08,CO,COLORADO,1077,1831,109789
34,26,MI,MICHIGAN,908,1703,64207
34,53,WA,WASHINGTON,899,1624,71854
34,47,TN,TENNESSEE,866,1771,51825
34,32,NV,NEVADA,646,1031,44090
34,18,IN,INDIANA,567,1126,46001
34,11,DC,DISTRICT OF COLUMBIA,526,653,29257
34,29,MO,MISSOURI,493,894,42676
34,27,MN,MINNESOTA,455,879,32511
34,33,NH,NEW HAMPSHIRE,425,759,37253
34,01,AL,ALABAMA,417,811,20986
34,44,RI,RHODE ISLAND,415,679,24609
34,22,LA,LOUISIANA,378,663,21751
34,21,KY,KENTUCKY,352,669,19106
34,55,WI,WISCONSIN,345,629,28875
34,23,ME,MAINE,341,608,32321
34,41,OR,OREGON,331,580,27077
34,15,HI,HAWAII,311,559,17521
34,20,KS,KANSAS,288,569,16496
34,49,UT,UTAH,266,587,27135
34,54,WV,WEST VIRGINIA,265,504,12786
34,50,VT,VERMONT,255,381,21623
34,40,OK,OKLAHOMA,247,467,13787
34,35,NM,NEW MEXICO,218,392,15245
34,05,AR,ARKANSAS,202,392,15821
34,19,IA,IOWA,182,342,11016
34,28,MS,MISSISSIPPI,171,304,8091
34,02,AK,ALASKA,132,258,7651
34,31,NE,NEBRASKA,124,221,5498
34,16,ID,IDAHO,97,195,6189
34,30,MT,MONTANA,94,163,5968
34,46,SD,SOUTH DAKOTA,86,144,3501
34,56,WY,WYOMING,72,106,13289
34,38,ND,NORTH DAKOTA,68,118,3037
35,96,NM,NM Total Migration US and Foreign,32617,65435,1492308
35,97,NM,NM Total Migration US,31824,63739,1455812
35,98,NM,NM Total Migration Foreign,793,1696,36496
35,35,NM,NM Non-migrants,708371,1547279,36655792
35,48,TX,TEXAS,7292,15824,326062
35,04,AZ,ARIZONA,3885,8505,150588
35,06,CA,CALIFORNIA,3149,5736,149452
35,08,CO,COLORADO,2899,5670,137754
35,12,FL,FLORIDA,1659,3064,76012
35,53,WA,WASHINGTON,844,1583,43033
35,57,FR,Foreign,793,1696,36496
35,32,NV,NEVADA,732,1368,33676
35,40,OK,OKLAHOMA,709,1508,31120
35,51,VA,VIRGINIA,591,1228,37481
35,41,OR,OREGON,584,1056,26763
35,13,GA,GEORGIA,547,993,22584
35,49,UT,UTAH,539,1242,27170
35,36,NY,NEW YORK,507,780,24383
35,37,NC,NORTH CAROLINA,495,957,23558
35,17,IL,ILLINOIS,473,847,23296
35,39,OH,OHIO,413,765,19078
35,20,KS,KANSAS,379,825,11526
35,29,MO,MISSOURI,361,708,14616
35,26,MI,MICHIGAN,353,639,14337
35,42,PA,PENNSYLVANIA,346,649,16287
35,47,TN,TENNESSEE,314,619,17086
35,24,MD,MARYLAND,299,594,17108
35,18,IN,INDIANA,255,439,9626
35,55,WI,WISCONSIN,248,460,10358
35,22,LA,LOUISIANA,247,440,11237
35,27,MN,MINNESOTA,246,452,19190
35,25,MA,MASSACHUSETTS,238,374,12251
35,45,SC,SOUTH CAROLINA,234,469,11479
35,16,ID,IDAHO,229,502,10799
35,02,AK,ALASKA,225,442,10317
35,01,AL,ALABAMA,219,495,9985
35,56,WY,WYOMING,215,433,10514
35,05,AR,ARKANSAS,210,419,9212
35,30,MT,MONTANA,207,387,10243
35,15,HI,HAWAII,202,368,7500
35,31,NE,NEBRASKA,193,418,7736
35,21,KY,KENTUCKY,153,309,8367
35,19,IA,IOWA,150,301,6482
35,28,MS,MISSISSIPPI,137,284,5789
35,46,SD,SOUTH DAKOTA,135,268,6082
35,34,NJ,NEW JERSEY,126,226,5251
35,38,ND,NORTH DAKOTA,114,282,6315
35,09,CT,CONNECTICUT,103,181,5423
35,33,NH,NEW HAMPSHIRE,84,142,4029
35,54,WV,WEST VIRGINIA,66,111,2844
35,23,ME,MAINE,63,115,4505
35,11,DC,DISTRICT OF COLUMBIA,60,79,3100
35,50,VT,VERMONT,33,62,1880
35,44,RI,RHODE ISLAND,31,63,949
35,10,DE,DELAWARE,31,58,1379
36,96,NY,NY Total Migration US and Foreign,220982,375701,14748239
36,97,NY,NY Total Migration US,209490,356801,13754441
36,98,NY,NY Total Migration Foreign,11492,18900,993799
36,36,NY,NY Non-migrants,7286027,14998711,577612365
36,12,FL,FLORIDA,33519,56541,2143574
36,34,NJ,NEW JERSEY,30974,53445,2332422
36,06,CA,CALIFORNIA,16661,24614,1442751
36,42,PA,PENNSYLVANIA,15880,28224,775924
36,57,FR,Foreign,11492,18900,993799
36,09,CT,CONNECTICUT,10633,18678,1186493
36,48,TX,TEXAS,10400,18107,661549
36,37,NC,NORTH CAROLINA,10233,19162,488183
36,25,MA,MASSACHUSETTS,8673,13004,579143
36,51,VA,VIRGINIA,7645,13434,400684
36,13,GA,GEORGIA,7598,14333,321641
36,24,MD,MARYLAND,5177,8712,311704
36,17,IL,ILLINOIS,4516,6965,355452
36,45,SC,SOUTH CAROLINA,4138,7800,226849
36,39,OH,OHIO,3568,6441,195945
36,04,AZ,ARIZONA,2903,4941,162161
36,26,MI,MICHIGAN,2844,4819,136332
36,08,CO,COLORADO,2783,4489,197894
36,53,WA,WASHINGTON,2642,4368,219238
36,47,TN,TENNESSEE,2340,4221,123495
36,11,DC,DISTRICT OF COLUMBIA,1803,2260,138797
36,32,NV,NEVADA,1659,2602,117534
36,18,IN,INDIANA,1437,2680,71246
36,50,VT,VERMONT,1409,2156,69520
36,44,RI,RHODE ISLAND,1274,2077,63175
36,33,NH,NEW HAMPSHIRE,1249,2008,103085
36,29,MO,MISSOURI,1245,2259,64592
36,27,MN,MINNESOTA,1221,2035,79368
36,41,OR,OREGON,1219,1771,64914
36,10,DE,DELAWARE,1175,1956,64670
36,01,AL,ALABAMA,1175,2350,47715
36,22,LA,LOUISIANA,1170,1950,53389
36,21,KY,KENTUCKY,1024,1982,53669
36,55,WI,WISCONSIN,1021,1742,52899
36,23,ME,MAINE,965,1532,70916
36,15,HI,HAWAII,803,1429,56120
36,40,OK,OKLAHOMA,776,1437,30902
36,49,UT,UTAH,686,1285,44197
36,20,KS,KANSAS,686,1432,34246
36,35,NM,NEW MEXICO,587,945,34981
36,28,MS,MISSISSIPPI,495,931,28260
36,19,IA,IOWA,487,837,22225
36,05,AR,ARKANSAS,465,919,24107
36,54,WV,WEST VIRGINIA,440,809,21608
36,02,AK,ALASKA,438,696,16627
36,31,NE,NEBRASKA,331,577,12380
36,30,MT,MONTANA,283,457,17606
36,46,SD,SOUTH DAKOTA,258,378,9427
36,56,WY,WYOMING,224,357,7899
36,16,ID,IDAHO,205,377,9533
36,38,ND,NORTH DAKOTA,153,277,7401
37,96,NC,NC Total Migration US and Foreign,117792,234976,5419192
37,97,NC,NC Total Migration US,114299,227201,5228442
37,98,NC,NC Total Migration Foreign,3493,7775,190750
37,37,NC,NC Non-migrants,3231903,7307116,187777461
37,12,FL,FLORIDA,13906,26462,649088
37,45,SC,SOUTH CAROLINA,12208,24688,595430
37,51,VA,VIRGINIA,10956,22383,479172
37,13,GA,GEORGIA,8050,15917,344375
37,48,TX,TEXAS,7319,15547,351045
37,36,NY,NEW YORK,6138,11041,250338
37,06,CA,CALIFORNIA,6037,11868,308254
37,47,TN,TENNESSEE,3887,8021,184256
37,42,PA,PENNSYLVANIA,3849,7273,175466
37,57,FR,Foreign,3493,7775,190750
37,24,MD,MARYLAND,3300,6323,145097
37,39,OH,OHIO,3286,6547,164276
37,34,NJ,NEW JERSEY,2473,4648,115201
37,17,IL,ILLINOIS,2235,4354,120963
37,26,MI,MICHIGAN,2203,4326,87385
37,08,CO,COLORADO,1967,3914,111684
37,25,MA,MASSACHUSETTS,1786,3094,84329
37,53,WA,WASHINGTON,1693,3457,77440
37,04,AZ,ARIZONA,1679,3457,79787
37,01,AL,ALABAMA,1603,3542,70304
37,18,IN,INDIANA,1417,2990,63797
37,21,KY,KENTUCKY,1374,2956,58178
37,22,LA,LOUISIANA,1294,2984,49223
37,54,WV,WEST VIRGINIA,1214,2469,41468
37,29,MO,MISSOURI,1181,2479,52100
37,09,CT,CONNECTICUT,994,1860,46669
37,55,WI,WISCONSIN,867,1728,42918
37,40,OK,OKLAHOMA,836,1877,31960
37,27,MN,MINNESOTA,727,1398,40267
37,28,MS,MISSISSIPPI,720,1485,26835
37,15,HI,HAWAII,716,1676,26704
37,11,DC,DISTRICT OF COLUMBIA,712,1003,30814
37,20,KS,KANSAS,708,1600,31917
37,32,NV,NEVADA,692,1241,28912
37,41,OR,OREGON,691,1246,32996
37,05,AR,ARKANSAS,579,1265,22987
37,02,AK,ALASKA,528,1177,18116
37,19,IA,IOWA,507,1077,26251
37,49,UT,UTAH,444,1046,22010
37,35,NM,NEW MEXICO,422,833,16762
37,23,ME,MAINE,422,804,16735
37,33,NH,NEW HAMPSHIRE,417,745,16808
37,10,DE,DELAWARE,403,758,14918
37,44,RI,RHODE ISLAND,312,575,12519
37,31,NE,NEBRASKA,275,578,11185
37,16,ID,IDAHO,253,573,11858
37,30,MT,MONTANA,252,447,9401
37,50,VT,VERMONT,219,410,10300
37,56,WY,WYOMING,192,360,7591
37,46,SD,SOUTH DAKOTA,183,347,6584
37,38,ND,NORTH DAKOTA,173,352,5768
38,96,ND,ND Total Migration US and Foreign,12177,21866,586417
38,97,ND,ND Total Migration US,11840,21227,573768
38,98,ND,ND Total Migration Foreign,337,639,12649
38,38,ND,ND Non-migrants,257259,539483,18549095
38,27,MN,MINNESOTA,3442,5618,143203
38,48,TX,TEXAS,713,1287,33494
38,46,SD,SOUTH DAKOTA,709,1328,34928
38,30,MT,MONTANA,603,1246,29458
38,08,CO,COLORADO,544,949,33845
38,04,AZ,ARIZONA,513,909,30332
38,06,CA,CALIFORNIA,467,830,19670
38,12,FL,FLORIDA,438,727,25287
38,57,FR,Foreign,337,639,12649
38,53,WA,WASHINGTON,318,568,38970
38,55,WI,WISCONSIN,268,471,11656
38,26,MI,MICHIGAN,224,413,9515
38,56,WY,WYOMING,202,418,11271
38,19,IA,IOWA,201,400,8774
38,13,GA,GEORGIA,198,324,8253
38,32,NV,NEVADA,172,340,7173
38,17,IL,ILLINOIS,167,290,8108
38,16,ID,IDAHO,159,364,8218
38,41,OR,OREGON,150,270,6640
38,39,OH,OHIO,146,274,5402
38,51,VA,VIRGINIA,141,279,6906
38,31,NE,NEBRASKA,137,275,5391
38,29,MO,MISSOURI,136,263,5296
38,40,OK,OKLAHOMA,134,272,7742
38,20,KS,KANSAS,125,247,6216
38,42,PA,PENNSYLVANIA,121,230,5307
38,36,NY,NEW YORK,121,196,4319
38,37,NC,NORTH CAROLINA,119,226,5326
38,49,UT,UTAH,111,252,5236
38,47,TN,TENNESSEE,101,189,4469
38,18,IN,INDIANA,91,153,3822
38,02,AK,ALASKA,88,178,3391
38,22,LA,LOUISIANA,80,180,5221
38,45,SC,SOUTH CAROLINA,77,125,3425
38,35,NM,NEW MEXICO,65,143,3257
38,05,AR,ARKANSAS,64,119,3013
38,25,MA,MASSACHUSETTS,62,100,1953
38,01,AL,ALABAMA,58,108,2631
38,24,MD,MARYLAND,52,85,2364
38,28,MS,MISSISSIPPI,45,84,2146
38,34,NJ,NEW JERSEY,44,80,1612
38,21,KY,KENTUCKY,43,84,1765
38,33,NH,NEW HAMPSHIRE,36,50,1381
38,09,CT,CONNECTICUT,33,48,1414
38,15,HI,HAWAII,31,72,1247
38,54,WV,WEST VIRGINIA,28,61,1471
38,23,ME,MAINE,21,32,1903
38,10,DE,DELAWARE,17,34,561
38,50,VT,VERMONT,12,15,377
38,11,DC,DISTRICT OF COLUMBIA,8,9,298
38,44,RI,RHODE ISLAND,5,12,109
39,96,OH,OH Total Migration US and Foreign,97891,178085,5314370
39,97,OH,OH Total Migration US,95669,173725,5180808
39,98,OH,OH Total Migration Foreign,2222,4360,133562
39,39,OH,OH Non-migrants,4313539,9049415,250021075
39,12,FL,FLORIDA,13203,23025,896031
39,21,KY,KENTUCKY,6405,11885,296738
39,48,TX,TEXAS,6178,11612,325662
39,26,MI,MICHIGAN,5548,10496,267874
39,06,CA,CALIFORNIA,5146,8651,291064
39,18,IN,INDIANA,4703,8880,214187
39,42,PA,PENNSYLVANIA,4688,8292,225768
39,37,NC,NORTH CAROLINA,4558,8691,247607
39,13,GA,GEORGIA,4033,7533,189220
39,17,IL,ILLINOIS,3688,6112,229645
39,36,NY,NEW YORK,3225,5252,164353
39,51,VA,VIRGINIA,3160,5992,173050
39,47,TN,TENNESSEE,2963,5633,150114
39,54,WV,WEST VIRGINIA,2890,5537,91580
39,45,SC,SOUTH CAROLINA,2485,4878,141335
39,04,AZ,ARIZONA,2373,4271,124094
39,57,FR,Foreign,2222,4360,133562
39,08,CO,COLORADO,1961,3334,111495
39,24,MD,MARYLAND,1538,2650,83596
39,53,WA,WASHINGTON,1345,2421,73293
39,25,MA,MASSACHUSETTS,1138,1921,103365
39,29,MO,MISSOURI,1118,2159,54823
39,34,NJ,NEW JERSEY,1097,2032,73684
39,01,AL,ALABAMA,1031,2036,41821
39,32,NV,NEVADA,957,1607,45366
39,55,WI,WISCONSIN,940,1753,53718
39,27,MN,MINNESOTA,835,1616,53117
39,22,LA,LOUISIANA,705,1327,30489
39,41,OR,OREGON,638,1060,31492
39,40,OK,OKLAHOMA,575,1123,24494
39,20,KS,KANSAS,572,1129,25530
39,28,MS,MISSISSIPPI,538,962,25537
39,09,CT,CONNECTICUT,499,899,69263
39,05,AR,ARKANSAS,466,954,25777
39,19,IA,IOWA,429,879,25661
39,49,UT,UTAH,406,824,22924
39,35,NM,NEW MEXICO,400,733,20864
39,11,DC,DISTRICT OF COLUMBIA,395,494,18159
39,15,HI,HAWAII,344,630,12791
39,31,NE,NEBRASKA,281,557,13043
39,02,AK,ALASKA,281,471,8797
39,33,NH,NEW HAMPSHIRE,224,375,13229
39,30,MT,MONTANA,218,378,8663
39,16,ID,IDAHO,213,459,13179
39,23,ME,MAINE,210,371,17823
39,10,DE,DELAWARE,206,364,10745
39,46,SD,SOUTH DAKOTA,203,369,9321
39,56,WY,WYOMING,201,303,7440
39,38,ND,NORTH DAKOTA,173,335,6321
39,44,RI,RHODE ISLAND,165,263,8062
39,50,VT,VERMONT,121,197,8602
40,96,OK,OK Total Migration US and Foreign,41083,83791,1811963
40,97,OK,OK Total Migration US,40068,81604,1765536
40,98,OK,OK Total Migration Foreign,1015,2187,46427
40,40,OK,OK Non-migrants,1211375,2744997,73606908
40,48,TX,TEXAS,10628,21692,531384
40,05,AR,ARKANSAS,2713,5777,96328
40,06,CA,CALIFORNIA,2573,4945,85122
40,20,KS,KANSAS,2275,4820,84793
40,12,FL,FLORIDA,2094,3861,98863
40,29,MO,MISSOURI,1861,3754,68127
40,08,CO,COLORADO,1576,3216,85153
40,13,GA,GEORGIA,1025,2072,45119
40,57,FR,Foreign,1015,2187,46427
40,04,AZ,ARIZONA,987,2088,44177
40,53,WA,WASHINGTON,840,1746,34389
40,37,NC,NORTH CAROLINA,807,1779,35584
40,17,IL,ILLINOIS,797,1544,35622
40,47,TN,TENNESSEE,757,1552,30756
40,51,VA,VIRGINIA,691,1506,33510
40,36,NY,NEW YORK,679,1306,23472
40,22,LA,LOUISIANA,624,1277,24040
40,39,OH,OHIO,613,1185,26530
40,35,NM,NEW MEXICO,558,1134,26397
40,26,MI,MICHIGAN,503,975,16419
40,32,NV,NEVADA,480,945,26954
40,42,PA,PENNSYLVANIA,472,952,24824
40,01,AL,ALABAMA,444,989,28273
40,18,IN,INDIANA,442,902,17245
40,41,OR,OREGON,392,709,13535
40,45,SC,SOUTH CAROLINA,365,744,15469
40,21,KY,KENTUCKY,357,783,14233
40,31,NE,NEBRASKA,356,809,16736
40,27,MN,MINNESOTA,324,668,14178
40,24,MD,MARYLAND,316,634,14773
40,19,IA,IOWA,315,629,11143
40,55,WI,WISCONSIN,304,620,14016
40,49,UT,UTAH,295,756,13975
40,02,AK,ALASKA,290,632,12518
40,28,MS,MISSISSIPPI,282,594,10457
40,15,HI,HAWAII,239,603,11053
40,34,NJ,NEW JERSEY,236,432,7541
40,56,WY,WYOMING,203,379,9224
40,16,ID,IDAHO,188,407,8193
40,25,MA,MASSACHUSETTS,185,297,8366
40,38,ND,NORTH DAKOTA,175,358,8670
40,46,SD,SOUTH DAKOTA,157,307,6467
40,30,MT,MONTANA,149,312,6804
40,09,CT,CONNECTICUT,112,199,6629
40,54,WV,WEST VIRGINIA,92,178,5784
40,11,DC,DISTRICT OF COLUMBIA,71,102,3615
40,33,NH,NEW HAMPSHIRE,62,139,2834
40,10,DE,DELAWARE,60,110,2424
40,23,ME,MAINE,56,109,2083
40,44,RI,RHODE ISLAND,27,43,975
40,50,VT,VERMONT,21,34,757
41,96,OR,OR Total Migration US and Foreign,49580,91282,2389153
41,97,OR,OR Total Migration US,48458,89160,2309498
41,98,OR,OR Total Migration Foreign,1122,2122,79654
41,41,OR,OR Non-migrants,1354341,2908142,80869357
41,53,WA,WASHINGTON,11902,22977,579181
41,06,CA,CALIFORNIA,9747,17289,461174
41,04,AZ,ARIZONA,2824,5241,160287
41,48,TX,TEXAS,2251,4268,98722
41,16,ID,IDAHO,2153,4542,84832
41,08,CO,COLORADO,1603,2859,106081
41,32,NV,NEVADA,1508,2760,69145
41,12,FL,FLORIDA,1482,2495,76620
41,57,FR,Foreign,1122,2122,79654
41,36,NY,NEW YORK,955,1342,45960
41,49,UT,UTAH,885,1778,40291
41,30,MT,MONTANA,809,1459,27916
41,02,AK,ALASKA,797,1356,31067
41,15,HI,HAWAII,785,1396,30296
41,17,IL,ILLINOIS,673,1146,37156
41,37,NC,NORTH CAROLINA,635,1203,36026
41,13,GA,GEORGIA,551,1023,22252
41,51,VA,VIRGINIA,521,949,26577
41,27,MN,MINNESOTA,483,846,21934
41,26,MI,MICHIGAN,469,801,18910
41,25,MA,MASSACHUSETTS,452,734,26831
41,42,PA,PENNSYLVANIA,437,733,23194
41,35,NM,NEW MEXICO,416,738,32887
41,39,OH,OHIO,414,730,18434
41,47,TN,TENNESSEE,412,746,16832
41,29,MO,MISSOURI,396,804,14275
41,55,WI,WISCONSIN,379,650,17867
41,40,OK,OKLAHOMA,350,716,12081
41,56,WY,WYOMING,326,640,12365
41,38,ND,NORTH DAKOTA,305,588,11060
41,24,MD,MARYLAND,291,538,14592
41,18,IN,INDIANA,291,554,13191
41,20,KS,KANSAS,279,513,10096
41,22,LA,LOUISIANA,271,451,9569
41,19,IA,IOWA,256,505,9859
41,45,SC,SOUTH CAROLINA,220,389,10085
41,21,KY,KENTUCKY,213,396,9923
41,34,NJ,NEW JERSEY,210,378,9847
41,31,NE,NEBRASKA,205,391,6875
41,05,AR,ARKANSAS,182,364,5998
41,09,CT,CONNECTICUT,151,257,6118
41,46,SD,SOUTH DAKOTA,140,288,6706
41,11,DC,DISTRICT OF COLUMBIA,128,145,6283
41,23,ME,MAINE,124,207,7029
41,01,AL,ALABAMA,121,223,4191
41,33,NH,NEW HAMPSHIRE,111,195,6340
41,50,VT,VERMONT,101,157,3603
41,28,MS,MISSISSIPPI,100,174,3564
41,54,WV,WEST VIRGINIA,66,105,2041
41,44,RI,RHODE ISLAND,52,79,1836
41,10,DE,DELAWARE,26,42,1500
42,96,PA,PA Total Migration US and Foreign,119764,207634,6642180
42,97,PA,PA Total Migration US,115817,200951,6391993
42,98,PA,PA Total Migration Foreign,3947,6683,250188
42,42,PA,PA Non-migrants,4853289,10145647,315890295
42,12,FL,FLORIDA,14124,24253,955677
42,34,NJ,NEW JERSEY,13519,23051,730987
42,36,NY,NEW YORK,13422,21597,617388
42,24,MD,MARYLAND,7258,12314,379177
42,06,CA,CALIFORNIA,6056,9766,376539
42,51,VA,VIRGINIA,5711,9930,292612
42,48,TX,TEXAS,5448,10163,302644
42,37,NC,NORTH CAROLINA,5280,9981,294220
42,39,OH,OHIO,5035,8967,248116
42,10,DE,DELAWARE,4024,7213,175259
42,57,FR,Foreign,3947,6683,250188
42,13,GA,GEORGIA,3305,6161,161661
42,45,SC,SOUTH CAROLINA,2616,4998,157280
42,25,MA,MASSACHUSETTS,2561,4133,160364
42,17,IL,ILLINOIS,2095,3550,136861
42,04,AZ,ARIZONA,1910,3416,117495
42,08,CO,COLORADO,1848,3076,110957
42,54,WV,WEST VIRGINIA,1758,3266,77827
42,26,MI,MICHIGAN,1653,2922,87631
42,47,TN,TENNESSEE,1549,2818,84293
42,09,CT,CONNECTICUT,1397,2292,88745
42,53,WA,WASHINGTON,1261,2148,80377
42,18,IN,INDIANA,1028,2059,54936
42,11,DC,DISTRICT OF COLUMBIA,910,1069,47163
42,32,NV,NEVADA,816,1354,58899
42,21,KY,KENTUCKY,783,1480,40600
42,29,MO,MISSOURI,761,1467,44224
42,27,MN,MINNESOTA,688,1231,45480
42,55,WI,WISCONSIN,685,1386,51274
42,01,AL,ALABAMA,641,1231,28554
42,41,OR,OREGON,605,978,30819
42,22,LA,LOUISIANA,596,1007,27348
42,40,OK,OKLAHOMA,553,1092,28092
42,23,ME,MAINE,503,881,26297
42,33,NH,NEW HAMPSHIRE,468,822,27070
42,15,HI,HAWAII,427,665,16042
42,20,KS,KANSAS,415,835,18840
42,49,UT,UTAH,414,873,23931
42,44,RI,RHODE ISLAND,406,633,24858
42,19,IA,IOWA,406,796,23759
42,35,NM,NEW MEXICO,393,647,20454
42,28,MS,MISSISSIPPI,336,614,13154
42,50,VT,VERMONT,324,518,17057
42,05,AR,ARKANSAS,317,614,16360
42,02,AK,ALASKA,317,519,13301
42,30,MT,MONTANA,244,453,13076
42,56,WY,WYOMING,242,400,13271
42,31,NE,NEBRASKA,204,374,9610
42,16,ID,IDAHO,201,389,9576
42,46,SD,SOUTH DAKOTA,157,286,6230
42,38,ND,NORTH DAKOTA,147,263,5606
44,96,RI,RI Total Migration US and Foreign,16245,27239,975458
44,97,RI,RI Total Migration US,15761,26431,956784
44,98,RI,RI Total Migration Foreign,484,808,18674
44,44,RI,RI Non-migrants,398819,806893,26030065
44,25,MA,MASSACHUSETTS,4423,7174,248526
44,12,FL,FLORIDA,2144,3722,239737
44,36,NY,NEW YORK,1242,1759,55763
44,09,CT,CONNECTICUT,1067,1720,50597
44,06,CA,CALIFORNIA,797,1351,44668
44,48,TX,TEXAS,712,1158,42973
44,51,VA,VIRGINIA,493,1049,33950
44,57,FR,Foreign,484,808,18674
44,34,NJ,NEW JERSEY,436,632,17723
44,37,NC,NORTH CAROLINA,422,785,21211
44,42,PA,PENNSYLVANIA,420,668,18480
44,13,GA,GEORGIA,313,568,13368
44,33,NH,NEW HAMPSHIRE,312,551,19860
44,24,MD,MARYLAND,260,431,12642
44,45,SC,SOUTH CAROLINA,192,377,11644
44,23,ME,MAINE,192,324,9106
44,04,AZ,ARIZONA,179,326,9506
44,17,IL,ILLINOIS,159,277,11474
44,53,WA,WASHINGTON,154,271,9371
44,08,CO,COLORADO,151,278,7438
44,39,OH,OHIO,150,260,6772
44,47,TN,TENNESSEE,140,247,6812
44,26,MI,MICHIGAN,115,198,5625
44,32,NV,NEVADA,103,157,6032
44,50,VT,VERMONT,92,149,4384
44,41,OR,OREGON,92,147,4138
44,15,HI,HAWAII,84,180,3954
44,11,DC,DISTRICT OF COLUMBIA,74,101,3592
44,18,IN,INDIANA,73,146,4272
44,55,WI,WISCONSIN,67,113,2472
44,22,LA,LOUISIANA,57,95,1566
44,21,KY,KENTUCKY,57,119,2530
44,27,MN,MINNESOTA,56,95,2974
44,29,MO,MISSOURI,53,88,2587
44,01,AL,ALABAMA,51,115,1876
44,40,OK,OKLAHOMA,46,101,2109
44,49,UT,UTAH,38,72,1777
44,10,DE,DELAWARE,36,61,1696
44,20,KS,KANSAS,35,75,1716
44,28,MS,MISSISSIPPI,32,59,1457
44,02,AK,ALASKA,31,50,1106
44,19,IA,IOWA,27,48,867
44,30,MT,MONTANA,27,41,1444
44,54,WV,WEST VIRGINIA,24,46,933
44,31,NE,NEBRASKA,24,54,1362
44,05,AR,ARKANSAS,23,37,773
44,35,NM,NEW MEXICO,22,33,1147
44,16,ID,IDAHO,20,37,776
44,46,SD,SOUTH DAKOTA,16,29,715
44,56,WY,WYOMING,14,26,761
44,38,ND,NORTH DAKOTA,14,31,522
45,96,SC,SC Total Migration US and Foreign,59994,116125,2568975
45,97,SC,SC Total Migration US,58463,112919,2490959
45,98,SC,SC Total Migration Foreign,1531,3206,78016
45,45,SC,SC Non-migrants,1577858,3499706,83740510
45,37,NC,NORTH CAROLINA,11326,22203,463476
45,13,GA,GEORGIA,7849,15311,329189
45,12,FL,FLORIDA,6595,11975,290024
45,48,TX,TEXAS,3035,6252,139934
45,51,VA,VIRGINIA,3025,6009,134443
45,36,NY,NEW YORK,2761,4734,97247
45,06,CA,CALIFORNIA,2048,3901,92668
45,47,TN,TENNESSEE,1906,3951,90775
45,42,PA,PENNSYLVANIA,1628,2949,70621
45,39,OH,OHIO,1568,2990,65027
45,57,FR,Foreign,1531,3206,78016
45,24,MD,MARYLAND,1278,2328,52159
45,34,NJ,NEW JERSEY,988,1742,33956
45,26,MI,MICHIGAN,973,1882,42136
45,01,AL,ALABAMA,971,2108,43175
45,53,WA,WASHINGTON,920,1915,44475
45,17,IL,ILLINOIS,824,1526,34684
45,08,CO,COLORADO,772,1479,33165
45,21,KY,KENTUCKY,753,1638,33186
45,18,IN,INDIANA,675,1325,29775
45,04,AZ,ARIZONA,623,1228,28749
45,25,MA,MASSACHUSETTS,611,1033,28084
45,22,LA,LOUISIANA,596,1234,25921
45,09,CT,CONNECTICUT,516,935,26363
45,29,MO,MISSOURI,499,1047,21821
45,54,WV,WEST VIRGINIA,471,886,15609
45,28,MS,MISSISSIPPI,393,810,16536
45,15,HI,HAWAII,390,859,16028
45,40,OK,OKLAHOMA,370,823,13362
45,55,WI,WISCONSIN,368,709,16416
45,32,NV,NEVADA,339,662,14855
45,20,KS,KANSAS,302,636,13140
45,05,AR,ARKANSAS,292,663,14270
45,27,MN,MINNESOTA,244,466,10625
45,11,DC,DISTRICT OF COLUMBIA,237,322,11663
45,41,OR,OREGON,227,401,9699
45,33,NH,NEW HAMPSHIRE,222,364,11189
45,02,AK,ALASKA,182,380,8867
45,35,NM,NEW MEXICO,179,352,8139
45,10,DE,DELAWARE,176,346,7226
45,19,IA,IOWA,175,340,6844
45,49,UT,UTAH,174,379,6518
45,23,ME,MAINE,160,288,7527
45,44,RI,RHODE ISLAND,129,225,4755
45,31,NE,NEBRASKA,121,232,5264
45,50,VT,VERMONT,119,193,4103
45,16,ID,IDAHO,98,232,4694
45,38,ND,NORTH DAKOTA,91,184,2663
45,30,MT,MONTANA,91,166,3308
45,46,SD,SOUTH DAKOTA,88,164,3682
45,56,WY,WYOMING,85,142,2922
46,96,SD,SD Total Migration US and Foreign,13428,23645,610153
46,97,SD,SD Total Migration US,13197,23172,597985
46,98,SD,SD Total Migration Foreign,231,473,12168
46,46,SD,SD Non-migrants,300575,654114,18541177
46,27,MN,MINNESOTA,1513,2621,60870
46,12,FL,FLORIDA,1270,1740,108264
46,19,IA,IOWA,928,1738,39378
46,48,TX,TEXAS,834,1449,35183
46,38,ND,NORTH DAKOTA,806,1553,32164
46,31,NE,NEBRASKA,748,1426,35529
46,08,CO,COLORADO,683,1150,25416
46,06,CA,CALIFORNIA,636,1096,23400
46,04,AZ,ARIZONA,564,1047,30246
46,56,WY,WYOMING,508,919,20719
46,53,WA,WASHINGTON,269,501,10240
46,13,GA,GEORGIA,258,414,9444
46,29,MO,MISSOURI,242,466,9065
46,17,IL,ILLINOIS,242,454,9498
46,57,FR,Foreign,231,473,12168
46,55,WI,WISCONSIN,231,440,10881
46,30,MT,MONTANA,224,439,9132
46,32,NV,NEVADA,208,357,9096
46,20,KS,KANSAS,200,373,7609
46,41,OR,OREGON,173,300,6118
46,39,OH,OHIO,173,288,7164
46,26,MI,MICHIGAN,171,341,7075
46,37,NC,NORTH CAROLINA,166,291,7140
46,42,PA,PENNSYLVANIA,159,250,5101
46,51,VA,VIRGINIA,153,269,6657
46,36,NY,NEW YORK,133,189,4029
46,40,OK,OKLAHOMA,129,273,5369
46,47,TN,TENNESSEE,127,231,4357
46,49,UT,UTAH,123,247,5356
46,35,NM,NEW MEXICO,121,211,4328
46,18,IN,INDIANA,112,219,4541
46,16,ID,IDAHO,111,230,4724
46,45,SC,SOUTH CAROLINA,104,182,3920
46,02,AK,ALASKA,95,154,3840
46,05,AR,ARKANSAS,88,155,3202
46,24,MD,MARYLAND,78,142,4084
46,01,AL,ALABAMA,72,126,3436
46,34,NJ,NEW JERSEY,65,105,3074
46,25,MA,MASSACHUSETTS,65,94,3025
46,22,LA,LOUISIANA,64,115,2018
46,21,KY,KENTUCKY,63,120,2719
46,09,CT,CONNECTICUT,55,76,1614
46,28,MS,MISSISSIPPI,47,90,1762
46,15,HI,HAWAII,39,66,1340
46,33,NH,NEW HAMPSHIRE,38,65,2138
46,23,ME,MAINE,29,38,989
46,10,DE,DELAWARE,22,29,547
46,54,WV,WEST VIRGINIA,21,42,1081
46,11,DC,DISTRICT OF COLUMBIA,20,23,593
46,50,VT,VERMONT,9,14,271
46,44,RI,RHODE ISLAND,8,14,242
47,96,TN,TN Total Migration US and Foreign,76548,150763,3419572
47,97,TN,TN Total Migration US,75292,148211,3355205
47,98,TN,TN Total Migration Foreign,1256,2552,64367
47,47,TN,TN Non-migrants,2203965,4899506,122892478
47,12,FL,FLORIDA,8565,15562,434415
47,13,GA,GEORGIA,7291,14150,291385
47,48,TX,TEXAS,5390,10876,249246
47,28,MS,MISSISSIPPI,5244,11052,179405
47,21,KY,KENTUCKY,4341,9325,159414
47,01,AL,ALABAMA,3661,7576,155251
47,37,NC,NORTH CAROLINA,3534,7164,166451
47,06,CA,CALIFORNIA,3441,6243,171870
47,51,VA,VIRGINIA,3369,6816,155410
47,26,MI,MICHIGAN,2273,4366,83486
47,39,OH,OHIO,2241,4421,89988
47,17,IL,ILLINOIS,2227,4258,107092
47,45,SC,SOUTH CAROLINA,1885,3683,90676
47,05,AR,ARKANSAS,1744,3546,66451
47,18,IN,INDIANA,1740,3569,69590
47,36,NY,NEW YORK,1661,2919,75114
47,29,MO,MISSOURI,1394,2792,59773
47,22,LA,LOUISIANA,1285,2646,49447
47,57,FR,Foreign,1256,2552,64367
47,08,CO,COLORADO,1252,2328,69148
47,42,PA,PENNSYLVANIA,1122,2204,52850
47,04,AZ,ARIZONA,1018,2015,48904
47,53,WA,WASHINGTON,994,1974,45366
47,24,MD,MARYLAND,885,1706,57648
47,40,OK,OKLAHOMA,740,1603,30944
47,55,WI,WISCONSIN,656,1272,26807
47,34,NJ,NEW JERSEY,586,1094,38121
47,20,KS,KANSAS,585,1261,23927
47,25,MA,MASSACHUSETTS,560,944,36764
47,32,NV,NEVADA,544,950,35336
47,27,MN,MINNESOTA,506,1003,30732
47,41,OR,OREGON,435,762,17940
47,54,WV,WEST VIRGINIA,431,872,14581
47,19,IA,IOWA,390,757,16489
47,15,HI,HAWAII,339,756,12649
47,49,UT,UTAH,314,666,14682
47,09,CT,CONNECTICUT,311,593,22384
47,35,NM,NEW MEXICO,300,613,13046
47,31,NE,NEBRASKA,275,538,10636
47,02,AK,ALASKA,251,529,10413
47,16,ID,IDAHO,200,417,8057
47,11,DC,DISTRICT OF COLUMBIA,186,236,8598
47,23,ME,MAINE,161,312,6366
47,33,NH,NEW HAMPSHIRE,152,311,6716
47,30,MT,MONTANA,149,283,7571
47,38,ND,NORTH DAKOTA,146,312,6007
47,46,SD,SOUTH DAKOTA,133,241,5361
47,10,DE,DELAWARE,123,240,12616
47,56,WY,WYOMING,121,198,4789
47,44,RI,RHODE ISLAND,74,145,2519
47,50,VT,VERMONT,67,112,2774
48,96,TX,TX Total Migration US and Foreign,208259,414139,11446032
48,97,TX,TX Total Migration US,199440,395283,10708941
48,98,TX,TX Total Migration Foreign,8819,18856,737091
48,48,TX,TX Non-migrants,8433366,19840025,572726683
48,06,CA,CALIFORNIA,21828,42597,1303248
48,12,FL,FLORIDA,19369,32398,954578
48,40,OK,OKLAHOMA,10381,21924,534884
48,22,LA,LOUISIANA,10326,21171,461279
48,57,FR,Foreign,8819,18856,737091
48,08,CO,COLORADO,8585,17875,563033
48,13,GA,GEORGIA,8457,17018,387247
48,36,NY,NEW YORK,6652,11332,480036
48,04,AZ,ARIZONA,6402,13141,357709
48,17,IL,ILLINOIS,6338,12089,357942
48,51,VA,VIRGINIA,6072,12932,349839
48,35,NM,NEW MEXICO,5963,12764,253871
48,37,NC,NORTH CAROLINA,5946,12347,325562
48,53,WA,WASHINGTON,5945,12482,325106
48,05,AR,ARKANSAS,5654,11724,241405
48,47,TN,TENNESSEE,4745,9514,264474
48,29,MO,MISSOURI,4353,8711,194627
48,39,OH,OHIO,4144,8285,226901
48,26,MI,MICHIGAN,4080,8062,179063
48,42,PA,PENNSYLVANIA,3750,7306,242407
48,20,KS,KANSAS,3611,7895,191156
48,24,MD,MARYLAND,3180,6202,173491
48,01,AL,ALABAMA,3166,6773,168283
48,32,NV,NEVADA,3046,5499,159822
48,18,IN,INDIANA,2720,5689,140143
48,28,MS,MISSISSIPPI,2638,5436,104940
48,34,NJ,NEW JERSEY,2469,4780,167176
48,45,SC,SOUTH CAROLINA,2441,5044,139054
48,27,MN,MINNESOTA,2403,4765,132973
48,21,KY,KENTUCKY,2134,4631,97365
48,25,MA,MASSACHUSETTS,2114,3560,129462
48,41,OR,OREGON,2107,3951,113254
48,55,WI,WISCONSIN,1995,4063,91564
48,49,UT,UTAH,1865,4493,117795
48,15,HI,HAWAII,1685,3636,70190
48,19,IA,IOWA,1667,3442,76901
48,31,NE,NEBRASKA,1427,2996,67290
48,02,AK,ALASKA,1340,2949,71298
48,09,CT,CONNECTICUT,1094,2046,103729
48,16,ID,IDAHO,917,2050,47188
48,56,WY,WYOMING,877,1599,50464
48,30,MT,MONTANA,793,1531,34227
48,46,SD,SOUTH DAKOTA,764,1357,28957
48,38,ND,NORTH DAKOTA,742,1578,43681
48,11,DC,DISTRICT OF COLUMBIA,716,942,48095
48,33,NH,NEW HAMPSHIRE,633,1065,38162
48,54,WV,WEST VIRGINIA,551,1105,25887
48,23,ME,MAINE,467,883,24177
48,10,DE,DELAWARE,375,706,18823
48,44,RI,RHODE ISLAND,311,550,15756
48,50,VT,VERMONT,202,395,14427
49,96,UT,UT Total Migration US and Foreign,32354,74038,1512236
49,97,UT,UT Total Migration US,31617,72345,1472576
49,98,UT,UT Total Migration Foreign,737,1693,39660
49,49,UT,UT Non-migrants,875508,2339376,54075690
49,06,CA,CALIFORNIA,4882,10757,224230
49,04,AZ,ARIZONA,2749,6679,129877
49,48,TX,TEXAS,2358,5706,113485
49,32,NV,NEVADA,2266,5155,94604
49,16,ID,IDAHO,2020,4927,76172
49,08,CO,COLORADO,1846,4296,90031
49,53,WA,WASHINGTON,1654,3741,98372
49,12,FL,FLORIDA,1302,2928,64363
49,41,OR,OREGON,999,2075,44180
49,56,WY,WYOMING,913,2209,41628
49,57,FR,Foreign,737,1693,39660
49,36,NY,NEW YORK,657,1173,28669
49,51,VA,VIRGINIA,608,1321,30696
49,13,GA,GEORGIA,539,1233,24645
49,17,IL,ILLINOIS,477,1056,29461
49,35,NM,NEW MEXICO,471,1153,17954
49,37,NC,NORTH CAROLINA,451,1036,20364
49,30,MT,MONTANA,447,1005,24624
49,39,OH,OHIO,412,929,18675
49,42,PA,PENNSYLVANIA,409,893,20480
49,29,MO,MISSOURI,387,983,16074
49,26,MI,MICHIGAN,351,793,17734
49,15,HI,HAWAII,324,776,13587
49,40,OK,OKLAHOMA,306,755,14712
49,47,TN,TENNESSEE,304,690,13520
49,27,MN,MINNESOTA,300,631,14947
49,38,ND,NORTH DAKOTA,296,818,14173
49,02,AK,ALASKA,289,647,12959
49,24,MD,MARYLAND,276,630,15647
49,25,MA,MASSACHUSETTS,269,438,12585
49,20,KS,KANSAS,266,647,10698
49,18,IN,INDIANA,263,609,11970
49,55,WI,WISCONSIN,236,500,10400
49,19,IA,IOWA,234,555,8498
49,31,NE,NEBRASKA,209,523,8222
49,34,NJ,NEW JERSEY,200,378,10303
49,45,SC,SOUTH CAROLINA,193,445,7580
49,21,KY,KENTUCKY,174,438,7823
49,22,LA,LOUISIANA,167,398,6597
49,01,AL,ALABAMA,162,388,6823
49,46,SD,SOUTH DAKOTA,159,362,7135
49,05,AR,ARKANSAS,145,350,6145
49,09,CT,CONNECTICUT,122,240,6721
49,28,MS,MISSISSIPPI,104,279,4270
49,33,NH,NEW HAMPSHIRE,81,165,5528
49,54,WV,WEST VIRGINIA,78,162,3743
49,23,ME,MAINE,75,129,3663
49,50,VT,VERMONT,65,108,3035
49,11,DC,DISTRICT OF COLUMBIA,51,77,2843
49,10,DE,DELAWARE,40,110,1347
49,44,RI,RHODE ISLAND,31,49,783
50,96,VT,VT Total Migration US and Foreign,10358,16429,543115
50,97,VT,VT Total Migration US,10104,16032,532540
50,98,VT,VT Total Migration Foreign,254,397,10575
50,50,VT,VT Non-migrants,253418,503536,14778037
50,33,NH,NEW HAMPSHIRE,1304,2169,57836
50,36,NY,NEW YORK,1217,1888,52991
50,25,MA,MASSACHUSETTS,1116,1604,45659
50,12,FL,FLORIDA,993,1671,58153
50,06,CA,CALIFORNIA,496,709,21499
50,37,NC,NORTH CAROLINA,386,649,18317
50,09,CT,CONNECTICUT,350,541,22553
50,23,ME,MAINE,308,483,13935
50,48,TX,TEXAS,289,453,11460
50,51,VA,VIRGINIA,282,522,14343
50,08,CO,COLORADO,274,394,10586
50,42,PA,PENNSYLVANIA,257,420,10524
50,57,FR,Foreign,254,397,10575
50,13,GA,GEORGIA,228,382,8281
50,34,NJ,NEW JERSEY,207,304,20788
50,45,SC,SOUTH CAROLINA,169,303,9937
50,53,WA,WASHINGTON,154,244,6201
50,39,OH,OHIO,151,269,6352
50,04,AZ,ARIZONA,144,240,11747
50,41,OR,OREGON,131,174,5012
50,44,RI,RHODE ISLAND,119,166,4581
50,17,IL,ILLINOIS,117,184,58071
50,47,TN,TENNESSEE,116,196,5008
50,24,MD,MARYLAND,116,176,5414
50,26,MI,MICHIGAN,97,148,4579
50,27,MN,MINNESOTA,78,131,3007
50,18,IN,INDIANA,71,140,3416
50,55,WI,WISCONSIN,67,118,3685
50,49,UT,UTAH,65,99,2242
50,11,DC,DISTRICT OF COLUMBIA,65,75,2872
50,32,NV,NEVADA,59,105,2901
50,30,MT,MONTANA,58,82,1842
50,29,MO,MISSOURI,58,96,1938
50,21,KY,KENTUCKY,52,89,2090
50,35,NM,NEW MEXICO,48,73,2447
50,15,HI,HAWAII,47,68,1663
50,02,AK,ALASKA,45,63,2146
50,01,AL,ALABAMA,40,63,2001
50,40,OK,OKLAHOMA,37,78,1721
50,56,WY,WYOMING,33,43,4384
50,16,ID,IDAHO,33,51,1552
50,22,LA,LOUISIANA,32,43,710
50,20,KS,KANSAS,32,62,962
50,54,WV,WEST VIRGINIA,30,49,1350
50,10,DE,DELAWARE,29,48,1217
50,28,MS,MISSISSIPPI,27,43,851
50,19,IA,IOWA,21,36,1186
50,31,NE,NEBRASKA,18,33,800
50,46,SD,SOUTH DAKOTA,15,22,940
50,05,AR,ARKANSAS,15,24,612
50,38,ND,NORTH DAKOTA,8,9,175
51,96,VA,VA Total Migration US and Foreign,125683,241280,7879145
51,97,VA,VA Total Migration US,119369,227353,7434000
51,98,VA,VA Total Migration Foreign,6314,13927,445145
51,51,VA,VA Non-migrants,2831718,6174814,219684934
51,24,MD,MARYLAND,12625,22710,750048
51,37,NC,NORTH CAROLINA,12157,24638,640242
51,12,FL,FLORIDA,12086,22541,1004381
51,06,CA,CALIFORNIA,7846,14887,507954
51,48,TX,TEXAS,7510,15738,486459
51,57,FR,Foreign,6314,13927,445145
51,36,NY,NEW YORK,5873,10037,301756
51,11,DC,DISTRICT OF COLUMBIA,5659,7424,430125
51,13,GA,GEORGIA,5052,10016,257944
51,42,PA,PENNSYLVANIA,4793,8572,284500
51,47,TN,TENNESSEE,3566,7110,176823
51,45,SC,SOUTH CAROLINA,3471,6883,219152
51,54,WV,WEST VIRGINIA,2625,5115,115531
51,39,OH,OHIO,2619,5182,150402
51,34,NJ,NEW JERSEY,2593,4771,152763
51,17,IL,ILLINOIS,2283,4237,139243
51,08,CO,COLORADO,2156,4150,168290
51,53,WA,WASHINGTON,1996,4111,134745
51,25,MA,MASSACHUSETTS,1901,3237,134911
51,26,MI,MICHIGAN,1715,3294,91663
51,04,AZ,ARIZONA,1706,3362,109934
51,01,AL,ALABAMA,1490,3264,98155
51,21,KY,KENTUCKY,1192,2525,61733
51,18,IN,INDIANA,1177,2438,64989
51,22,LA,LOUISIANA,1113,2326,60304
51,29,MO,MISSOURI,1070,2247,64130
51,09,CT,CONNECTICUT,1065,1979,65476
51,15,HI,HAWAII,1005,2310,58230
51,32,NV,NEVADA,807,1491,87214
51,10,DE,DELAWARE,758,1387,51654
51,27,MN,MINNESOTA,732,1405,48457
51,20,KS,KANSAS,708,1663,39222
51,40,OK,OKLAHOMA,698,1466,34633
51,55,WI,WISCONSIN,688,1290,37219
51,28,MS,MISSISSIPPI,681,1434,31627
51,41,OR,OREGON,660,1191,39254
51,49,UT,UTAH,588,1359,38386
51,35,NM,NEW MEXICO,518,1036,39234
51,05,AR,ARKANSAS,459,989,28269
51,33,NH,NEW HAMPSHIRE,449,820,27696
51,19,IA,IOWA,445,904,26435
51,23,ME,MAINE,438,826,26340
51,02,AK,ALASKA,408,884,20162
51,44,RI,RHODE ISLAND,384,824,27431
51,31,NE,NEBRASKA,332,766,23379
51,16,ID,IDAHO,284,633,19867
51,50,VT,VERMONT,220,363,11580
51,30,MT,MONTANA,217,421,13445
51,56,WY,WYOMING,196,345,10701
51,46,SD,SOUTH DAKOTA,195,382,13776
51,38,ND,NORTH DAKOTA,160,370,8137
53,96,WA,WA Total Migration US and Foreign,91642,177201,4850855
53,97,WA,WA Total Migration US,87401,168494,4583357
53,98,WA,WA Total Migration Foreign,4241,8707,267498
53,53,WA,WA Non-migrants,2489215,5427563,176111406
53,06,CA,CALIFORNIA,16446,30892,1014924
53,41,OR,OREGON,11105,20015,493435
53,48,TX,TEXAS,5870,12148,317513
53,04,AZ,ARIZONA,5451,10614,298019
53,16,ID,IDAHO,4275,8587,183336
53,57,FR,Foreign,4241,8707,267498
53,12,FL,FLORIDA,4087,7367,211914
53,08,CO,COLORADO,2561,4772,128410
53,32,NV,NEVADA,2310,4428,126508
53,36,NY,NEW YORK,2141,3445,111614
53,51,VA,VIRGINIA,1955,4349,116031
53,15,HI,HAWAII,1950,3933,87393
53,30,MT,MONTANA,1818,3396,79575
53,13,GA,GEORGIA,1793,3707,94112
53,37,NC,NORTH CAROLINA,1675,3486,91610
53,17,IL,ILLINOIS,1631,3061,94307
53,02,AK,ALASKA,1629,2962,69500
53,49,UT,UTAH,1556,3531,79431
53,26,MI,MICHIGAN,1078,2006,51968
53,42,PA,PENNSYLVANIA,1055,1866,63128
53,39,OH,OHIO,1047,2129,47326
53,47,TN,TENNESSEE,1022,2227,51680
53,29,MO,MISSOURI,981,2102,42846
53,27,MN,MINNESOTA,971,1817,56518
53,24,MD,MARYLAND,870,1680,48646
53,25,MA,MASSACHUSETTS,844,1451,59672
53,45,SC,SOUTH CAROLINA,773,1707,43979
53,35,NM,NEW MEXICO,773,1372,35790
53,55,WI,WISCONSIN,744,1360,35667
53,40,OK,OKLAHOMA,732,1645,41558
53,38,ND,NORTH DAKOTA,662,1361,28283
53,20,KS,KANSAS,651,1486,31349
53,18,IN,INDIANA,646,1338,27764
53,22,LA,LOUISIANA,630,1220,22747
53,34,NJ,NEW JERSEY,621,1180,55062
53,01,AL,ALABAMA,591,1263,29368
53,21,KY,KENTUCKY,540,1180,25162
53,19,IA,IOWA,511,1032,28852
53,56,WY,WYOMING,426,861,19667
53,05,AR,ARKANSAS,397,845,16446
53,31,NE,NEBRASKA,382,746,17123
53,09,CT,CONNECTICUT,368,735,21009
53,46,SD,SOUTH DAKOTA,342,680,14499
53,28,MS,MISSISSIPPI,307,572,11897
53,11,DC,DISTRICT OF COLUMBIA,297,382,16862
53,23,ME,MAINE,207,361,8393
53,33,NH,NEW HAMPSHIRE,204,352,10188
53,44,RI,RHODE ISLAND,139,268,7654
53,54,WV,WEST VIRGINIA,123,219,5325
53,50,VT,VERMONT,121,190,4802
53,10,DE,DELAWARE,93,168,4495
54,96,WV,WV Total Migration US and Foreign,20272,37065,952309
54,97,WV,WV Total Migration US,20041,36627,943707
54,98,WV,WV Total Migration Foreign,231,438,8602
54,54,WV,WV Non-migrants,624194,1340949,33613348
54,39,OH,OHIO,2925,5605,102923
54,51,VA,VIRGINIA,2648,4978,115075
54,12,FL,FLORIDA,2175,3510,126470
54,42,PA,PENNSYLVANIA,1715,3119,80876
54,24,MD,MARYLAND,1586,2794,58060
54,37,NC,NORTH CAROLINA,1282,2427,55023
54,21,KY,KENTUCKY,808,1639,37908
54,48,TX,TEXAS,785,1425,34840
54,45,SC,SOUTH CAROLINA,667,1271,33425
54,47,TN,TENNESSEE,568,1112,87748
54,13,GA,GEORGIA,548,987,23380
54,06,CA,CALIFORNIA,432,730,16452
54,36,NY,NEW YORK,385,584,13417
54,26,MI,MICHIGAN,254,451,10366
54,17,IL,ILLINOIS,240,410,11336
54,57,FR,Foreign,231,438,8602
54,18,IN,INDIANA,228,442,9804
54,04,AZ,ARIZONA,209,365,9199
54,08,CO,COLORADO,208,391,9091
54,34,NJ,NEW JERSEY,193,321,6828
54,01,AL,ALABAMA,165,349,7830
54,53,WA,WASHINGTON,160,292,7056
54,22,LA,LOUISIANA,149,274,6794
54,40,OK,OKLAHOMA,120,257,6769
54,29,MO,MISSOURI,114,214,11291
54,32,NV,NEVADA,106,170,3452
54,25,MA,MASSACHUSETTS,101,170,5071
54,28,MS,MISSISSIPPI,87,169,3613
54,20,KS,KANSAS,87,163,3624
54,05,AR,ARKANSAS,79,171,2997
54,55,WI,WISCONSIN,78,139,3479
54,11,DC,DISTRICT OF COLUMBIA,74,104,4008
54,10,DE,DELAWARE,73,137,2460
54,41,OR,OREGON,70,130,2631
54,27,MN,MINNESOTA,63,119,2690
54,35,NM,NEW MEXICO,58,119,2582
54,15,HI,HAWAII,54,100,2569
54,49,UT,UTAH,52,99,2690
54,09,CT,CONNECTICUT,52,82,2276
54,19,IA,IOWA,50,88,1915
54,02,AK,ALASKA,49,97,1583
54,16,ID,IDAHO,46,79,1485
54,46,SD,SOUTH DAKOTA,44,80,1839
54,23,ME,MAINE,41,71,1636
54,56,WY,WYOMING,40,65,1806
54,31,NE,NEBRASKA,36,80,1706
54,33,NH,NEW HAMPSHIRE,34,59,1377
54,30,MT,MONTANA,33,63,1810
54,38,ND,NORTH DAKOTA,28,50,844
54,50,VT,VERMONT,23,39,1025
54,44,RI,RHODE ISLAND,19,37,576
55,96,WI,WI Total Migration US and Foreign,49626,89792,2665047
55,97,WI,WI Total Migration US,48613,88004,2612383
55,98,WI,WI Total Migration Foreign,1013,1788,52664
55,55,WI,WI Non-migrants,2186901,4724615,135473314
55,17,IL,ILLINOIS,6940,12593,341313
55,27,MN,MINNESOTA,6746,11313,292446
55,12,FL,FLORIDA,4088,7129,345508
55,48,TX,TEXAS,3067,6079,164745
55,06,CA,CALIFORNIA,2833,4900,181462
55,26,MI,MICHIGAN,2164,3853,104882
55,04,AZ,ARIZONA,1961,3578,110173
55,08,CO,COLORADO,1452,2410,65720
55,19,IA,IOWA,1383,2629,63750
55,13,GA,GEORGIA,1148,2189,54303
55,37,NC,NORTH CAROLINA,1059,2069,62624
55,18,IN,INDIANA,1033,2205,54363
55,36,NY,NEW YORK,1032,1580,48735
55,57,FR,Foreign,1013,1788,52664
55,53,WA,WASHINGTON,985,1700,56298
55,47,TN,TENNESSEE,934,1772,46980
55,39,OH,OHIO,930,1838,54456
55,29,MO,MISSOURI,874,1732,44092
55,51,VA,VIRGINIA,704,1351,39779
55,42,PA,PENNSYLVANIA,638,1182,41435
55,32,NV,NEVADA,578,1004,31171
55,41,OR,OREGON,511,840,22485
55,25,MA,MASSACHUSETTS,486,762,28155
55,45,SC,SOUTH CAROLINA,461,914,31626
55,38,ND,NORTH DAKOTA,458,881,21774
55,21,KY,KENTUCKY,411,893,18742
55,24,MD,MARYLAND,406,722,24243
55,34,NJ,NEW JERSEY,365,617,20090
55,05,AR,ARKANSAS,361,709,16098
55,28,MS,MISSISSIPPI,340,637,10503
55,20,KS,KANSAS,337,683,15037
55,40,OK,OKLAHOMA,315,658,12806
55,22,LA,LOUISIANA,304,571,13645
55,46,SD,SOUTH DAKOTA,299,575,14496
55,01,AL,ALABAMA,291,543,24791
55,31,NE,NEBRASKA,283,555,16534
55,49,UT,UTAH,261,526,14127
55,30,MT,MONTANA,257,467,12395
55,02,AK,ALASKA,249,434,10486
55,35,NM,NEW MEXICO,244,395,12884
55,15,HI,HAWAII,226,361,7751
55,09,CT,CONNECTICUT,203,363,13452
55,56,WY,WYOMING,184,324,7251
55,16,ID,IDAHO,174,375,8208
55,11,DC,DISTRICT OF COLUMBIA,168,196,7342
55,33,NH,NEW HAMPSHIRE,111,198,6900
55,23,ME,MAINE,99,160,5309
55,50,VT,VERMONT,71,116,3056
55,10,DE,DELAWARE,71,228,2765
55,54,WV,WEST VIRGINIA,65,113,2655
55,44,RI,RHODE ISLAND,53,82,2540
56,96,WY,WY Total Migration US and Foreign,14651,26936,662251
56,97,WY,WY Total Migration US,14442,26519,653425
56,98,WY,WY Total Migration Foreign,209,417,8825
56,56,WY,WY Non-migrants,209678,452407,15501983
56,08,CO,COLORADO,2059,3688,107851
56,48,TX,TEXAS,1131,2235,45380
56,12,FL,FLORIDA,1107,1449,56527
56,49,UT,UTAH,881,1983,43076
56,30,MT,MONTANA,844,1654,39707
56,06,CA,CALIFORNIA,734,1305,31945
56,04,AZ,ARIZONA,663,1258,35428
56,16,ID,IDAHO,534,1097,21709
56,46,SD,SOUTH DAKOTA,498,922,26586
56,53,WA,WASHINGTON,400,720,17450
56,31,NE,NEBRASKA,377,733,16345
56,38,ND,NORTH DAKOTA,368,740,22156
56,32,NV,NEVADA,366,718,22318
56,41,OR,OREGON,303,585,12241
56,26,MI,MICHIGAN,283,522,10235
56,13,GA,GEORGIA,259,374,10200
56,42,PA,PENNSYLVANIA,228,395,14262
56,57,FR,Foreign,209,417,8825
56,27,MN,MINNESOTA,207,358,9094
56,35,NM,NEW MEXICO,202,397,8748
56,29,MO,MISSOURI,196,376,7775
56,40,OK,OKLAHOMA,193,363,8659
56,39,OH,OHIO,183,326,10117
56,37,NC,NORTH CAROLINA,172,338,6803
56,20,KS,KANSAS,171,344,7406
56,17,IL,ILLINOIS,159,289,17603
56,51,VA,VIRGINIA,155,312,8146
56,55,WI,WISCONSIN,149,258,5685
56,36,NY,NEW YORK,148,199,-33093
56,02,AK,ALASKA,145,258,6630
56,47,TN,TENNESSEE,135,243,5208
56,19,IA,IOWA,132,229,4879
56,18,IN,INDIANA,111,199,5358
56,22,LA,LOUISIANA,93,184,7258
56,05,AR,ARKANSAS,93,190,3307
56,01,AL,ALABAMA,90,179,3867
56,45,SC,SOUTH CAROLINA,84,147,3138
56,09,CT,CONNECTICUT,71,86,1840
56,24,MD,MARYLAND,70,116,2604
56,25,MA,MASSACHUSETTS,65,94,2835
56,21,KY,KENTUCKY,59,116,2342
56,34,NJ,NEW JERSEY,48,81,1784
56,15,HI,HAWAII,47,77,1898
56,23,ME,MAINE,44,72,2192
56,33,NH,NEW HAMPSHIRE,42,58,1498
56,28,MS,MISSISSIPPI,41,81,1674
56,54,WV,WEST VIRGINIA,38,83,2454
56,11,DC,DISTRICT OF COLUMBIA,25,26,846
56,50,VT,VERMONT,24,35,946
56,10,DE,DELAWARE,9,18,266
56,44,RI,RHODE ISLAND,6,9,238
