y2_statefips,y1_statefips,y1_state,y1_state_name,n1,n2,AGI
01,96,AL,AL Total Migration US and Foreign,50357,103106,2167719
01,97,AL,AL Total Migration US,49341,100777,2118535
01,98,AL,AL Total Migration Foreign,1016,2329,49184
01,01,AL,AL Non-migrants,1584665,3603439,87222478
01,13,GA,GEORGIA,9726,19988,334270
01,12,FL,FLORIDA,8039,14729,279695
01,47,TN,TENNESSEE,3661,7576,155251
01,48,TX,TEXAS,3166,6773,168283
01,28,MS,MISSISSIPPI,2792,6016,112949
01,06,CA,CALIFORNIA,1701,3451,80533
01,37,NC,NORTH CAROLINA,1603,3542,70304
01,51,VA,VIRGINIA,1490,3264,98155
01,22,LA,LOUISIANA,1323,2743,66179
01,36,NY,NEW YORK,1175,2350,47715
01,26,MI,MICHIGAN,1063,2099,38535
01,39,OH,OHIO,1031,2036,41821
01,57,FR,Foreign,1016,2329,49184
01,17,IL,ILLINOIS,1011,1905,52113
01,45,SC,SOUTH CAROLINA,971,2108,43175
01,21,KY,KENTUCKY,931,2133,39704
01,18,IN,INDIANA,748,1578,31040
01,42,PA,PENNSYLVANIA,641,1231,28554
01,29,MO,MISSOURI,636,1328,29570
01,08,CO,COLORADO,624,1335,37114
01,53,WA,WASHINGTON,591,1263,29368
01,24,MD,MARYLAND,557,1065,33861
01,04,AZ,ARIZONA,515,1054,29965
01,05,AR,ARKANSAS,507,1080,26362
01,40,OK,OKLAHOMA,444,989,28273
01,34,NJ,NEW JERSEY,417,811,20986
01,20,KS,KANSAS,388,976,16998
01,55,WI,WISCONSIN,291,543,24791
01,15,HI,HAWAII,270,665,12070
01,25,MA,MASSACHUSETTS,251,438,11867
01,32,NV,NEVADA,236,464,12379
01,27,MN,MINNESOTA,230,428,11236
01,02,AK,ALASKA,227,553,10230
01,09,CT,CONNECTICUT,224,451,10054
01,35,NM,NEW MEXICO,219,495,9985
01,19,IA,IOWA,208,407,9393
01,54,WV,WEST VIRGINIA,165,349,7830
01,49,UT,UTAH,162,388,6823
01,31,NE,NEBRASKA,139,331,6823
01,41,OR,OREGON,121,223,4191
01,11,DC,DISTRICT OF COLUMBIA,115,164,6765
01,16,ID,IDAHO,98,225,3713
01,56,WY,WYOMING,90,179,3867
01,23,ME,MAINE,87,164,4759
01,30,MT,MONTANA,84,151,3114
01,33,NH,NEW HAMPSHIRE,78,141,3898
01,10,DE,DELAWARE,74,183,4034
01,46,SD,SOUTH DAKOTA,72,126,3436
01,38,ND,NORTH DAKOTA,58,108,2631
01,44,RI,RHODE ISLAND,51,115,1876
01,50,VT,VERMONT,40,63,2001
02,96,AK,AK Total Migration US and Foreign,18130,34228,742719
02,97,AK,AK Total Migration US,17417,32832,712778
02,98,AK,AK Total Migration Foreign,713,1396,29941
02,02,AK,AK Non-migrants,258223,547464,18646593
02,12,FL,FLORIDA,1699,2424,53449
02,53,WA,WASHINGTON,1629,2962,69500
02,06,CA,CALIFORNIA,1619,3070,58351
02,48,TX,TEXAS,1340,2949,71298
02,41,OR,OREGON,797,1356,31067
02,57,FR,Foreign,713,1396,29941
02,08,CO,COLORADO,589,1156,25889
02,04,AZ,ARIZONA,589,1063,30166
02,13,GA,GEORGIA,587,1202,21639
02,37,NC,NORTH CAROLINA,528,1177,18116
02,36,NY,NEW YORK,438,696,16627
02,51,VA,VIRGINIA,408,884,20162
02,26,MI,MICHIGAN,375,698,13725
02,16,ID,IDAHO,360,755,17338
02,15,HI,HAWAII,358,780,13438
02,27,MN,MINNESOTA,331,556,12559
02,30,MT,MONTANA,320,559,10438
02,32,NV,NEVADA,317,557,13246
02,42,PA,PENNSYLVANIA,317,519,13301
02,40,OK,OKLAHOMA,290,632,12518
02,49,UT,UTAH,289,647,12959
02,39,OH,OHIO,281,471,8797
02,17,IL,ILLINOIS,260,474,11145
02,29,MO,MISSOURI,258,569,10384
02,47,TN,TENNESSEE,251,529,10413
02,55,WI,WISCONSIN,249,434,10486
02,35,NM,NEW MEXICO,225,442,10317
02,01,AL,ALABAMA,201,456,8516
02,20,KS,KANSAS,192,448,8209
02,25,MA,MASSACHUSETTS,183,283,7273
02,45,SC,SOUTH CAROLINA,182,380,8867
02,22,LA,LOUISIANA,175,410,9242
02,21,KY,KENTUCKY,145,351,5413
02,56,WY,WYOMING,145,258,6630
02,18,IN,INDIANA,140,268,5117
02,24,MD,MARYLAND,136,264,6498
02,05,AR,ARKANSAS,134,278,4863
02,34,NJ,NEW JERSEY,132,258,7651
02,28,MS,MISSISSIPPI,117,207,4305
02,23,ME,MAINE,101,179,3817
02,46,SD,SOUTH DAKOTA,95,154,3840
02,09,CT,CONNECTICUT,93,135,3829
02,19,IA,IOWA,91,165,2968
02,38,ND,NORTH DAKOTA,88,178,3391
02,33,NH,NEW HAMPSHIRE,76,102,3176
02,31,NE,NEBRASKA,76,148,2720
02,11,DC,DISTRICT OF COLUMBIA,54,79,2752
02,54,WV,WEST VIRGINIA,49,97,1583
02,50,VT,VERMONT,45,63,2146
02,10,DE,DELAWARE,32,60,1536
02,44,RI,RHODE ISLAND,31,50,1106
04,96,AZ,AZ Total Migration US and Foreign,101118,195716,5372697
04,97,AZ,AZ Total Migration US,98730,190316,5258696
04,98,AZ,AZ Total Migration Foreign,2388,5400,114001
04,04,AZ,AZ Non-migrants,2121852,4832574,123282304
04,06,CA,CALIFORNIA,18897,37085,946689
04,48,TX,TEXAS,6402,13141,357709
04,53,WA,WASHINGTON,5451,10614,298019
04,12,FL,FLORIDA,4509,7209,207969
04,17,IL,ILLINOIS,4448,8050,293740
04,08,CO,COLORADO,4405,8530,241555
04,35,NM,NEW MEXICO,3885,8505,150588
04,32,NV,NEVADA,3427,6904,151693
04,36,NY,NEW YORK,2903,4941,162161
04,26,MI,MICHIGAN,2834,5021,138257
04,41,OR,OREGON,2824,5241,160287
04,49,UT,UTAH,2749,6679,129877
04,57,FR,Foreign,2388,5400,114001
04,39,OH,OHIO,2373,4271,124094
04,27,MN,MINNESOTA,2280,4080,148520
04,55,WI,WISCONSIN,1961,3578,110173
04,42,PA,PENNSYLVANIA,1910,3416,117495
04,13,GA,GEORGIA,1720,3312,81090
04,51,VA,VIRGINIA,1706,3362,109934
04,37,NC,NORTH CAROLINA,1679,3457,79787
04,29,MO,MISSOURI,1605,3142,95180
04,18,IN,INDIANA,1545,2934,122183
04,34,NJ,NEW JERSEY,1249,2282,103911
04,19,IA,IOWA,1220,2243,60122
04,16,ID,IDAHO,1119,2351,46668
04,20,KS,KANSAS,1103,2299,58544
04,25,MA,MASSACHUSETTS,1056,1747,68398
04,47,TN,TENNESSEE,1018,2015,48904
04,40,OK,OKLAHOMA,987,2088,44177
04,24,MD,MARYLAND,980,1882,61483
04,31,NE,NEBRASKA,918,1738,28728
04,02,AK,ALASKA,866,1670,51737
04,30,MT,MONTANA,858,1496,40415
04,15,HI,HAWAII,808,1732,37415
04,56,WY,WYOMING,663,1258,35428
04,09,CT,CONNECTICUT,630,1108,68527
04,45,SC,SOUTH CAROLINA,623,1228,28749
04,21,KY,KENTUCKY,611,1251,29427
04,05,AR,ARKANSAS,576,1114,20415
04,46,SD,SOUTH DAKOTA,564,1047,30246
04,01,AL,ALABAMA,548,1121,24245
04,22,LA,LOUISIANA,538,1074,20137
04,38,ND,NORTH DAKOTA,513,909,30332
04,28,MS,MISSISSIPPI,362,701,13490
04,33,NH,NEW HAMPSHIRE,316,580,16748
04,23,ME,MAINE,264,474,13943
04,54,WV,WEST VIRGINIA,209,365,9199
04,44,RI,RHODE ISLAND,179,326,9506
04,11,DC,DISTRICT OF COLUMBIA,148,219,10044
04,10,DE,DELAWARE,147,286,9016
04,50,VT,VERMONT,144,240,11747
05,96,AR,AR Total Migration US and Foreign,32068,66171,1333001
05,97,AR,AR Total Migration US,31580,65126,1309845
05,98,AR,AR Total Migration Foreign,488,1045,23156
05,05,AR,AR Non-migrants,944195,2141981,50556605
05,48,TX,TEXAS,5654,11724,241405
05,29,MO,MISSOURI,2937,6069,98898
05,40,OK,OKLAHOMA,2713,5777,96328
05,06,CA,CALIFORNIA,1976,4095,77038
05,12,FL,FLORIDA,1847,3313,74652
05,47,TN,TENNESSEE,1744,3546,66451
05,22,LA,LOUISIANA,1355,2851,52356
05,17,IL,ILLINOIS,1210,2502,58673
05,28,MS,MISSISSIPPI,1030,2266,39007
05,13,GA,GEORGIA,969,1977,41002
05,20,KS,KANSAS,665,1356,27090
05,37,NC,NORTH CAROLINA,579,1265,22987
05,08,CO,COLORADO,567,1144,25875
05,04,AZ,ARIZONA,536,1101,22324
05,26,MI,MICHIGAN,521,1032,17090
05,01,AL,ALABAMA,494,1123,22667
05,57,FR,Foreign,488,1045,23156
05,39,OH,OHIO,466,954,25777
05,36,NY,NEW YORK,465,919,24107
05,51,VA,VIRGINIA,459,989,28269
05,18,IN,INDIANA,441,908,18027
05,53,WA,WASHINGTON,397,845,16446
05,55,WI,WISCONSIN,361,709,16098
05,19,IA,IOWA,325,682,12646
05,21,KY,KENTUCKY,325,682,12412
05,42,PA,PENNSYLVANIA,317,614,16360
05,45,SC,SOUTH CAROLINA,292,663,14270
05,27,MN,MINNESOTA,285,589,19805
05,32,NV,NEVADA,278,576,9985
05,31,NE,NEBRASKA,226,478,9941
05,35,NM,NEW MEXICO,210,419,9212
05,34,NJ,NEW JERSEY,202,392,15821
05,24,MD,MARYLAND,199,438,11328
05,41,OR,OREGON,182,364,5998
05,02,AK,ALASKA,146,335,7123
05,49,UT,UTAH,145,350,6145
05,25,MA,MASSACHUSETTS,130,225,6874
05,15,HI,HAWAII,130,289,3309
05,16,ID,IDAHO,112,241,3907
05,56,WY,WYOMING,93,190,3307
05,46,SD,SOUTH DAKOTA,88,155,3202
05,54,WV,WEST VIRGINIA,79,171,2997
05,30,MT,MONTANA,79,151,2046
05,09,CT,CONNECTICUT,74,147,5080
05,38,ND,NORTH DAKOTA,64,119,3013
05,11,DC,DISTRICT OF COLUMBIA,58,86,4383
05,23,ME,MAINE,41,79,2367
05,33,NH,NEW HAMPSHIRE,39,79,2971
05,10,DE,DELAWARE,37,86,1388
05,44,RI,RHODE ISLAND,23,37,773
05,50,VT,VERMONT,15,24,612
06,96,CA,CA Total Migration US and Foreign,264729,476184,15558917
06,97,CA,CA Total Migration US,253909,455202,14825586
06,98,CA,CA Total Migration Foreign,10820,20982,733330
06,06,CA,CA Non-migrants,13084530,30080010,949129595
06,48,TX,TEXAS,21828,42597,1303248
06,04,AZ,ARIZONA,18138,34588,886444
06,12,FL,FLORIDA,16879,27248,1003032
06,36,NY,NEW YORK,16661,24614,1442751
06,53,WA,WASHINGTON,16446,30892,1014924
06,32,NV,NEVADA,15728,30087,647779
06,57,FR,Foreign,10820,20982,733330
06,17,IL,ILLINOIS,10596,18282,763314
06,41,OR,OREGON,9747,17289,461174
06,08,CO,COLORADO,8999,16571,488695
06,51,VA,VIRGINIA,7846,14887,507954
06,13,GA,GEORGIA,7785,14276,390351
06,25,MA,MASSACHUSETTS,6602,10035,582924
06,42,PA,PENNSYLVANIA,6056,9766,376539
06,37,NC,NORTH CAROLINA,6037,11868,308254
06,26,MI,MICHIGAN,5822,9389,264838
06,34,NJ,NEW JERSEY,5777,10275,491073
06,39,OH,OHIO,5146,8651,291064
06,15,HI,HAWAII,5067,9465,224059
06,49,UT,UTAH,4882,10757,224230
06,24,MD,MARYLAND,4369,7601,305426
06,29,MO,MISSOURI,3703,6651,189579
06,27,MN,MINNESOTA,3504,6099,207537
06,47,TN,TENNESSEE,3441,6243,171870
06,35,NM,NEW MEXICO,3149,5736,149452
06,18,IN,INDIANA,2983,5330,146276
06,55,WI,WISCONSIN,2833,4900,181462
06,16,ID,IDAHO,2715,5600,229239
06,40,OK,OKLAHOMA,2573,4945,85122
06,09,CT,CONNECTICUT,2554,4242,254122
06,22,LA,LOUISIANA,2267,3974,89566
06,20,KS,KANSAS,2214,4316,84170
06,45,SC,SOUTH CAROLINA,2048,3901,92668
06,01,AL,ALABAMA,1902,3593,80336
06,11,DC,DISTRICT OF COLUMBIA,1749,2235,171675
06,05,AR,ARKANSAS,1710,3271,62789
06,02,AK,ALASKA,1635,3084,73670
06,19,IA,IOWA,1572,2849,72796
06,21,KY,KENTUCKY,1564,2962,66824
06,28,MS,MISSISSIPPI,1279,2449,53290
06,31,NE,NEBRASKA,1277,2327,57918
06,30,MT,MONTANA,1204,2074,51659
06,33,NH,NEW HAMPSHIRE,908,1444,60903
06,44,RI,RHODE ISLAND,797,1351,44668
06,56,WY,WYOMING,734,1305,31945
06,23,ME,MAINE,691,1057,31187
06,46,SD,SOUTH DAKOTA,636,1096,23400
06,50,VT,VERMONT,496,709,21499
06,38,ND,NORTH DAKOTA,467,830,19670
06,10,DE,DELAWARE,461,761,25766
06,54,WV,WEST VIRGINIA,432,730,16452
08,96,CO,CO Total Migration US and Foreign,91094,170243,5212496
08,97,CO,CO Total Migration US,88916,165210,5092258
08,98,CO,CO Total Migration Foreign,2178,5033,120238
08,08,CO,CO Non-migrants,1795419,3943762,130572239
08,06,CA,CALIFORNIA,10183,18620,624790
08,48,TX,TEXAS,8585,17875,563033
08,12,FL,FLORIDA,5502,9472,271324
08,04,AZ,ARIZONA,4572,8884,293938
08,17,IL,ILLINOIS,3305,5550,200732
08,35,NM,NEW MEXICO,2899,5670,137754
08,36,NY,NEW YORK,2783,4489,197894
08,53,WA,WASHINGTON,2561,4772,128410
08,20,KS,KANSAS,2294,4522,95240
08,13,GA,GEORGIA,2253,4370,114720
08,57,FR,Foreign,2178,5033,120238
08,51,VA,VIRGINIA,2156,4150,168290
08,29,MO,MISSOURI,2135,4111,106643
08,56,WY,WYOMING,2059,3688,107851
08,26,MI,MICHIGAN,1972,3287,92402
08,37,NC,NORTH CAROLINA,1967,3914,111684
08,39,OH,OHIO,1961,3334,111495
08,42,PA,PENNSYLVANIA,1848,3076,110957
08,49,UT,UTAH,1846,4296,90031
08,31,NE,NEBRASKA,1831,3365,80264
08,32,NV,NEVADA,1725,3327,77962
08,27,MN,MINNESOTA,1654,2751,97406
08,41,OR,OREGON,1603,2859,106081
08,40,OK,OKLAHOMA,1576,3216,85153
08,55,WI,WISCONSIN,1452,2410,65720
08,19,IA,IOWA,1318,2252,61557
08,47,TN,TENNESSEE,1252,2328,69148
08,18,IN,INDIANA,1247,2319,61960
08,25,MA,MASSACHUSETTS,1212,1881,97622
08,24,MD,MARYLAND,1173,2162,83355
08,34,NJ,NEW JERSEY,1077,1831,109789
08,30,MT,MONTANA,940,1567,42036
08,15,HI,HAWAII,857,1770,43519
08,22,LA,LOUISIANA,831,1674,40396
08,16,ID,IDAHO,809,1631,37105
08,45,SC,SOUTH CAROLINA,772,1479,33165
08,02,AK,ALASKA,746,1442,40445
08,01,AL,ALABAMA,725,1489,37232
08,46,SD,SOUTH DAKOTA,683,1150,25416
08,21,KY,KENTUCKY,681,1525,44212
08,05,AR,ARKANSAS,656,1328,34172
08,09,CT,CONNECTICUT,601,990,60016
08,38,ND,NORTH DAKOTA,544,949,33845
08,28,MS,MISSISSIPPI,408,816,16714
08,33,NH,NEW HAMPSHIRE,320,508,15208
08,11,DC,DISTRICT OF COLUMBIA,303,406,22517
08,23,ME,MAINE,287,440,10496
08,50,VT,VERMONT,274,394,10586
08,54,WV,WEST VIRGINIA,208,391,9091
08,44,RI,RHODE ISLAND,151,278,7438
08,10,DE,DELAWARE,119,202,5445
09,96,CT,CT Total Migration US and Foreign,39062,67699,3165218
09,97,CT,CT Total Migration US,37958,65523,3025916
09,98,CT,CT Total Migration Foreign,1104,2176,139302
09,09,CT,CT Non-migrants,1367856,2870405,133130211
09,36,NY,NEW YORK,10633,18678,1186493
09,12,FL,FLORIDA,4153,6877,250325
09,25,MA,MASSACHUSETTS,3958,6341,238032
09,34,NJ,NEW JERSEY,2072,3650,181547
09,06,CA,CALIFORNIA,1885,3187,153717
09,42,PA,PENNSYLVANIA,1397,2292,88745
09,57,FR,Foreign,1104,2176,139302
09,48,TX,TEXAS,1094,2046,103729
09,44,RI,RHODE ISLAND,1067,1720,50597
09,51,VA,VIRGINIA,1065,1979,65476
09,37,NC,NORTH CAROLINA,994,1860,46669
09,13,GA,GEORGIA,892,1655,44656
09,17,IL,ILLINOIS,672,1227,64550
09,24,MD,MARYLAND,588,1053,41841
09,45,SC,SOUTH CAROLINA,516,935,26363
09,33,NH,NEW HAMPSHIRE,501,812,67928
09,39,OH,OHIO,499,899,69263
09,23,ME,MAINE,447,751,20332
09,04,AZ,ARIZONA,417,693,28351
09,08,CO,COLORADO,390,661,31635
09,26,MI,MICHIGAN,374,683,23302
09,53,WA,WASHINGTON,368,735,21009
09,50,VT,VERMONT,350,541,22553
09,47,TN,TENNESSEE,311,593,22384
09,18,IN,INDIANA,232,411,12563
09,29,MO,MISSOURI,226,380,17505
09,27,MN,MINNESOTA,219,375,14472
09,55,WI,WISCONSIN,203,363,13452
09,11,DC,DISTRICT OF COLUMBIA,198,257,14015
09,32,NV,NEVADA,178,296,3540
09,15,HI,HAWAII,169,312,7976
09,22,LA,LOUISIANA,151,269,8601
09,41,OR,OREGON,151,257,6118
09,01,AL,ALABAMA,148,280,6520
09,20,KS,KANSAS,139,265,6556
09,10,DE,DELAWARE,128,211,9700
09,49,UT,UTAH,122,240,6721
09,21,KY,KENTUCKY,121,200,5845
09,40,OK,OKLAHOMA,112,199,6629
09,19,IA,IOWA,110,193,6196
09,35,NM,NEW MEXICO,103,181,5423
09,02,AK,ALASKA,80,122,2864
09,05,AR,ARKANSAS,75,142,4940
09,28,MS,MISSISSIPPI,73,139,3343
09,56,WY,WYOMING,71,86,1840
09,31,NE,NEBRASKA,62,113,3104
09,30,MT,MONTANA,59,73,1597
09,46,SD,SOUTH DAKOTA,55,76,1614
09,54,WV,WEST VIRGINIA,52,82,2276
09,16,ID,IDAHO,45,85,1593
09,38,ND,NORTH DAKOTA,33,48,1414
10,96,DE,DE Total Migration US and Foreign,16542,29827,857459
10,97,DE,DE Total Migration US,16272,29360,845476
10,98,DE,DE Total Migration Foreign,270,467,11983
10,10,DE,DE Non-migrants,335499,711607,21758217
10,42,PA,PENNSYLVANIA,4024,7213,175259
10,24,MD,MARYLAND,3030,5629,170133
10,34,NJ,NEW JERSEY,1931,3439,126773
10,36,NY,NEW YORK,1175,1956,64670
10,12,FL,FLORIDA,981,1660,37449
10,51,VA,VIRGINIA,758,1387,51654
10,13,GA,GEORGIA,439,807,16111
10,06,CA,CALIFORNIA,406,712,28451
10,37,NC,NORTH CAROLINA,403,758,14918
10,48,TX,TEXAS,375,706,18823
10,57,FR,Foreign,270,467,11983
10,39,OH,OHIO,206,364,10745
10,17,IL,ILLINOIS,181,334,11758
10,45,SC,SOUTH CAROLINA,176,346,7226
10,25,MA,MASSACHUSETTS,158,254,8728
10,09,CT,CONNECTICUT,148,240,8294
10,26,MI,MICHIGAN,145,245,6142
10,47,TN,TENNESSEE,123,240,12616
10,11,DC,DISTRICT OF COLUMBIA,110,157,9638
10,04,AZ,ARIZONA,110,203,5727
10,08,CO,COLORADO,96,167,4476
10,53,WA,WASHINGTON,93,168,4495
10,29,MO,MISSOURI,74,146,3227
10,18,IN,INDIANA,74,133,3331
10,54,WV,WEST VIRGINIA,73,137,2460
10,55,WI,WISCONSIN,71,228,2765
10,27,MN,MINNESOTA,63,107,3750
10,40,OK,OKLAHOMA,60,110,2424
10,01,AL,ALABAMA,60,118,2567
10,22,LA,LOUISIANA,58,101,2248
10,32,NV,NEVADA,52,91,1996
10,28,MS,MISSISSIPPI,50,89,1709
10,21,KY,KENTUCKY,47,89,1795
10,20,KS,KANSAS,44,99,1703
10,05,AR,ARKANSAS,43,87,1570
10,49,UT,UTAH,40,110,1347
10,33,NH,NEW HAMPSHIRE,40,66,2138
10,15,HI,HAWAII,39,81,1579
10,23,ME,MAINE,37,62,2064
10,44,RI,RHODE ISLAND,36,61,1696
10,35,NM,NEW MEXICO,31,58,1379
10,50,VT,VERMONT,29,48,1217
10,19,IA,IOWA,29,48,1458
10,31,NE,NEBRASKA,27,72,1326
10,41,OR,OREGON,26,42,1500
10,02,AK,ALASKA,25,51,1510
10,46,SD,SOUTH DAKOTA,22,29,547
10,38,ND,NORTH DAKOTA,17,34,561
10,30,MT,MONTANA,15,31,513
10,16,ID,IDAHO,13,29,744
10,56,WY,WYOMING,9,18,266
11,96,DC,DC Total Migration US and Foreign,28962,40693,1717077
11,97,DC,DC Total Migration US,28396,39705,1660284
11,98,DC,DC Total Migration Foreign,566,988,56793
11,11,DC,DC Non-migrants,237523,399121,21449487
11,24,MD,MARYLAND,8842,14648,463724
11,51,VA,VIRGINIA,5659,7424,430125
11,36,NY,NEW YORK,1803,2260,138797
11,06,CA,CALIFORNIA,1483,1837,89725
11,12,FL,FLORIDA,1136,1448,34719
11,42,PA,PENNSYLVANIA,910,1069,47163
11,25,MA,MASSACHUSETTS,779,922,50652
11,48,TX,TEXAS,716,942,48095
11,37,NC,NORTH CAROLINA,712,1003,30814
11,13,GA,GEORGIA,600,816,28244
11,17,IL,ILLINOIS,599,730,36201
11,57,FR,Foreign,566,988,56793
11,34,NJ,NEW JERSEY,526,653,29257
11,39,OH,OHIO,395,494,18159
11,26,MI,MICHIGAN,378,450,12147
11,09,CT,CONNECTICUT,305,352,16788
11,53,WA,WASHINGTON,297,382,16862
11,08,CO,COLORADO,251,346,14005
11,45,SC,SOUTH CAROLINA,237,322,11663
11,27,MN,MINNESOTA,205,242,9686
11,47,TN,TENNESSEE,186,236,8598
11,04,AZ,ARIZONA,179,241,8251
11,29,MO,MISSOURI,174,219,10352
11,55,WI,WISCONSIN,168,196,7342
11,18,IN,INDIANA,164,210,7253
11,22,LA,LOUISIANA,138,191,5924
11,41,OR,OREGON,128,145,6283
11,10,DE,DELAWARE,101,129,12870
11,32,NV,NEVADA,97,141,4493
11,21,KY,KENTUCKY,94,133,5164
11,01,AL,ALABAMA,89,131,4499
11,33,NH,NEW HAMPSHIRE,87,105,6070
11,20,KS,KANSAS,78,105,2600
11,54,WV,WEST VIRGINIA,74,104,4008
11,44,RI,RHODE ISLAND,74,101,3592
11,40,OK,OKLAHOMA,71,102,3615
11,19,IA,IOWA,68,88,3385
11,50,VT,VERMONT,65,75,2872
11,23,ME,MAINE,63,74,3016
11,35,NM,NEW MEXICO,60,79,3100
11,02,AK,ALASKA,52,72,2835
11,15,HI,HAWAII,52,84,3596
11,49,UT,UTAH,51,77,2843
11,28,MS,MISSISSIPPI,48,72,2307
11,31,NE,NEBRASKA,47,67,2303
11,05,AR,ARKANSAS,44,61,2207
11,16,ID,IDAHO,36,45,1376
11,56,WY,WYOMING,25,26,846
11,30,MT,MONTANA,22,24,964
11,46,SD,SOUTH DAKOTA,20,23,593
11,38,ND,NORTH DAKOTA,8,9,298
12,96,FL,FL Total Migration US and Foreign,318324,560040,20779839
12,97,FL,FL Total Migration US,308884,541089,20292740
12,98,FL,FL Total Migration Foreign,9440,18951,487099
12,12,FL,FL Non-migrants,6986744,14152056,406073818
12,36,NY,NEW YORK,33519,56541,2143574
12,13,GA,GEORGIA,26495,47184,1187484
12,48,TX,TEXAS,19369,32398,954578
12,34,NJ,NEW JERSEY,14835,26252,1172987
12,06,CA,CALIFORNIA,14514,24087,906197
12,42,PA,PENNSYLVANIA,14124,24253,955677
12,37,NC,NORTH CAROLINA,13906,26462,649088
12,39,OH,OHIO,13203,23025,896031
12,51,VA,VIRGINIA,12086,22541,1004381
12,17,IL,ILLINOIS,11859,20667,1107490
12,26,MI,MICHIGAN,10680,18558,585636
12,25,MA,MASSACHUSETTS,9781,16347,839146
12,57,FR,Foreign,9440,18951,487099
12,47,TN,TENNESSEE,8565,15562,434415
12,01,AL,ALABAMA,7550,14398,296043
12,24,MD,MARYLAND,7285,12665,600253
12,18,IN,INDIANA,6668,12009,369494
12,45,SC,SOUTH CAROLINA,6595,11975,290024
12,09,CT,CONNECTICUT,6475,11437,1612598
12,08,CO,COLORADO,4678,8487,278661
12,29,MO,MISSOURI,4589,8182,316355
12,21,KY,KENTUCKY,4536,8094,221408
12,55,WI,WISCONSIN,4088,7129,345508
12,53,WA,WASHINGTON,4087,7367,211914
12,04,AZ,ARIZONA,4041,6958,196121
12,22,LA,LOUISIANA,3529,6350,157398
12,27,MN,MINNESOTA,3379,6116,377848
12,32,NV,NEVADA,3368,5336,81629
12,28,MS,MISSISSIPPI,2788,5082,124329
12,33,NH,NEW HAMPSHIRE,2556,4161,172343
12,23,ME,MAINE,2288,3803,136394
12,54,WV,WEST VIRGINIA,2175,3510,126470
12,44,RI,RHODE ISLAND,2144,3722,239737
12,40,OK,OKLAHOMA,2094,3861,98863
12,05,AR,ARKANSAS,2009,3583,102245
12,20,KS,KANSAS,1954,3638,105955
12,35,NM,NEW MEXICO,1659,3064,76012
12,19,IA,IOWA,1630,2934,117719
12,41,OR,OREGON,1482,2495,76620
12,10,DE,DELAWARE,1357,2321,95828
12,15,HI,HAWAII,1346,2640,59007
12,49,UT,UTAH,1302,2928,64363
12,02,AK,ALASKA,1270,2165,54539
12,46,SD,SOUTH DAKOTA,1270,1740,108264
12,56,WY,WYOMING,1107,1449,56527
12,31,NE,NEBRASKA,1084,1887,48069
12,50,VT,VERMONT,993,1671,58153
12,11,DC,DISTRICT OF COLUMBIA,969,1301,102811
12,16,ID,IDAHO,651,1180,35107
12,30,MT,MONTANA,514,847,16160
12,38,ND,NORTH DAKOTA,438,727,25287
13,96,GA,GA Total Migration US and Foreign,147834,279698,6389267
13,97,GA,GA Total Migration US,144440,272177,6218009
13,98,GA,GA Total Migration Foreign,3394,7521,171257
13,13,GA,GA Non-migrants,3297861,7445935,187425957
13,12,FL,FLORIDA,29485,50078,1159003
13,01,AL,ALABAMA,9920,19470,329213
13,48,TX,TEXAS,8457,17018,387247
13,37,NC,NORTH CAROLINA,8050,15917,344375
13,45,SC,SOUTH CAROLINA,7849,15311,329189
13,36,NY,NEW YORK,7598,14333,321641
13,47,TN,TENNESSEE,7291,14150,291385
13,06,CA,CALIFORNIA,7194,13146,343534
13,51,VA,VIRGINIA,5052,10016,257944
13,17,IL,ILLINOIS,4182,7920,216408
13,39,OH,OHIO,4033,7533,189220
13,26,MI,MICHIGAN,3529,6402,130167
13,57,FR,Foreign,3394,7521,171257
13,42,PA,PENNSYLVANIA,3305,6161,161661
13,34,NJ,NEW JERSEY,3213,6097,170435
13,24,MD,MARYLAND,2749,5215,138635
13,22,LA,LOUISIANA,2526,4984,83544
13,28,MS,MISSISSIPPI,2245,4411,74205
13,21,KY,KENTUCKY,2014,4355,81675
13,18,IN,INDIANA,1961,3947,81486
13,53,WA,WASHINGTON,1793,3707,94112
13,08,CO,COLORADO,1747,3519,83695
13,29,MO,MISSOURI,1721,3381,79975
13,04,AZ,ARIZONA,1637,3107,79332
13,25,MA,MASSACHUSETTS,1523,2686,86253
13,09,CT,CONNECTICUT,1246,2292,76063
13,55,WI,WISCONSIN,1148,2189,54303
13,20,KS,KANSAS,1038,2380,48011
13,27,MN,MINNESOTA,1030,1908,58639
13,40,OK,OKLAHOMA,1025,2072,45119
13,05,AR,ARKANSAS,977,1988,46682
13,32,NV,NEVADA,842,1530,41212
13,15,HI,HAWAII,750,1782,28052
13,19,IA,IOWA,587,1106,24807
13,41,OR,OREGON,551,1023,22252
13,54,WV,WEST VIRGINIA,548,987,23380
13,35,NM,NEW MEXICO,547,993,22584
13,49,UT,UTAH,539,1233,24645
13,02,AK,ALASKA,504,1050,19723
13,11,DC,DISTRICT OF COLUMBIA,500,669,26985
13,10,DE,DELAWARE,484,885,18878
13,31,NE,NEBRASKA,412,794,17530
13,23,ME,MAINE,389,686,16563
13,33,NH,NEW HAMPSHIRE,377,624,17021
13,16,ID,IDAHO,325,588,11549
13,44,RI,RHODE ISLAND,313,568,13368
13,30,MT,MONTANA,291,472,10131
13,56,WY,WYOMING,259,374,10200
13,46,SD,SOUTH DAKOTA,258,414,9444
13,50,VT,VERMONT,228,382,8281
13,38,ND,NORTH DAKOTA,198,324,8253
15,96,HI,HI Total Migration US and Foreign,26992,53540,1311112
15,97,HI,HI Total Migration US,25213,49453,1215256
15,98,HI,HI Total Migration Foreign,1779,4087,95856
15,15,HI,HI Non-migrants,519186,1075878,30284132
15,06,CA,CALIFORNIA,5567,10139,323572
15,53,WA,WASHINGTON,1950,3933,87393
15,57,FR,Foreign,1779,4087,95856
15,48,TX,TEXAS,1685,3636,70190
15,12,FL,FLORIDA,1467,2746,61379
15,51,VA,VIRGINIA,1005,2310,58230
15,32,NV,NEVADA,819,1536,35269
15,08,CO,COLORADO,817,1626,37283
15,04,AZ,ARIZONA,809,1526,35430
15,36,NY,NEW YORK,803,1429,56120
15,41,OR,OREGON,785,1396,30296
15,13,GA,GEORGIA,737,1657,31305
15,37,NC,NORTH CAROLINA,716,1676,26704
15,17,IL,ILLINOIS,488,869,24098
15,24,MD,MARYLAND,460,971,32849
15,42,PA,PENNSYLVANIA,427,665,16042
15,02,AK,ALASKA,391,790,16974
15,45,SC,SOUTH CAROLINA,390,859,16028
15,29,MO,MISSOURI,379,808,14796
15,39,OH,OHIO,344,630,12791
15,47,TN,TENNESSEE,339,756,12649
15,49,UT,UTAH,324,776,13587
15,26,MI,MICHIGAN,323,559,12086
15,34,NJ,NEW JERSEY,311,559,17521
15,25,MA,MASSACHUSETTS,290,440,14983
15,20,KS,KANSAS,249,633,11813
15,40,OK,OKLAHOMA,239,603,11053
15,27,MN,MINNESOTA,230,401,9703
15,09,CT,CONNECTICUT,229,371,12380
15,55,WI,WISCONSIN,226,361,7751
15,18,IN,INDIANA,218,409,6962
15,16,ID,IDAHO,215,443,8187
15,21,KY,KENTUCKY,215,512,8715
15,01,AL,ALABAMA,212,485,10166
15,22,LA,LOUISIANA,204,460,7575
15,35,NM,NEW MEXICO,202,368,7500
15,30,MT,MONTANA,140,227,9095
15,28,MS,MISSISSIPPI,111,235,4665
15,19,IA,IOWA,108,185,3402
15,05,AR,ARKANSAS,99,198,3543
15,33,NH,NEW HAMPSHIRE,96,158,5286
15,23,ME,MAINE,94,183,3007
15,44,RI,RHODE ISLAND,84,180,3954
15,31,NE,NEBRASKA,71,147,2943
15,11,DC,DISTRICT OF COLUMBIA,65,105,5179
15,10,DE,DELAWARE,62,114,6084
15,54,WV,WEST VIRGINIA,54,100,2569
15,50,VT,VERMONT,47,68,1663
15,56,WY,WYOMING,47,77,1898
15,46,SD,SOUTH DAKOTA,39,66,1340
15,38,ND,NORTH DAKOTA,31,72,1247
16,96,ID,ID Total Migration US and Foreign,24256,50955,1088334
16,97,ID,ID Total Migration US,23811,50051,1068464
16,98,ID,ID Total Migration Foreign,445,904,19870
16,16,ID,ID Non-migrants,517231,1236568,27123376
16,53,WA,WASHINGTON,4275,8587,183336
16,06,CA,CALIFORNIA,3790,7770,189646
16,41,OR,OREGON,2153,4542,84832
16,49,UT,UTAH,2020,4927,76172
16,04,AZ,ARIZONA,1102,2435,49929
16,32,NV,NEVADA,990,2113,46106
16,48,TX,TEXAS,917,2050,47188
16,30,MT,MONTANA,913,1831,34280
16,08,CO,COLORADO,739,1582,36741
16,12,FL,FLORIDA,631,1079,24694
16,56,WY,WYOMING,534,1097,21709
16,02,AK,ALASKA,494,1057,25658
16,57,FR,Foreign,445,904,19870
16,51,VA,VIRGINIA,284,633,19867
16,13,GA,GEORGIA,264,483,9388
16,17,IL,ILLINOIS,255,492,15061
16,37,NC,NORTH CAROLINA,253,573,11858
16,35,NM,NEW MEXICO,229,502,10799
16,29,MO,MISSOURI,224,513,8523
16,39,OH,OHIO,213,459,13179
16,27,MN,MINNESOTA,213,428,10903
16,36,NY,NEW YORK,205,377,9533
16,42,PA,PENNSYLVANIA,201,389,9576
16,47,TN,TENNESSEE,200,417,8057
16,15,HI,HAWAII,200,400,10128
16,40,OK,OKLAHOMA,188,407,8193
16,26,MI,MICHIGAN,180,363,7500
16,55,WI,WISCONSIN,174,375,8208
16,20,KS,KANSAS,165,371,6973
16,38,ND,NORTH DAKOTA,159,364,8218
16,18,IN,INDIANA,143,310,5807
16,21,KY,KENTUCKY,130,284,5464
16,31,NE,NEBRASKA,119,274,5754
16,19,IA,IOWA,119,270,5060
16,46,SD,SOUTH DAKOTA,111,230,4724
16,25,MA,MASSACHUSETTS,104,171,4879
16,05,AR,ARKANSAS,103,225,3574
16,22,LA,LOUISIANA,99,240,5149
16,45,SC,SOUTH CAROLINA,98,232,4694
16,34,NJ,NEW JERSEY,97,195,6189
16,01,AL,ALABAMA,90,188,3706
16,24,MD,MARYLAND,89,167,6040
16,28,MS,MISSISSIPPI,62,128,4202
16,33,NH,NEW HAMPSHIRE,47,83,-7769
16,54,WV,WEST VIRGINIA,46,79,1485
16,09,CT,CONNECTICUT,44,86,3397
16,23,ME,MAINE,43,88,2730
16,50,VT,VERMONT,33,51,1552
16,11,DC,DISTRICT OF COLUMBIA,31,53,3731
16,44,RI,RHODE ISLAND,20,37,776
16,10,DE,DELAWARE,18,44,1066
17,96,IL,IL Total Migration US and Foreign,105892,189745,5713683
17,97,IL,IL Total Migration US,103645,185368,5540017
17,98,IL,IL Total Migration Foreign,2247,4377,173666
17,17,IL,IL Non-migrants,4783295,10682155,338836806
17,18,IN,INDIANA,8869,17242,348818
17,12,FL,FLORIDA,8141,13309,390866
17,06,CA,CALIFORNIA,7870,13675,448842
17,55,WI,WISCONSIN,6940,12593,341313
17,29,MO,MISSOURI,6434,11474,265788
17,48,TX,TEXAS,6338,12089,357942
17,26,MI,MICHIGAN,5246,8536,254756
17,36,NY,NEW YORK,4516,6965,355452
17,19,IA,IOWA,3928,7063,147579
17,39,OH,OHIO,3688,6112,229645
17,13,GA,GEORGIA,3396,6479,158467
17,04,AZ,ARIZONA,2958,5246,139822
17,27,MN,MINNESOTA,2470,4434,134309
17,51,VA,VIRGINIA,2283,4237,139243
17,57,FR,Foreign,2247,4377,173666
17,37,NC,NORTH CAROLINA,2235,4354,120963
17,47,TN,TENNESSEE,2227,4258,107092
17,42,PA,PENNSYLVANIA,2095,3550,136861
17,08,CO,COLORADO,2038,3576,96854
17,34,NJ,NEW JERSEY,1841,3349,148876
17,21,KY,KENTUCKY,1661,3279,96801
17,53,WA,WASHINGTON,1631,3061,94307
17,25,MA,MASSACHUSETTS,1496,2318,107106
17,24,MD,MARYLAND,1239,2143,78395
17,32,NV,NEVADA,1238,2146,106919
17,20,KS,KANSAS,1062,2028,60124
17,05,AR,ARKANSAS,995,1951,41163
17,01,AL,ALABAMA,979,2126,38224
17,28,MS,MISSISSIPPI,872,1696,25449
17,45,SC,SOUTH CAROLINA,824,1526,34684
17,09,CT,CONNECTICUT,814,1471,87153
17,40,OK,OKLAHOMA,797,1544,35622
17,22,LA,LOUISIANA,762,1377,37278
17,11,DC,DISTRICT OF COLUMBIA,686,825,54795
17,41,OR,OREGON,673,1146,37156
17,31,NE,NEBRASKA,655,1189,30295
17,49,UT,UTAH,477,1056,29461
17,35,NM,NEW MEXICO,473,847,23296
17,15,HI,HAWAII,463,891,19802
17,02,AK,ALASKA,256,468,10188
17,16,ID,IDAHO,252,522,10420
17,46,SD,SOUTH DAKOTA,242,454,9498
17,54,WV,WEST VIRGINIA,240,410,11336
17,10,DE,DELAWARE,201,406,17379
17,30,MT,MONTANA,193,333,6809
17,33,NH,NEW HAMPSHIRE,191,321,11519
17,38,ND,NORTH DAKOTA,167,290,8108
17,44,RI,RHODE ISLAND,159,277,11474
17,56,WY,WYOMING,159,289,17603
17,23,ME,MAINE,158,253,6093
17,50,VT,VERMONT,117,184,58071
18,96,IN,IN Total Migration US and Foreign,59135,116379,2690483
18,97,IN,IN Total Migration US,58375,114876,2650985
18,98,IN,IN Total Migration Foreign,760,1503,39498
18,18,IN,IN Non-migrants,2337677,5269060,132778726
18,17,IL,ILLINOIS,10609,21350,504254
18,21,KY,KENTUCKY,5183,10290,186866
18,12,FL,FLORIDA,5178,9163,209090
18,39,OH,OHIO,4703,8880,214187
18,26,MI,MICHIGAN,4335,8416,183267
18,48,TX,TEXAS,2720,5689,140143
18,06,CA,CALIFORNIA,2657,5216,139191
18,47,TN,TENNESSEE,1740,3569,69590
18,13,GA,GEORGIA,1698,3371,71867
18,36,NY,NEW YORK,1437,2680,71246
18,37,NC,NORTH CAROLINA,1417,2990,63797
18,29,MO,MISSOURI,1331,2653,59928
18,51,VA,VIRGINIA,1177,2438,64989
18,04,AZ,ARIZONA,1088,2068,46919
18,55,WI,WISCONSIN,1033,2205,54363
18,42,PA,PENNSYLVANIA,1028,2059,54936
18,08,CO,COLORADO,810,1538,39141
18,57,FR,Foreign,760,1503,39498
18,01,AL,ALABAMA,707,1545,23747
18,45,SC,SOUTH CAROLINA,675,1325,29775
18,53,WA,WASHINGTON,646,1338,27764
18,27,MN,MINNESOTA,638,1220,30594
18,24,MD,MARYLAND,568,1081,31712
18,34,NJ,NEW JERSEY,567,1126,46001
18,19,IA,IOWA,529,1098,21098
18,32,NV,NEVADA,463,869,19067
18,40,OK,OKLAHOMA,442,902,17245
18,22,LA,LOUISIANA,434,830,17609
18,20,KS,KANSAS,431,958,22168
18,05,AR,ARKANSAS,427,889,15332
18,25,MA,MASSACHUSETTS,365,657,21890
18,28,MS,MISSISSIPPI,362,740,13224
18,41,OR,OREGON,291,554,13191
18,49,UT,UTAH,263,609,11970
18,09,CT,CONNECTICUT,263,493,17809
18,35,NM,NEW MEXICO,255,439,9626
18,15,HI,HAWAII,235,486,11179
18,54,WV,WEST VIRGINIA,228,442,9804
18,31,NE,NEBRASKA,200,431,9480
18,02,AK,ALASKA,171,339,7654
18,16,ID,IDAHO,131,272,5230
18,11,DC,DISTRICT OF COLUMBIA,125,154,7560
18,46,SD,SOUTH DAKOTA,112,219,4541
18,56,WY,WYOMING,111,199,5358
18,30,MT,MONTANA,104,184,3697
18,33,NH,NEW HAMPSHIRE,92,161,4067
18,38,ND,NORTH DAKOTA,91,153,3822
18,23,ME,MAINE,86,171,4071
18,10,DE,DELAWARE,75,131,3237
18,44,RI,RHODE ISLAND,73,146,4272
18,50,VT,VERMONT,71,140,3416
19,96,IA,IA Total Migration US and Foreign,30483,59782,1389448
19,97,IA,IA Total Migration US,30151,59089,1369902
19,98,IA,IA Total Migration Foreign,332,693,19546
19,19,IA,IA Non-migrants,1116098,2458641,68465294
19,17,IL,ILLINOIS,4815,9259,208335
19,31,NE,NEBRASKA,2884,5687,114762
19,27,MN,MINNESOTA,2151,4232,95001
19,06,CA,CALIFORNIA,1689,3431,67249
19,48,TX,TEXAS,1667,3442,76901
19,29,MO,MISSOURI,1619,3244,120334
19,55,WI,WISCONSIN,1383,2629,63750
19,12,FL,FLORIDA,1357,2312,39701
19,08,CO,COLORADO,986,1821,44499
19,46,SD,SOUTH DAKOTA,928,1738,39378
19,04,AZ,ARIZONA,900,1667,40291
19,20,KS,KANSAS,729,1504,37532
19,13,GA,GEORGIA,566,1170,23691
19,26,MI,MICHIGAN,556,1188,27210
19,18,IN,INDIANA,527,1106,22601
19,53,WA,WASHINGTON,511,1032,28852
19,37,NC,NORTH CAROLINA,507,1077,26251
19,36,NY,NEW YORK,487,837,22225
19,51,VA,VIRGINIA,445,904,26435
19,39,OH,OHIO,429,879,25661
19,42,PA,PENNSYLVANIA,406,796,23759
19,47,TN,TENNESSEE,390,757,16489
19,57,FR,Foreign,332,693,19546
19,40,OK,OKLAHOMA,315,629,11143
19,41,OR,OREGON,256,505,9859
19,21,KY,KENTUCKY,255,552,11179
19,32,NV,NEVADA,254,478,8320
19,05,AR,ARKANSAS,251,521,9347
19,49,UT,UTAH,234,555,8498
19,01,AL,ALABAMA,212,475,8642
19,38,ND,NORTH DAKOTA,201,400,8774
19,24,MD,MARYLAND,184,360,11353
19,34,NJ,NEW JERSEY,182,342,11016
19,25,MA,MASSACHUSETTS,176,312,8136
19,45,SC,SOUTH CAROLINA,175,340,6844
19,22,LA,LOUISIANA,157,315,5963
19,35,NM,NEW MEXICO,150,301,6482
19,28,MS,MISSISSIPPI,138,307,3590
19,15,HI,HAWAII,135,275,4615
19,56,WY,WYOMING,132,229,4879
19,16,ID,IDAHO,131,273,4708
19,30,MT,MONTANA,122,232,5425
19,09,CT,CONNECTICUT,118,221,6396
19,02,AK,ALASKA,117,213,6040
19,33,NH,NEW HAMPSHIRE,85,133,6611
19,54,WV,WEST VIRGINIA,50,88,1915
19,23,ME,MAINE,48,90,1723
19,10,DE,DELAWARE,47,89,3210
19,11,DC,DISTRICT OF COLUMBIA,46,58,2274
19,44,RI,RHODE ISLAND,27,48,867
19,50,VT,VERMONT,21,36,1186
20,96,KS,KS Total Migration US and Foreign,39256,80043,1774290
20,97,KS,KS Total Migration US,38176,77490,1729617
20,98,KS,KS Total Migration Foreign,1080,2553,44673
20,20,KS,KS Non-migrants,1007495,2273639,65378690
20,29,MO,MISSOURI,9450,17374,436604
20,48,TX,TEXAS,3611,7895,191156
20,40,OK,OKLAHOMA,2275,4820,84793
20,06,CA,CALIFORNIA,2195,4425,83500
20,12,FL,FLORIDA,1794,3336,75659
20,08,CO,COLORADO,1726,3532,74309
20,31,NE,NEBRASKA,1181,2362,55371
20,17,IL,ILLINOIS,1126,2159,60775
20,57,FR,Foreign,1080,2553,44673
20,13,GA,GEORGIA,988,2272,42703
20,04,AZ,ARIZONA,945,1956,38461
20,19,IA,IOWA,731,1438,37933
20,51,VA,VIRGINIA,708,1663,39222
20,37,NC,NORTH CAROLINA,708,1600,31917
20,36,NY,NEW YORK,686,1432,34246
20,53,WA,WASHINGTON,651,1486,31349
20,05,AR,ARKANSAS,603,1258,20194
20,47,TN,TENNESSEE,585,1261,23927
20,39,OH,OHIO,572,1129,25530
20,26,MI,MICHIGAN,536,1016,26694
20,27,MN,MINNESOTA,472,937,22249
20,18,IN,INDIANA,456,988,22902
20,01,AL,ALABAMA,424,1029,17875
20,42,PA,PENNSYLVANIA,415,835,18840
20,22,LA,LOUISIANA,392,909,19387
20,35,NM,NEW MEXICO,379,825,11526
20,32,NV,NEVADA,374,733,11078
20,21,KY,KENTUCKY,350,819,13730
20,55,WI,WISCONSIN,337,683,15037
20,45,SC,SOUTH CAROLINA,302,636,13140
20,34,NJ,NEW JERSEY,288,569,16496
20,24,MD,MARYLAND,282,592,18532
20,41,OR,OREGON,279,513,10096
20,49,UT,UTAH,266,647,10698
20,15,HI,HAWAII,255,651,10839
20,28,MS,MISSISSIPPI,224,509,7906
20,46,SD,SOUTH DAKOTA,200,373,7609
20,02,AK,ALASKA,198,504,9618
20,25,MA,MASSACHUSETTS,173,280,7176
20,56,WY,WYOMING,171,344,7406
20,16,ID,IDAHO,165,381,10544
20,30,MT,MONTANA,126,230,3518
20,38,ND,NORTH DAKOTA,125,247,6216
20,09,CT,CONNECTICUT,102,186,5890
20,54,WV,WEST VIRGINIA,87,163,3624
20,33,NH,NEW HAMPSHIRE,67,123,4459
20,23,ME,MAINE,48,95,1300
20,11,DC,DISTRICT OF COLUMBIA,43,70,3584
20,10,DE,DELAWARE,38,68,1318
20,44,RI,RHODE ISLAND,35,75,1716
20,50,VT,VERMONT,32,62,962
21,96,KY,KY Total Migration US and Foreign,44725,90105,2012482
21,97,KY,KY Total Migration US,43891,88269,1976332
21,98,KY,KY Total Migration Foreign,834,1836,36150
21,21,KY,KY Non-migrants,1453375,3244052,78580986
21,39,OH,OHIO,6405,11885,296738
21,18,IN,INDIANA,5134,9949,252954
21,47,TN,TENNESSEE,4341,9325,159414
21,12,FL,FLORIDA,3824,6874,142542
21,48,TX,TEXAS,2134,4631,97365
21,17,IL,ILLINOIS,1956,3888,93303
21,13,GA,GEORGIA,1781,3811,69163
21,06,CA,CALIFORNIA,1539,2950,68411
21,26,MI,MICHIGAN,1532,3229,73891
21,37,NC,NORTH CAROLINA,1374,2956,58178
21,51,VA,VIRGINIA,1192,2525,61733
21,36,NY,NEW YORK,1024,1982,53669
21,29,MO,MISSOURI,936,1911,45554
21,57,FR,Foreign,834,1836,36150
21,01,AL,ALABAMA,829,1891,36402
21,54,WV,WEST VIRGINIA,808,1639,37908
21,42,PA,PENNSYLVANIA,783,1480,40600
21,45,SC,SOUTH CAROLINA,753,1638,33186
21,53,WA,WASHINGTON,540,1180,25162
21,08,CO,COLORADO,524,1138,23280
21,04,AZ,ARIZONA,515,1037,22792
21,24,MD,MARYLAND,440,921,25898
21,22,LA,LOUISIANA,422,912,18007
21,55,WI,WISCONSIN,411,893,18742
21,28,MS,MISSISSIPPI,361,732,16312
21,40,OK,OKLAHOMA,357,783,14233
21,34,NJ,NEW JERSEY,352,669,19106
21,05,AR,ARKANSAS,347,771,15159
21,27,MN,MINNESOTA,321,635,18105
21,20,KS,KANSAS,310,712,12095
21,19,IA,IOWA,236,485,11795
21,25,MA,MASSACHUSETTS,229,381,11912
21,32,NV,NEVADA,227,429,10369
21,41,OR,OREGON,213,396,9923
21,15,HI,HAWAII,192,506,9289
21,09,CT,CONNECTICUT,178,323,12813
21,49,UT,UTAH,174,438,7823
21,35,NM,NEW MEXICO,153,309,8367
21,02,AK,ALASKA,144,340,6414
21,31,NE,NEBRASKA,117,233,6765
21,23,ME,MAINE,95,203,3094
21,16,ID,IDAHO,91,197,2708
21,11,DC,DISTRICT OF COLUMBIA,88,120,5268
21,33,NH,NEW HAMPSHIRE,82,154,2989
21,30,MT,MONTANA,78,146,2320
21,10,DE,DELAWARE,75,134,3132
21,46,SD,SOUTH DAKOTA,63,120,2719
21,56,WY,WYOMING,59,116,2342
21,44,RI,RHODE ISLAND,57,119,2530
21,50,VT,VERMONT,52,89,2090
21,38,ND,NORTH DAKOTA,43,84,1765
22,96,LA,LA Total Migration US and Foreign,45390,89378,1912319
22,97,LA,LA Total Migration US,44358,87135,1867545
22,98,LA,LA Total Migration Foreign,1032,2243,44774
22,22,LA,LA Non-migrants,1494882,3326865,85336631
22,48,TX,TEXAS,10326,21171,461279
22,12,FL,FLORIDA,4069,7002,157489
22,28,MS,MISSISSIPPI,3903,8097,142779
22,13,GA,GEORGIA,2735,5593,97310
22,06,CA,CALIFORNIA,2477,4495,113051
22,01,AL,ALABAMA,1514,3210,64656
22,05,AR,ARKANSAS,1351,2835,54211
22,37,NC,NORTH CAROLINA,1294,2984,49223
22,47,TN,TENNESSEE,1285,2646,49447
22,36,NY,NEW YORK,1170,1950,53389
22,51,VA,VIRGINIA,1113,2326,60304
22,57,FR,Foreign,1032,2243,44774
22,17,IL,ILLINOIS,963,1661,39583
22,29,MO,MISSOURI,764,1534,37556
22,08,CO,COLORADO,721,1483,46106
22,39,OH,OHIO,705,1327,30489
22,26,MI,MICHIGAN,678,1239,24704
22,53,WA,WASHINGTON,630,1220,22747
22,40,OK,OKLAHOMA,624,1277,24040
22,45,SC,SOUTH CAROLINA,596,1234,25921
22,42,PA,PENNSYLVANIA,596,1007,27348
22,04,AZ,ARIZONA,585,1186,25056
22,18,IN,INDIANA,521,1058,19654
22,24,MD,MARYLAND,494,885,27228
22,21,KY,KENTUCKY,488,986,17271
22,34,NJ,NEW JERSEY,378,663,21751
22,32,NV,NEVADA,371,635,14416
22,20,KS,KANSAS,367,814,15388
22,25,MA,MASSACHUSETTS,354,537,15245
22,55,WI,WISCONSIN,304,571,13645
22,27,MN,MINNESOTA,286,478,10375
22,02,AK,ALASKA,277,542,11006
22,41,OR,OREGON,271,451,9569
22,35,NM,NEW MEXICO,247,440,11237
22,15,HI,HAWAII,211,505,7700
22,19,IA,IOWA,190,338,6706
22,09,CT,CONNECTICUT,184,299,-954
22,49,UT,UTAH,167,398,6597
22,11,DC,DISTRICT OF COLUMBIA,151,200,8277
22,54,WV,WEST VIRGINIA,149,274,6794
22,31,NE,NEBRASKA,147,302,6954
22,16,ID,IDAHO,94,190,4114
22,56,WY,WYOMING,93,184,7258
22,23,ME,MAINE,84,146,2674
22,38,ND,NORTH DAKOTA,80,180,5221
22,30,MT,MONTANA,74,127,3370
22,10,DE,DELAWARE,67,120,3242
22,46,SD,SOUTH DAKOTA,64,115,2018
22,44,RI,RHODE ISLAND,57,95,1566
22,33,NH,NEW HAMPSHIRE,57,82,1826
22,50,VT,VERMONT,32,43,710
23,96,ME,ME Total Migration US and Foreign,14894,25404,819413
23,97,ME,ME Total Migration US,14621,24919,802146
23,98,ME,ME Total Migration Foreign,273,485,17267
23,23,ME,ME Non-migrants,497401,1011920,27437953
23,25,MA,MASSACHUSETTS,2100,3376,146647
23,33,NH,NEW HAMPSHIRE,1996,3307,88756
23,12,FL,FLORIDA,1766,2917,74483
23,36,NY,NEW YORK,965,1532,70916
23,09,CT,CONNECTICUT,631,1109,36899
23,06,CA,CALIFORNIA,630,1038,34472
23,42,PA,PENNSYLVANIA,503,881,26297
23,48,TX,TEXAS,467,883,24177
23,51,VA,VIRGINIA,438,826,26340
23,37,NC,NORTH CAROLINA,422,804,16735
23,34,NJ,NEW JERSEY,341,608,32321
23,50,VT,VERMONT,308,483,13935
23,13,GA,GEORGIA,299,562,14131
23,57,FR,Foreign,273,485,17267
23,08,CO,COLORADO,259,442,11160
23,24,MD,MARYLAND,253,469,19614
23,04,AZ,ARIZONA,214,389,8767
23,39,OH,OHIO,210,371,17823
23,53,WA,WASHINGTON,207,361,8393
23,26,MI,MICHIGAN,195,315,9268
23,44,RI,RHODE ISLAND,192,324,9106
23,17,IL,ILLINOIS,171,269,10830
23,47,TN,TENNESSEE,161,312,6366
23,45,SC,SOUTH CAROLINA,160,288,7527
23,41,OR,OREGON,124,207,7029
23,18,IN,INDIANA,101,172,4663
23,55,WI,WISCONSIN,99,160,5309
23,02,AK,ALASKA,98,187,4154
23,29,MO,MISSOURI,95,201,3800
23,27,MN,MINNESOTA,95,166,6409
23,11,DC,DISTRICT OF COLUMBIA,77,107,7059
23,49,UT,UTAH,75,129,3663
23,20,KS,KANSAS,75,145,3771
23,32,NV,NEVADA,74,132,3020
23,01,AL,ALABAMA,70,131,3084
23,21,KY,KENTUCKY,67,126,2424
23,15,HI,HAWAII,67,133,2970
23,22,LA,LOUISIANA,67,112,2925
23,35,NM,NEW MEXICO,63,115,4505
23,40,OK,OKLAHOMA,56,109,2083
23,30,MT,MONTANA,51,79,1560
23,10,DE,DELAWARE,49,92,3826
23,05,AR,ARKANSAS,45,74,1588
23,56,WY,WYOMING,44,72,2192
23,19,IA,IOWA,43,76,2250
23,16,ID,IDAHO,43,75,1326
23,54,WV,WEST VIRGINIA,41,71,1636
23,28,MS,MISSISSIPPI,34,64,1757
23,31,NE,NEBRASKA,30,48,1284
23,46,SD,SOUTH DAKOTA,29,38,989
23,38,ND,NORTH DAKOTA,21,32,1903
24,96,MD,MD Total Migration US and Foreign,82056,147909,4573189
24,97,MD,MD Total Migration US,79647,142745,4424057
24,98,MD,MD Total Migration Foreign,2409,5164,149132
24,24,MD,MD Non-migrants,2151774,4597056,172514937
24,51,VA,VIRGINIA,12625,22710,750048
24,11,DC,DISTRICT OF COLUMBIA,9434,16752,562529
24,42,PA,PENNSYLVANIA,7258,12314,379177
24,12,FL,FLORIDA,6006,10162,293042
24,36,NY,NEW YORK,5177,8712,311704
24,06,CA,CALIFORNIA,3839,6875,244777
24,37,NC,NORTH CAROLINA,3300,6323,145097
24,34,NJ,NEW JERSEY,3252,5769,218852
24,48,TX,TEXAS,3180,6202,173491
24,13,GA,GEORGIA,2691,4998,126745
24,57,FR,Foreign,2409,5164,149132
24,10,DE,DELAWARE,2306,4229,98426
24,54,WV,WEST VIRGINIA,1586,2794,58060
24,39,OH,OHIO,1538,2650,83596
24,17,IL,ILLINOIS,1339,2372,96395
24,25,MA,MASSACHUSETTS,1297,2115,84067
24,45,SC,SOUTH CAROLINA,1278,2328,52159
24,26,MI,MICHIGAN,1116,1911,55855
24,47,TN,TENNESSEE,885,1706,57648
24,08,CO,COLORADO,879,1731,57511
24,53,WA,WASHINGTON,870,1680,48646
24,09,CT,CONNECTICUT,839,1435,57612
24,04,AZ,ARIZONA,832,1571,43842
24,18,IN,INDIANA,576,1019,27071
24,29,MO,MISSOURI,572,1053,38591
24,01,AL,ALABAMA,531,1039,25979
24,15,HI,HAWAII,499,1137,28577
24,21,KY,KENTUCKY,454,886,24308
24,32,NV,NEVADA,417,750,21343
24,22,LA,LOUISIANA,412,793,19363
24,27,MN,MINNESOTA,408,730,24189
24,55,WI,WISCONSIN,406,722,24243
24,20,KS,KANSAS,332,727,18462
24,40,OK,OKLAHOMA,316,634,14773
24,35,NM,NEW MEXICO,299,594,17108
24,41,OR,OREGON,291,538,14592
24,49,UT,UTAH,276,630,15647
24,28,MS,MISSISSIPPI,264,497,9259
24,44,RI,RHODE ISLAND,260,431,12642
24,23,ME,MAINE,259,446,11295
24,33,NH,NEW HAMPSHIRE,235,378,11534
24,19,IA,IOWA,227,427,13065
24,05,AR,ARKANSAS,216,400,10307
24,02,AK,ALASKA,195,363,10638
24,31,NE,NEBRASKA,165,322,9063
24,50,VT,VERMONT,116,176,5414
24,16,ID,IDAHO,105,222,4570
24,30,MT,MONTANA,89,149,3690
24,46,SD,SOUTH DAKOTA,78,142,4084
24,56,WY,WYOMING,70,116,2604
24,38,ND,NORTH DAKOTA,52,85,2364
25,96,MA,MA Total Migration US and Foreign,69756,111669,4345144
25,97,MA,MA Total Migration US,67822,108362,4222984
25,98,MA,MA Total Migration Foreign,1934,3307,122160
25,25,MA,MA Non-migrants,2506803,5155990,218108553
25,36,NY,NEW YORK,8673,13004,579143
25,12,FL,FLORIDA,7851,12766,355901
25,33,NH,NEW HAMPSHIRE,6121,9624,436693
25,09,CT,CONNECTICUT,4924,7767,329041
25,06,CA,CALIFORNIA,4886,7532,335713
25,44,RI,RHODE ISLAND,4423,7174,248526
25,34,NJ,NEW JERSEY,2817,4766,232922
25,42,PA,PENNSYLVANIA,2561,4133,160364
25,48,TX,TEXAS,2114,3560,129462
25,57,FR,Foreign,1934,3307,122160
25,51,VA,VIRGINIA,1901,3237,134911
25,37,NC,NORTH CAROLINA,1786,3094,84329
25,23,ME,MAINE,1782,2684,95661
25,17,IL,ILLINOIS,1547,2412,123038
25,13,GA,GEORGIA,1431,2501,73728
25,24,MD,MARYLAND,1326,2151,98567
25,39,OH,OHIO,1138,1921,103365
25,50,VT,VERMONT,1116,1604,45659
25,08,CO,COLORADO,891,1426,50376
25,53,WA,WASHINGTON,844,1451,59672
25,26,MI,MICHIGAN,844,1311,48740
25,04,AZ,ARIZONA,793,1308,41270
25,11,DC,DISTRICT OF COLUMBIA,738,900,49132
25,45,SC,SOUTH CAROLINA,611,1033,28084
25,47,TN,TENNESSEE,560,944,36764
25,27,MN,MINNESOTA,513,821,35130
25,55,WI,WISCONSIN,486,762,28155
25,41,OR,OREGON,452,734,26831
25,18,IN,INDIANA,435,754,31163
25,29,MO,MISSOURI,425,682,25379
25,32,NV,NEVADA,375,629,20397
25,01,AL,ALABAMA,328,595,13109
25,22,LA,LOUISIANA,311,465,11770
25,21,KY,KENTUCKY,301,516,13842
25,15,HI,HAWAII,271,433,10798
25,49,UT,UTAH,269,438,12585
25,35,NM,NEW MEXICO,238,374,12251
25,20,KS,KANSAS,214,351,9682
25,40,OK,OKLAHOMA,185,297,8366
25,19,IA,IOWA,185,269,17105
25,10,DE,DELAWARE,175,292,14614
25,28,MS,MISSISSIPPI,142,234,6628
25,05,AR,ARKANSAS,136,236,13336
25,02,AK,ALASKA,135,257,5489
25,54,WV,WEST VIRGINIA,101,170,5071
25,31,NE,NEBRASKA,101,170,5095
25,16,ID,IDAHO,91,173,4360
25,30,MT,MONTANA,83,119,2952
25,56,WY,WYOMING,65,94,2835
25,46,SD,SOUTH DAKOTA,65,94,3025
25,38,ND,NORTH DAKOTA,62,100,1953
26,96,MI,MI Total Migration US and Foreign,70606,130146,3393658
26,97,MI,MI Total Migration US,69223,127264,3275388
26,98,MI,MI Total Migration Foreign,1383,2882,118271
26,26,MI,MI Non-migrants,3584920,7754876,210119214
26,12,FL,FLORIDA,8764,14676,328860
26,39,OH,OHIO,5548,10496,267874
26,17,IL,ILLINOIS,5361,9472,371178
26,06,CA,CALIFORNIA,4383,7750,236032
26,18,IN,INDIANA,4262,8525,217530
26,48,TX,TEXAS,4080,8062,179063
26,36,NY,NEW YORK,2844,4819,136332
26,13,GA,GEORGIA,2809,5105,89939
26,47,TN,TENNESSEE,2273,4366,83486
26,04,AZ,ARIZONA,2218,3996,87893
26,37,NC,NORTH CAROLINA,2203,4326,87385
26,55,WI,WISCONSIN,2164,3853,104882
26,51,VA,VIRGINIA,1715,3294,91663
26,42,PA,PENNSYLVANIA,1653,2922,87631
26,08,CO,COLORADO,1470,2663,74348
26,57,FR,Foreign,1383,2882,118271
26,21,KY,KENTUCKY,1122,2296,42830
26,29,MO,MISSOURI,1088,2153,51124
26,53,WA,WASHINGTON,1078,2006,51968
26,01,AL,ALABAMA,976,1946,33224
26,45,SC,SOUTH CAROLINA,973,1882,42136
26,32,NV,NEVADA,924,1605,35508
26,34,NJ,NEW JERSEY,908,1703,64207
26,27,MN,MINNESOTA,903,1698,62110
26,24,MD,MARYLAND,895,1618,54347
26,25,MA,MASSACHUSETTS,750,1225,49603
26,22,LA,LOUISIANA,596,1093,21337
26,19,IA,IOWA,554,1102,33235
26,40,OK,OKLAHOMA,503,975,16419
26,05,AR,ARKANSAS,497,1002,17517
26,20,KS,KANSAS,493,955,21746
26,28,MS,MISSISSIPPI,490,1005,16235
26,41,OR,OREGON,469,801,18910
26,09,CT,CONNECTICUT,428,741,29821
26,35,NM,NEW MEXICO,353,639,14337
26,49,UT,UTAH,351,793,17734
26,02,AK,ALASKA,333,630,15379
26,15,HI,HAWAII,317,618,11892
26,56,WY,WYOMING,283,522,10235
26,11,DC,DISTRICT OF COLUMBIA,272,362,13823
26,31,NE,NEBRASKA,255,519,12451
26,54,WV,WEST VIRGINIA,254,451,10366
26,38,ND,NORTH DAKOTA,224,413,9515
26,30,MT,MONTANA,202,354,6891
26,16,ID,IDAHO,178,360,7442
26,46,SD,SOUTH DAKOTA,171,341,7075
26,33,NH,NEW HAMPSHIRE,166,298,8848
26,23,ME,MAINE,150,282,7762
26,44,RI,RHODE ISLAND,115,198,5625
26,10,DE,DELAWARE,108,205,5059
26,50,VT,VERMONT,97,148,4579
27,96,MN,MN Total Migration US and Foreign,46026,82849,2375613
27,97,MN,MN Total Migration US,45359,81566,2318515
27,98,MN,MN Total Migration Foreign,667,1283,57098
27,27,MN,MN Non-migrants,1998905,4363263,142359148
27,55,WI,WISCONSIN,6746,11313,292446
27,38,ND,NORTH DAKOTA,3442,5618,143203
27,06,CA,CALIFORNIA,3132,5707,169864
27,17,IL,ILLINOIS,2748,5089,163821
27,19,IA,IOWA,2500,4506,113166
27,12,FL,FLORIDA,2487,4144,130777
27,48,TX,TEXAS,2403,4765,132973
27,04,AZ,ARIZONA,1665,2943,88683
27,46,SD,SOUTH DAKOTA,1513,2621,60870
27,08,CO,COLORADO,1368,2414,75139
27,36,NY,NEW YORK,1221,2035,79368
27,26,MI,MICHIGAN,1083,2013,53739
27,53,WA,WASHINGTON,971,1817,56518
27,13,GA,GEORGIA,969,1821,41083
27,29,MO,MISSOURI,852,1668,45566
27,39,OH,OHIO,835,1616,53117
27,51,VA,VIRGINIA,732,1405,48457
27,18,IN,INDIANA,728,1444,34213
27,37,NC,NORTH CAROLINA,727,1398,40267
27,31,NE,NEBRASKA,691,1349,32139
27,42,PA,PENNSYLVANIA,688,1231,45480
27,57,FR,Foreign,667,1283,57098
27,47,TN,TENNESSEE,506,1003,30732
27,32,NV,NEVADA,499,871,22712
27,20,KS,KANSAS,498,981,25835
27,41,OR,OREGON,483,846,21934
27,25,MA,MASSACHUSETTS,483,821,34531
27,34,NJ,NEW JERSEY,455,879,32511
27,30,MT,MONTANA,390,646,14853
27,24,MD,MARYLAND,381,713,27706
27,40,OK,OKLAHOMA,324,668,14178
27,05,AR,ARKANSAS,321,653,16611
27,02,AK,ALASKA,320,578,16593
27,49,UT,UTAH,300,631,14947
27,21,KY,KENTUCKY,271,600,13776
27,09,CT,CONNECTICUT,267,491,19315
27,35,NM,NEW MEXICO,246,452,19190
27,45,SC,SOUTH CAROLINA,244,466,10625
27,16,ID,IDAHO,229,445,9105
27,15,HI,HAWAII,225,387,10836
27,01,AL,ALABAMA,214,430,8834
27,22,LA,LOUISIANA,208,348,7133
27,56,WY,WYOMING,207,358,9094
27,28,MS,MISSISSIPPI,179,356,5398
27,11,DC,DISTRICT OF COLUMBIA,164,207,10486
27,23,ME,MAINE,107,196,4491
27,33,NH,NEW HAMPSHIRE,86,167,4643
27,50,VT,VERMONT,78,131,3007
27,54,WV,WEST VIRGINIA,63,119,2690
27,44,RI,RHODE ISLAND,56,95,2974
27,10,DE,DELAWARE,54,111,2883
28,96,MS,MS Total Migration US and Foreign,32218,65144,1208998
28,97,MS,MS Total Migration US,31692,64067,1189559
28,98,MS,MS Total Migration Foreign,526,1077,19438
28,28,MS,MS Non-migrants,955589,2192151,45239692
28,47,TN,TENNESSEE,5244,11052,179405
28,22,LA,LOUISIANA,3512,7337,133364
28,01,AL,ALABAMA,2868,6433,106796
28,12,FL,FLORIDA,2783,4814,91982
28,48,TX,TEXAS,2638,5436,104940
28,13,GA,GEORGIA,2069,4191,70200
28,06,CA,CALIFORNIA,1154,2257,50700
28,05,AR,ARKANSAS,1061,2261,37834
28,17,IL,ILLINOIS,1056,2129,35464
28,37,NC,NORTH CAROLINA,720,1485,26835
28,51,VA,VIRGINIA,681,1434,31627
28,29,MO,MISSOURI,588,1181,21098
28,26,MI,MICHIGAN,545,1008,18681
28,39,OH,OHIO,538,962,25537
28,57,FR,Foreign,526,1077,19438
28,36,NY,NEW YORK,495,931,28260
28,18,IN,INDIANA,448,881,14498
28,08,CO,COLORADO,433,778,17318
28,45,SC,SOUTH CAROLINA,393,810,16536
28,21,KY,KENTUCKY,373,780,15729
28,55,WI,WISCONSIN,340,637,10503
28,42,PA,PENNSYLVANIA,336,614,13154
28,53,WA,WASHINGTON,307,572,11897
28,40,OK,OKLAHOMA,282,594,10457
28,04,AZ,ARIZONA,273,532,10430
28,24,MD,MARYLAND,244,466,11744
28,20,KS,KANSAS,228,476,7788
28,32,NV,NEVADA,176,315,5973
28,34,NJ,NEW JERSEY,171,304,8091
28,27,MN,MINNESOTA,145,288,4988
28,25,MA,MASSACHUSETTS,140,246,5364
28,35,NM,NEW MEXICO,137,284,5789
28,19,IA,IOWA,132,250,4736
28,15,HI,HAWAII,130,286,5633
28,49,UT,UTAH,104,279,4270
28,31,NE,NEBRASKA,104,223,3970
28,41,OR,OREGON,100,174,3564
28,02,AK,ALASKA,99,184,4935
28,54,WV,WEST VIRGINIA,87,169,3613
28,09,CT,CONNECTICUT,86,138,5531
28,11,DC,DISTRICT OF COLUMBIA,57,83,2873
28,30,MT,MONTANA,50,90,1616
28,16,ID,IDAHO,50,117,1502
28,46,SD,SOUTH DAKOTA,47,90,1762
28,38,ND,NORTH DAKOTA,45,84,2146
28,33,NH,NEW HAMPSHIRE,44,83,1976
28,10,DE,DELAWARE,42,78,2837
28,56,WY,WYOMING,41,81,1674
28,23,ME,MAINE,37,68,1633
28,44,RI,RHODE ISLAND,32,59,1457
28,50,VT,VERMONT,27,43,851
29,96,MO,MO Total Migration US and Foreign,62375,120065,2809313
29,97,MO,MO Total Migration US,61299,117776,2755372
29,98,MO,MO Total Migration Foreign,1076,2289,53941
29,29,MO,MO Non-migrants,2086044,4541279,123347957
29,20,KS,KANSAS,9601,17698,406104
29,17,IL,ILLINOIS,8117,14385,364532
29,48,TX,TEXAS,4353,8711,194627
29,06,CA,CALIFORNIA,3525,6571,166663
29,12,FL,FLORIDA,3457,5995,151933
29,05,AR,ARKANSAS,2642,5533,91144
29,19,IA,IOWA,1888,3718,85581
29,40,OK,OKLAHOMA,1861,3754,68127
29,08,CO,COLORADO,1510,2961,67549
29,13,GA,GEORGIA,1508,3148,64912
29,47,TN,TENNESSEE,1394,2792,59773
29,04,AZ,ARIZONA,1288,2461,56910
29,18,IN,INDIANA,1265,2710,58742
29,36,NY,NEW YORK,1245,2259,64592
29,37,NC,NORTH CAROLINA,1181,2479,52100
29,26,MI,MICHIGAN,1135,2101,48352
29,39,OH,OHIO,1118,2159,54823
29,57,FR,Foreign,1076,2289,53941
29,51,VA,VIRGINIA,1070,2247,64130
29,31,NE,NEBRASKA,1051,1924,48824
29,53,WA,WASHINGTON,981,2102,42846
29,55,WI,WISCONSIN,874,1732,44092
29,21,KY,KENTUCKY,821,1723,35296
29,42,PA,PENNSYLVANIA,761,1467,44224
29,27,MN,MINNESOTA,752,1401,39929
29,22,LA,LOUISIANA,714,1440,30373
29,01,AL,ALABAMA,629,1297,22810
29,32,NV,NEVADA,576,1036,25443
29,28,MS,MISSISSIPPI,573,1237,21627
29,45,SC,SOUTH CAROLINA,499,1047,21821
29,34,NJ,NEW JERSEY,493,894,42676
29,24,MD,MARYLAND,462,860,26136
29,41,OR,OREGON,396,804,14275
29,49,UT,UTAH,387,983,16074
29,15,HI,HAWAII,380,866,14317
29,35,NM,NEW MEXICO,361,708,14616
29,25,MA,MASSACHUSETTS,360,599,27436
29,02,AK,ALASKA,293,640,12757
29,46,SD,SOUTH DAKOTA,242,466,9065
29,09,CT,CONNECTICUT,224,410,15656
29,16,ID,IDAHO,219,485,8688
29,56,WY,WYOMING,196,376,7775
29,30,MT,MONTANA,155,293,6840
29,38,ND,NORTH DAKOTA,136,263,5296
29,11,DC,DISTRICT OF COLUMBIA,125,167,7769
29,54,WV,WEST VIRGINIA,114,214,11291
29,33,NH,NEW HAMPSHIRE,102,204,5569
29,23,ME,MAINE,78,134,3387
29,10,DE,DELAWARE,76,138,3343
29,50,VT,VERMONT,58,96,1938
29,44,RI,RHODE ISLAND,53,88,2587
30,96,MT,MT Total Migration US and Foreign,16654,31208,764145
30,97,MT,MT Total Migration US,16364,30612,747559
30,98,MT,MT Total Migration Foreign,290,596,16587
30,30,MT,MT Non-migrants,369539,767894,19909671
30,53,WA,WASHINGTON,1818,3396,79575
30,06,CA,CALIFORNIA,1671,3138,89956
30,16,ID,IDAHO,882,1853,31330
30,08,CO,COLORADO,871,1597,40434
30,56,WY,WYOMING,844,1654,39707
30,41,OR,OREGON,809,1459,27916
30,48,TX,TEXAS,793,1531,34227
30,04,AZ,ARIZONA,749,1354,32242
30,38,ND,NORTH DAKOTA,603,1246,29458
30,12,FL,FLORIDA,582,983,21504
30,49,UT,UTAH,447,1005,24624
30,27,MN,MINNESOTA,432,753,20311
30,32,NV,NEVADA,422,796,20974
30,13,GA,GEORGIA,349,566,14019
30,02,AK,ALASKA,332,628,19387
30,17,IL,ILLINOIS,307,550,16830
30,57,FR,Foreign,290,596,16587
30,36,NY,NEW YORK,283,457,17606
30,55,WI,WISCONSIN,257,467,12395
30,26,MI,MICHIGAN,254,476,8774
30,37,NC,NORTH CAROLINA,252,447,9401
30,42,PA,PENNSYLVANIA,244,453,13076
30,46,SD,SOUTH DAKOTA,224,439,9132
30,39,OH,OHIO,218,378,8663
30,51,VA,VIRGINIA,217,421,13445
30,35,NM,NEW MEXICO,207,387,10243
30,29,MO,MISSOURI,193,354,7232
30,20,KS,KANSAS,156,311,7256
30,47,TN,TENNESSEE,149,283,7571
30,40,OK,OKLAHOMA,149,312,6804
30,31,NE,NEBRASKA,138,267,5124
30,18,IN,INDIANA,127,240,4643
30,19,IA,IOWA,123,214,4992
30,15,HI,HAWAII,121,209,4337
30,25,MA,MASSACHUSETTS,104,151,6434
30,24,MD,MARYLAND,102,172,5960
30,34,NJ,NEW JERSEY,94,163,5968
30,45,SC,SOUTH CAROLINA,91,166,3308
30,05,AR,ARKANSAS,90,205,3459
30,21,KY,KENTUCKY,88,171,2983
30,22,LA,LOUISIANA,86,173,3490
30,01,AL,ALABAMA,77,141,2866
30,23,ME,MAINE,70,114,3752
30,33,NH,NEW HAMPSHIRE,65,92,2378
30,09,CT,CONNECTICUT,61,91,3210
30,50,VT,VERMONT,58,82,1842
30,28,MS,MISSISSIPPI,49,101,2533
30,54,WV,WEST VIRGINIA,33,63,1810
30,11,DC,DISTRICT OF COLUMBIA,29,36,2381
30,44,RI,RHODE ISLAND,27,41,1444
30,10,DE,DELAWARE,17,26,551
31,96,NE,NE Total Migration US and Foreign,20626,41322,928629
31,97,NE,NE Total Migration US,20216,40423,908130
31,98,NE,NE Total Migration Foreign,410,899,20499
31,31,NE,NE Non-migrants,668413,1499439,41923011
31,19,IA,IOWA,3087,6005,119102
31,08,CO,COLORADO,1467,2918,61303
31,48,TX,TEXAS,1427,2996,67290
31,06,CA,CALIFORNIA,1374,2878,59369
31,20,KS,KANSAS,1180,2392,53756
31,12,FL,FLORIDA,1041,1826,48795
31,29,MO,MISSOURI,950,1856,39191
31,46,SD,SOUTH DAKOTA,748,1426,35529
31,04,AZ,ARIZONA,722,1391,31003
31,17,IL,ILLINOIS,685,1343,38325
31,27,MN,MINNESOTA,553,1053,23443
31,57,FR,Foreign,410,899,20499
31,13,GA,GEORGIA,385,815,16736
31,53,WA,WASHINGTON,382,746,17123
31,56,WY,WYOMING,377,733,16345
31,40,OK,OKLAHOMA,356,809,16736
31,51,VA,VIRGINIA,332,766,23379
31,36,NY,NEW YORK,331,577,12380
31,55,WI,WISCONSIN,283,555,16534
31,39,OH,OHIO,281,557,13043
31,47,TN,TENNESSEE,275,538,10636
31,37,NC,NORTH CAROLINA,275,578,11185
31,32,NV,NEVADA,271,548,26505
31,26,MI,MICHIGAN,268,535,12595
31,18,IN,INDIANA,229,493,12948
31,49,UT,UTAH,209,523,8222
31,41,OR,OREGON,205,391,6875
31,42,PA,PENNSYLVANIA,204,374,9610
31,05,AR,ARKANSAS,201,427,7370
31,35,NM,NEW MEXICO,193,418,7736
31,01,AL,ALABAMA,173,452,6919
31,24,MD,MARYLAND,156,296,9235
31,22,LA,LOUISIANA,148,327,5947
31,16,ID,IDAHO,148,361,4505
31,38,ND,NORTH DAKOTA,137,275,5391
31,21,KY,KENTUCKY,135,300,5172
31,34,NJ,NEW JERSEY,124,221,5498
31,45,SC,SOUTH CAROLINA,121,232,5264
31,28,MS,MISSISSIPPI,120,231,4463
31,30,MT,MONTANA,116,201,3832
31,02,AK,ALASKA,99,193,4861
31,25,MA,MASSACHUSETTS,98,162,5879
31,15,HI,HAWAII,94,205,4004
31,09,CT,CONNECTICUT,57,123,4305
31,33,NH,NEW HAMPSHIRE,38,63,2063
31,54,WV,WEST VIRGINIA,36,80,1706
31,23,ME,MAINE,34,60,1268
31,11,DC,DISTRICT OF COLUMBIA,28,38,1536
31,44,RI,RHODE ISLAND,24,54,1362
31,10,DE,DELAWARE,21,49,1056
31,50,VT,VERMONT,18,33,800
32,96,NV,NV Total Migration US and Foreign,62658,112932,3164228
32,97,NV,NV Total Migration US,61543,110716,3102514
32,98,NV,NV Total Migration Foreign,1115,2216,61714
32,32,NV,NV Non-migrants,976852,2134827,57377331
32,06,CA,CALIFORNIA,19313,36506,972459
32,12,FL,FLORIDA,6185,7898,196816
32,04,AZ,ARIZONA,3520,7004,180091
32,48,TX,TEXAS,3046,5499,159822
32,53,WA,WASHINGTON,2310,4428,126508
32,49,UT,UTAH,2266,5155,94604
32,17,IL,ILLINOIS,1690,3021,119070
32,36,NY,NEW YORK,1659,2602,117534
32,08,CO,COLORADO,1624,2988,78768
32,41,OR,OREGON,1508,2760,69145
32,15,HI,HAWAII,1124,2099,48618
32,57,FR,Foreign,1115,2216,61714
32,13,GA,GEORGIA,1060,1805,38555
32,26,MI,MICHIGAN,1048,1739,54760
32,16,ID,IDAHO,1003,2133,43255
32,39,OH,OHIO,957,1607,45366
32,42,PA,PENNSYLVANIA,816,1354,58899
32,51,VA,VIRGINIA,807,1491,87214
32,35,NM,NEW MEXICO,732,1368,33676
32,37,NC,NORTH CAROLINA,692,1241,28912
32,34,NJ,NEW JERSEY,646,1031,44090
32,29,MO,MISSOURI,643,1165,25246
32,18,IN,INDIANA,602,1064,24288
32,55,WI,WISCONSIN,578,1004,31171
32,47,TN,TENNESSEE,544,950,35336
32,27,MN,MINNESOTA,516,866,28392
32,02,AK,ALASKA,485,889,27618
32,40,OK,OKLAHOMA,480,945,26954
32,30,MT,MONTANA,450,833,19022
32,24,MD,MARYLAND,450,776,41551
32,25,MA,MASSACHUSETTS,425,642,27133
32,56,WY,WYOMING,366,718,22318
32,20,KS,KANSAS,363,702,18826
32,22,LA,LOUISIANA,343,620,14844
32,45,SC,SOUTH CAROLINA,339,662,14855
32,01,AL,ALABAMA,331,563,18510
32,19,IA,IOWA,303,581,13527
32,31,NE,NEBRASKA,299,514,17759
32,05,AR,ARKANSAS,282,541,12430
32,09,CT,CONNECTICUT,242,412,18546
32,21,KY,KENTUCKY,240,401,10088
32,28,MS,MISSISSIPPI,239,447,9785
32,46,SD,SOUTH DAKOTA,208,357,9096
32,38,ND,NORTH DAKOTA,172,340,7173
32,33,NH,NEW HAMPSHIRE,135,211,7574
32,54,WV,WEST VIRGINIA,106,170,3452
32,44,RI,RHODE ISLAND,103,157,6032
32,11,DC,DISTRICT OF COLUMBIA,89,114,4354
32,23,ME,MAINE,84,135,2788
32,10,DE,DELAWARE,61,103,2779
32,50,VT,VERMONT,59,105,2901
33,96,NH,NH Total Migration US and Foreign,22370,37034,1341107
33,97,NH,NH Total Migration US,22062,36481,1324516
33,98,NH,NH Total Migration Foreign,308,553,16592
33,33,NH,NH Non-migrants,518129,1073956,37925226
33,25,MA,MASSACHUSETTS,6983,11419,482202
33,12,FL,FLORIDA,2277,3410,93563
33,23,ME,MAINE,1797,2913,76988
33,50,VT,VERMONT,1304,2169,57836
33,36,NY,NEW YORK,1249,2008,103085
33,06,CA,CALIFORNIA,817,1338,52670
33,09,CT,CONNECTICUT,705,1214,60376
33,48,TX,TEXAS,633,1065,38162
33,42,PA,PENNSYLVANIA,468,822,27070
33,51,VA,VIRGINIA,449,820,27696
33,34,NJ,NEW JERSEY,425,759,37253
33,37,NC,NORTH CAROLINA,417,745,16808
33,13,GA,GEORGIA,333,523,15794
33,44,RI,RHODE ISLAND,312,551,19860
33,57,FR,Foreign,308,553,16592
33,08,CO,COLORADO,306,498,14632
33,17,IL,ILLINOIS,257,493,16718
33,04,AZ,ARIZONA,247,429,10056
33,24,MD,MARYLAND,239,406,19785
33,39,OH,OHIO,224,375,13229
33,45,SC,SOUTH CAROLINA,222,364,11189
33,53,WA,WASHINGTON,204,352,10188
33,26,MI,MICHIGAN,154,259,9687
33,47,TN,TENNESSEE,152,311,6716
33,27,MN,MINNESOTA,114,190,7179
33,19,IA,IOWA,113,150,4565
33,18,IN,INDIANA,113,194,6299
33,55,WI,WISCONSIN,111,198,6900
33,41,OR,OREGON,111,195,6340
33,29,MO,MISSOURI,106,190,5665
33,32,NV,NEVADA,92,170,8273
33,35,NM,NEW MEXICO,84,142,4029
33,49,UT,UTAH,81,165,5528
33,01,AL,ALABAMA,78,146,3794
33,22,LA,LOUISIANA,76,119,2885
33,21,KY,KENTUCKY,74,139,4035
33,15,HI,HAWAII,74,131,3981
33,02,AK,ALASKA,73,116,3088
33,11,DC,DISTRICT OF COLUMBIA,66,84,5171
33,40,OK,OKLAHOMA,62,139,2834
33,20,KS,KANSAS,58,101,2657
33,30,MT,MONTANA,50,80,2081
33,31,NE,NEBRASKA,48,71,3046
33,10,DE,DELAWARE,46,86,3368
33,56,WY,WYOMING,42,58,1498
33,05,AR,ARKANSAS,41,73,2236
33,16,ID,IDAHO,39,73,1515
33,46,SD,SOUTH DAKOTA,38,65,2138
33,38,ND,NORTH DAKOTA,36,50,1381
33,54,WV,WEST VIRGINIA,34,59,1377
33,28,MS,MISSISSIPPI,28,54,1092
34,96,NJ,NJ Total Migration US and Foreign,93345,161959,6006654
34,97,NJ,NJ Total Migration US,90339,156481,5766367
34,98,NJ,NJ Total Migration Foreign,3006,5478,240287
34,34,NJ,NJ Non-migrants,3315529,7259031,283388695
34,36,NY,NEW YORK,30974,53445,2332422
34,42,PA,PENNSYLVANIA,13519,23051,730987
34,12,FL,FLORIDA,10383,16836,485151
34,06,CA,CALIFORNIA,3994,7131,330299
34,57,FR,Foreign,3006,5478,240287
34,51,VA,VIRGINIA,2593,4771,152763
34,37,NC,NORTH CAROLINA,2473,4648,115201
34,48,TX,TEXAS,2469,4780,167176
34,25,MA,MASSACHUSETTS,2272,3660,155580
34,13,GA,GEORGIA,2247,3982,103336
34,24,MD,MARYLAND,2098,3712,131574
34,09,CT,CONNECTICUT,1965,3471,148798
34,17,IL,ILLINOIS,1600,2885,127079
34,10,DE,DELAWARE,1225,2107,76774
34,39,OH,OHIO,1097,2032,73684
34,45,SC,SOUTH CAROLINA,988,1742,33956
34,04,AZ,ARIZONA,822,1413,39476
34,26,MI,MICHIGAN,778,1324,48074
34,08,CO,COLORADO,623,1169,42762
34,53,WA,WASHINGTON,621,1180,55062
34,47,TN,TENNESSEE,586,1094,38121
34,32,NV,NEVADA,450,804,22231
34,18,IN,INDIANA,444,836,29257
34,11,DC,DISTRICT OF COLUMBIA,440,553,30869
34,44,RI,RHODE ISLAND,436,632,17723
34,29,MO,MISSOURI,399,688,25579
34,27,MN,MINNESOTA,396,690,27620
34,55,WI,WISCONSIN,365,617,20090
34,22,LA,LOUISIANA,333,575,14938
34,01,AL,ALABAMA,286,575,11648
34,33,NH,NEW HAMPSHIRE,283,471,14196
34,21,KY,KENTUCKY,273,515,14708
34,15,HI,HAWAII,238,436,10848
34,40,OK,OKLAHOMA,236,432,7541
34,20,KS,KANSAS,228,428,13163
34,41,OR,OREGON,210,378,9847
34,50,VT,VERMONT,207,304,20788
34,23,ME,MAINE,206,334,10191
34,49,UT,UTAH,200,378,10303
34,54,WV,WEST VIRGINIA,193,321,6828
34,05,AR,ARKANSAS,186,347,17661
34,19,IA,IOWA,183,319,8376
34,28,MS,MISSISSIPPI,179,305,7357
34,02,AK,ALASKA,131,223,5482
34,35,NM,NEW MEXICO,126,226,5251
34,31,NE,NEBRASKA,100,174,4427
34,16,ID,IDAHO,70,115,2415
34,46,SD,SOUTH DAKOTA,65,105,3074
34,30,MT,MONTANA,57,106,2284
34,56,WY,WYOMING,48,81,1784
34,38,ND,NORTH DAKOTA,44,80,1612
35,96,NM,NM Total Migration US and Foreign,28700,57204,1326057
35,97,NM,NM Total Migration US,27853,55316,1287983
35,98,NM,NM Total Migration Foreign,847,1888,38074
35,35,NM,NM Non-migrants,708371,1547279,36655792
35,48,TX,TEXAS,5963,12764,253871
35,04,AZ,ARIZONA,3251,7358,121239
35,06,CA,CALIFORNIA,2875,5368,143522
35,08,CO,COLORADO,2157,4301,90016
35,12,FL,FLORIDA,1337,2284,54097
35,57,FR,Foreign,847,1888,38074
35,53,WA,WASHINGTON,773,1372,35790
35,32,NV,NEVADA,687,1482,32722
35,17,IL,ILLINOIS,590,1066,33390
35,36,NY,NEW YORK,587,945,34981
35,40,OK,OKLAHOMA,558,1134,26397
35,51,VA,VIRGINIA,518,1036,39234
35,49,UT,UTAH,471,1153,17954
35,13,GA,GEORGIA,467,885,17773
35,37,NC,NORTH CAROLINA,422,833,16762
35,41,OR,OREGON,416,738,32887
35,39,OH,OHIO,400,733,20864
35,42,PA,PENNSYLVANIA,393,647,20454
35,26,MI,MICHIGAN,358,636,16509
35,29,MO,MISSOURI,355,695,16073
35,20,KS,KANSAS,349,719,14010
35,47,TN,TENNESSEE,300,613,13046
35,27,MN,MINNESOTA,271,451,18128
35,02,AK,ALASKA,268,540,13559
35,22,LA,LOUISIANA,267,514,11674
35,25,MA,MASSACHUSETTS,261,384,12846
35,24,MD,MARYLAND,261,532,19264
35,18,IN,INDIANA,256,463,13121
35,55,WI,WISCONSIN,244,395,12884
35,34,NJ,NEW JERSEY,218,392,15245
35,05,AR,ARKANSAS,218,420,8282
35,16,ID,IDAHO,205,459,9520
35,56,WY,WYOMING,202,397,8748
35,01,AL,ALABAMA,193,395,8701
35,45,SC,SOUTH CAROLINA,179,352,8139
35,30,MT,MONTANA,169,315,6027
35,15,HI,HAWAII,163,298,5646
35,21,KY,KENTUCKY,157,312,6170
35,31,NE,NEBRASKA,154,295,11112
35,19,IA,IOWA,149,271,6292
35,46,SD,SOUTH DAKOTA,121,211,4328
35,28,MS,MISSISSIPPI,116,230,4259
35,09,CT,CONNECTICUT,110,166,7418
35,33,NH,NEW HAMPSHIRE,73,110,3552
35,23,ME,MAINE,73,105,2539
35,38,ND,NORTH DAKOTA,65,143,3257
35,11,DC,DISTRICT OF COLUMBIA,65,95,7639
35,54,WV,WEST VIRGINIA,58,119,2582
35,50,VT,VERMONT,48,73,2447
35,10,DE,DELAWARE,40,84,1868
35,44,RI,RHODE ISLAND,22,33,1147
36,96,NY,NY Total Migration US and Foreign,174801,276618,10914577
36,97,NY,NY Total Migration US,167262,264501,10098272
36,98,NY,NY Total Migration Foreign,7539,12117,816305
36,36,NY,NY Non-migrants,7286027,14998711,577612365
36,12,FL,FLORIDA,25658,39186,1104420
36,34,NJ,NEW JERSEY,25516,40388,2069958
36,06,CA,CALIFORNIA,13473,19106,1030492
36,42,PA,PENNSYLVANIA,13422,21597,617388
36,09,CT,CONNECTICUT,8462,12979,1074969
36,25,MA,MASSACHUSETTS,8032,11222,524407
36,57,FR,Foreign,7539,12117,816305
36,48,TX,TEXAS,6652,11332,480036
36,37,NC,NORTH CAROLINA,6138,11041,250338
36,13,GA,GEORGIA,6011,10623,230619
36,51,VA,VIRGINIA,5873,10037,301756
36,24,MD,MARYLAND,4336,6732,254714
36,17,IL,ILLINOIS,4200,6173,272726
36,39,OH,OHIO,3225,5252,164353
36,45,SC,SOUTH CAROLINA,2761,4734,97247
36,26,MI,MICHIGAN,2483,4066,120137
36,04,AZ,ARIZONA,2233,3585,131196
36,53,WA,WASHINGTON,2141,3445,111614
36,11,DC,DISTRICT OF COLUMBIA,2010,2425,154969
36,08,CO,COLORADO,1930,3076,115512
36,47,TN,TENNESSEE,1661,2919,75114
36,29,MO,MISSOURI,1249,2130,60318
36,44,RI,RHODE ISLAND,1242,1759,55763
36,50,VT,VERMONT,1217,1888,52991
36,27,MN,MINNESOTA,1178,1819,67741
36,32,NV,NEVADA,1156,1850,54982
36,18,IN,INDIANA,1117,1968,45519
36,55,WI,WISCONSIN,1032,1580,48735
36,10,DE,DELAWARE,974,1518,80661
36,33,NH,NEW HAMPSHIRE,972,1480,52744
36,22,LA,LOUISIANA,965,1617,34251
36,41,OR,OREGON,955,1342,45960
36,01,AL,ALABAMA,924,1744,35229
36,21,KY,KENTUCKY,808,1521,34267
36,23,ME,MAINE,736,1151,35701
36,15,HI,HAWAII,724,1270,27390
36,40,OK,OKLAHOMA,679,1306,23472
36,49,UT,UTAH,657,1173,28669
36,20,KS,KANSAS,652,1201,26990
36,35,NM,NEW MEXICO,507,780,24383
36,19,IA,IOWA,470,759,16913
36,05,AR,ARKANSAS,442,800,17517
36,02,AK,ALASKA,436,760,16328
36,28,MS,MISSISSIPPI,396,696,12898
36,54,WV,WEST VIRGINIA,385,584,13417
36,31,NE,NEBRASKA,307,496,11293
36,16,ID,IDAHO,252,497,10151
36,30,MT,MONTANA,211,310,6772
36,56,WY,WYOMING,148,199,-33093
36,46,SD,SOUTH DAKOTA,133,189,4029
36,38,ND,NORTH DAKOTA,121,196,4319
37,96,NC,NC Total Migration US and Foreign,132795,261958,6658988
37,97,NC,NC Total Migration US,129207,253961,6476418
37,98,NC,NC Total Migration Foreign,3588,7997,182570
37,37,NC,NC Non-migrants,3231903,7307116,187777461
37,12,FL,FLORIDA,15361,27926,635009
37,51,VA,VIRGINIA,12157,24638,640242
37,45,SC,SOUTH CAROLINA,11326,22203,463476
37,36,NY,NEW YORK,10233,19162,488183
37,13,GA,GEORGIA,9146,18228,394913
37,06,CA,CALIFORNIA,6222,12659,350812
37,48,TX,TEXAS,5946,12347,325562
37,42,PA,PENNSYLVANIA,5280,9981,294220
37,39,OH,OHIO,4558,8691,247607
37,34,NJ,NEW JERSEY,4444,8842,272288
37,24,MD,MARYLAND,4073,7851,236818
37,57,FR,Foreign,3588,7997,182570
37,47,TN,TENNESSEE,3534,7164,166451
37,26,MI,MICHIGAN,2773,5422,138363
37,17,IL,ILLINOIS,2746,5466,188570
37,25,MA,MASSACHUSETTS,2208,4133,143319
37,01,AL,ALABAMA,1881,4010,79090
37,04,AZ,ARIZONA,1704,3426,83332
37,09,CT,CONNECTICUT,1698,3347,136296
37,08,CO,COLORADO,1680,3379,83555
37,53,WA,WASHINGTON,1675,3486,91610
37,18,IN,INDIANA,1605,3245,83819
37,21,KY,KENTUCKY,1474,3102,61002
37,29,MO,MISSOURI,1313,2739,67668
37,54,WV,WEST VIRGINIA,1282,2427,55023
37,22,LA,LOUISIANA,1158,2559,54294
37,55,WI,WISCONSIN,1059,2069,62624
37,20,KS,KANSAS,909,2198,47806
37,27,MN,MINNESOTA,876,1681,57547
37,40,OK,OKLAHOMA,807,1779,35584
37,28,MS,MISSISSIPPI,807,1670,33495
37,15,HI,HAWAII,765,1826,32888
37,32,NV,NEVADA,713,1348,32456
37,11,DC,DISTRICT OF COLUMBIA,696,1055,46078
37,33,NH,NEW HAMPSHIRE,665,1270,40787
37,41,OR,OREGON,635,1203,36026
37,05,AR,ARKANSAS,633,1316,25762
37,19,IA,IOWA,580,1119,33654
37,23,ME,MAINE,529,994,22483
37,10,DE,DELAWARE,523,962,28701
37,35,NM,NEW MEXICO,495,957,23558
37,02,AK,ALASKA,485,1097,21487
37,49,UT,UTAH,451,1036,20364
37,44,RI,RHODE ISLAND,422,785,21211
37,50,VT,VERMONT,386,649,18317
37,31,NE,NEBRASKA,330,642,16022
37,16,ID,IDAHO,275,622,10821
37,30,MT,MONTANA,232,395,7956
37,56,WY,WYOMING,172,338,6803
37,46,SD,SOUTH DAKOTA,166,291,7140
37,38,ND,NORTH DAKOTA,119,226,5326
38,96,ND,ND Total Migration US and Foreign,16508,31739,710070
38,97,ND,ND Total Migration US,16151,30962,696565
38,98,ND,ND Total Migration Foreign,357,777,13504
38,38,ND,ND Non-migrants,257259,539483,18549095
38,27,MN,MINNESOTA,4148,6876,168156
38,30,MT,MONTANA,852,1629,39197
38,46,SD,SOUTH DAKOTA,806,1553,32164
38,48,TX,TEXAS,742,1578,43681
38,06,CA,CALIFORNIA,710,1363,26348
38,53,WA,WASHINGTON,662,1361,28283
38,08,CO,COLORADO,654,1343,38178
38,12,FL,FLORIDA,582,1040,17921
38,04,AZ,ARIZONA,530,1025,28326
38,16,ID,IDAHO,496,1152,18330
38,55,WI,WISCONSIN,458,881,21774
38,26,MI,MICHIGAN,390,741,14024
38,56,WY,WYOMING,368,740,22156
38,57,FR,Foreign,357,777,13504
38,41,OR,OREGON,305,588,11060
38,49,UT,UTAH,296,818,14173
38,17,IL,ILLINOIS,291,540,12082
38,13,GA,GEORGIA,285,533,9569
38,32,NV,NEVADA,240,477,10712
38,31,NE,NEBRASKA,236,454,9834
38,29,MO,MISSOURI,209,421,8819
38,19,IA,IOWA,209,433,9343
38,40,OK,OKLAHOMA,175,358,8670
38,39,OH,OHIO,173,335,6321
38,37,NC,NORTH CAROLINA,173,352,5768
38,51,VA,VIRGINIA,160,370,8137
38,36,NY,NEW YORK,153,277,7401
38,22,LA,LOUISIANA,153,337,7045
38,18,IN,INDIANA,151,328,5710
38,02,AK,ALASKA,150,298,7320
38,42,PA,PENNSYLVANIA,147,263,5606
38,47,TN,TENNESSEE,146,312,6007
38,20,KS,KANSAS,129,248,5497
38,35,NM,NEW MEXICO,114,282,6315
38,24,MD,MARYLAND,94,178,3961
38,45,SC,SOUTH CAROLINA,91,184,2663
38,28,MS,MISSISSIPPI,91,184,2924
38,05,AR,ARKANSAS,91,202,5372
38,21,KY,KENTUCKY,86,167,2515
38,01,AL,ALABAMA,75,168,3239
38,34,NJ,NEW JERSEY,68,118,3037
38,15,HI,HAWAII,61,124,2132
38,25,MA,MASSACHUSETTS,39,58,1151
38,23,ME,MAINE,33,54,1062
38,09,CT,CONNECTICUT,29,45,983
38,54,WV,WEST VIRGINIA,28,50,844
38,10,DE,DELAWARE,19,33,676
38,11,DC,DISTRICT OF COLUMBIA,16,21,839
38,33,NH,NEW HAMPSHIRE,15,30,544
38,44,RI,RHODE ISLAND,14,31,522
38,50,VT,VERMONT,8,9,175
39,96,OH,OH Total Migration US and Foreign,83192,156265,4097282
39,97,OH,OH Total Migration US,81626,153145,4005648
39,98,OH,OH Total Migration Foreign,1566,3120,91634
39,39,OH,OH Non-migrants,4313539,9049415,250021075
39,12,FL,FLORIDA,9676,16449,423470
39,21,KY,KENTUCKY,5903,11300,223695
39,26,MI,MICHIGAN,5169,9746,220851
39,42,PA,PENNSYLVANIA,5035,8967,248116
39,18,IN,INDIANA,4643,8867,196077
39,48,TX,TEXAS,4144,8285,226901
39,06,CA,CALIFORNIA,4011,7143,224542
39,36,NY,NEW YORK,3568,6441,195945
39,17,IL,ILLINOIS,3337,6113,224405
39,37,NC,NORTH CAROLINA,3286,6547,164276
39,13,GA,GEORGIA,3273,6204,150640
39,54,WV,WEST VIRGINIA,2925,5605,102923
39,51,VA,VIRGINIA,2619,5182,150402
39,47,TN,TENNESSEE,2241,4421,89988
39,04,AZ,ARIZONA,1782,3309,83974
39,45,SC,SOUTH CAROLINA,1568,2990,65027
39,57,FR,Foreign,1566,3120,91634
39,08,CO,COLORADO,1388,2590,74854
39,24,MD,MARYLAND,1364,2590,85319
39,34,NJ,NEW JERSEY,1320,2642,87579
39,29,MO,MISSOURI,1156,2240,66561
39,53,WA,WASHINGTON,1047,2129,47326
39,01,AL,ALABAMA,955,1995,38206
39,25,MA,MASSACHUSETTS,954,1701,65109
39,55,WI,WISCONSIN,930,1838,54456
39,32,NV,NEVADA,800,1470,36370
39,27,MN,MINNESOTA,673,1268,46391
39,40,OK,OKLAHOMA,613,1185,26530
39,22,LA,LOUISIANA,606,1205,28249
39,09,CT,CONNECTICUT,541,1053,42074
39,20,KS,KANSAS,533,1094,29010
39,19,IA,IOWA,489,959,25115
39,05,AR,ARKANSAS,449,947,24755
39,28,MS,MISSISSIPPI,440,911,17043
39,41,OR,OREGON,414,730,18434
39,35,NM,NEW MEXICO,413,765,19078
39,49,UT,UTAH,412,929,18675
39,15,HI,HAWAII,356,662,13683
39,31,NE,NEBRASKA,283,558,35513
39,11,DC,DISTRICT OF COLUMBIA,279,376,21539
39,02,AK,ALASKA,275,518,11320
39,33,NH,NEW HAMPSHIRE,233,442,13975
39,23,ME,MAINE,200,333,8731
39,10,DE,DELAWARE,185,377,10565
39,56,WY,WYOMING,183,326,10117
39,46,SD,SOUTH DAKOTA,173,288,7164
39,30,MT,MONTANA,172,288,5811
39,16,ID,IDAHO,163,364,6337
39,50,VT,VERMONT,151,269,6352
39,44,RI,RHODE ISLAND,150,260,6772
39,38,ND,NORTH DAKOTA,146,274,5402
40,96,OK,OK Total Migration US and Foreign,43141,90736,1918834
40,97,OK,OK Total Migration US,42183,88465,1876137
40,98,OK,OK Total Migration Foreign,958,2271,42696
40,40,OK,OK Non-migrants,1211375,2744997,73606908
40,48,TX,TEXAS,10381,21924,534884
40,06,CA,CALIFORNIA,3089,6359,120680
40,20,KS,KANSAS,2932,6352,135614
40,05,AR,ARKANSAS,2909,6434,105972
40,12,FL,FLORIDA,2195,3970,76355
40,29,MO,MISSOURI,2068,4219,79430
40,08,CO,COLORADO,1498,3149,71677
40,13,GA,GEORGIA,1124,2522,43572
40,04,AZ,ARIZONA,1025,2123,42021
40,57,FR,Foreign,958,2271,42696
40,17,IL,ILLINOIS,886,1792,38278
40,37,NC,NORTH CAROLINA,836,1877,31960
40,36,NY,NEW YORK,776,1437,30902
40,22,LA,LOUISIANA,750,1686,35618
40,47,TN,TENNESSEE,740,1603,30944
40,53,WA,WASHINGTON,732,1645,41558
40,35,NM,NEW MEXICO,709,1508,31120
40,51,VA,VIRGINIA,698,1466,34633
40,39,OH,OHIO,575,1123,24494
40,26,MI,MICHIGAN,573,1070,17932
40,42,PA,PENNSYLVANIA,553,1092,28092
40,32,NV,NEVADA,522,1076,33795
40,01,AL,ALABAMA,470,1083,19193
40,18,IN,INDIANA,448,1006,19452
40,28,MS,MISSISSIPPI,408,847,13216
40,19,IA,IOWA,379,774,16464
40,45,SC,SOUTH CAROLINA,370,823,13362
40,31,NE,NEBRASKA,366,814,18218
40,21,KY,KENTUCKY,353,750,11554
40,41,OR,OREGON,350,716,12081
40,27,MN,MINNESOTA,325,612,13229
40,55,WI,WISCONSIN,315,658,12806
40,49,UT,UTAH,306,755,14712
40,24,MD,MARYLAND,284,552,13105
40,15,HI,HAWAII,269,634,11440
40,34,NJ,NEW JERSEY,247,467,13787
40,02,AK,ALASKA,237,606,13969
40,56,WY,WYOMING,193,363,8659
40,25,MA,MASSACHUSETTS,183,295,8038
40,16,ID,IDAHO,161,344,5147
40,30,MT,MONTANA,153,321,6016
40,38,ND,NORTH DAKOTA,134,272,7742
40,46,SD,SOUTH DAKOTA,129,273,5369
40,54,WV,WEST VIRGINIA,120,257,6769
40,09,CT,CONNECTICUT,104,200,8148
40,33,NH,NEW HAMPSHIRE,71,153,2738
40,23,ME,MAINE,61,109,2335
40,11,DC,DISTRICT OF COLUMBIA,51,78,2850
40,44,RI,RHODE ISLAND,46,101,2109
40,10,DE,DELAWARE,42,97,2379
40,50,VT,VERMONT,37,78,1721
41,96,OR,OR Total Migration US and Foreign,54435,97621,2580601
41,97,OR,OR Total Migration US,53736,96276,2548313
41,98,OR,OR Total Migration Foreign,699,1345,32288
41,41,OR,OR Non-migrants,1354341,2908142,80869357
41,06,CA,CALIFORNIA,12838,23290,657897
41,53,WA,WASHINGTON,11105,20015,493435
41,04,AZ,ARIZONA,2538,4667,113795
41,48,TX,TEXAS,2107,3951,113254
41,16,ID,IDAHO,1988,4136,67427
41,12,FL,FLORIDA,1672,2670,70309
41,08,CO,COLORADO,1668,2890,81590
41,32,NV,NEVADA,1576,2963,67568
41,36,NY,NEW YORK,1219,1771,64914
41,49,UT,UTAH,999,2075,44180
41,17,IL,ILLINOIS,992,1602,56201
41,02,AK,ALASKA,906,1617,45162
41,30,MT,MONTANA,847,1459,28596
41,15,HI,HAWAII,827,1529,34750
41,57,FR,Foreign,699,1345,32288
41,13,GA,GEORGIA,693,1232,34973
41,37,NC,NORTH CAROLINA,691,1246,32996
41,51,VA,VIRGINIA,660,1191,39254
41,26,MI,MICHIGAN,658,1054,29200
41,39,OH,OHIO,638,1060,31492
41,27,MN,MINNESOTA,606,1034,34570
41,42,PA,PENNSYLVANIA,605,978,30819
41,35,NM,NEW MEXICO,584,1056,26763
41,29,MO,MISSOURI,584,1068,23887
41,25,MA,MASSACHUSETTS,558,847,39143
41,55,WI,WISCONSIN,511,840,22485
41,47,TN,TENNESSEE,435,762,17940
41,18,IN,INDIANA,429,721,18526
41,20,KS,KANSAS,404,790,17313
41,40,OK,OKLAHOMA,392,709,13535
41,24,MD,MARYLAND,355,605,20894
41,34,NJ,NEW JERSEY,331,580,27077
41,19,IA,IOWA,319,587,13230
41,56,WY,WYOMING,303,585,12241
41,45,SC,SOUTH CAROLINA,227,401,9699
41,22,LA,LOUISIANA,222,383,8957
41,05,AR,ARKANSAS,219,421,7704
41,31,NE,NEBRASKA,218,415,11446
41,21,KY,KENTUCKY,215,392,11489
41,01,AL,ALABAMA,213,431,8961
41,09,CT,CONNECTICUT,203,344,12353
41,46,SD,SOUTH DAKOTA,173,300,6118
41,38,ND,NORTH DAKOTA,150,270,6640
41,11,DC,DISTRICT OF COLUMBIA,148,188,8234
41,28,MS,MISSISSIPPI,141,259,5478
41,50,VT,VERMONT,131,174,5012
41,23,ME,MAINE,130,220,5286
41,33,NH,NEW HAMPSHIRE,110,169,5914
41,44,RI,RHODE ISLAND,92,147,4138
41,54,WV,WEST VIRGINIA,70,130,2631
41,10,DE,DELAWARE,36,52,2839
42,96,PA,PA Total Migration US and Foreign,108649,192681,5839014
42,97,PA,PA Total Migration US,105551,187215,5670941
42,98,PA,PA Total Migration Foreign,3098,5466,168073
42,42,PA,PA Non-migrants,4853289,10145647,315890295
42,34,NJ,NEW JERSEY,15907,27464,957100
42,36,NY,NEW YORK,15880,28224,775924
42,12,FL,FLORIDA,10361,17396,467023
42,24,MD,MARYLAND,7086,12646,384998
42,51,VA,VIRGINIA,4793,8572,284500
42,39,OH,OHIO,4688,8292,225768
42,06,CA,CALIFORNIA,4553,7627,285508
42,37,NC,NORTH CAROLINA,3849,7273,175466
42,48,TX,TEXAS,3750,7306,242407
42,10,DE,DELAWARE,3405,6254,196008
42,57,FR,Foreign,3098,5466,168073
42,13,GA,GEORGIA,2799,5135,120806
42,25,MA,MASSACHUSETTS,2184,3494,128262
42,17,IL,ILLINOIS,2008,3641,147899
42,54,WV,WEST VIRGINIA,1715,3119,80876
42,26,MI,MICHIGAN,1640,2849,94063
42,45,SC,SOUTH CAROLINA,1628,2949,70621
42,09,CT,CONNECTICUT,1559,2766,105768
42,04,AZ,ARIZONA,1438,2584,69042
42,08,CO,COLORADO,1347,2338,85216
42,47,TN,TENNESSEE,1122,2204,52850
42,53,WA,WASHINGTON,1055,1866,63128
42,18,IN,INDIANA,998,1819,47457
42,29,MO,MISSOURI,812,1566,46735
42,11,DC,DISTRICT OF COLUMBIA,775,940,45109
42,21,KY,KENTUCKY,710,1462,37238
42,32,NV,NEVADA,661,1181,32369
42,27,MN,MINNESOTA,661,1134,39958
42,55,WI,WISCONSIN,638,1182,41435
42,22,LA,LOUISIANA,612,1140,32006
42,01,AL,ALABAMA,572,1150,26202
42,40,OK,OKLAHOMA,472,952,24824
42,41,OR,OREGON,437,733,23194
42,44,RI,RHODE ISLAND,420,668,18480
42,49,UT,UTAH,409,893,20480
42,33,NH,NEW HAMPSHIRE,404,746,23068
42,23,ME,MAINE,397,651,18579
42,20,KS,KANSAS,397,774,26393
42,05,AR,ARKANSAS,392,772,23053
42,35,NM,NEW MEXICO,346,649,16287
42,19,IA,IOWA,337,636,15987
42,15,HI,HAWAII,337,602,13850
42,28,MS,MISSISSIPPI,324,654,14256
42,02,AK,ALASKA,317,556,12827
42,50,VT,VERMONT,257,420,10524
42,16,ID,IDAHO,232,433,7179
42,56,WY,WYOMING,228,395,14262
42,31,NE,NEBRASKA,206,367,10110
42,46,SD,SOUTH DAKOTA,159,250,5101
42,30,MT,MONTANA,153,261,5440
42,38,ND,NORTH DAKOTA,121,230,5307
44,96,RI,RI Total Migration US and Foreign,13716,23129,773764
44,97,RI,RI Total Migration US,13326,22380,747935
44,98,RI,RI Total Migration Foreign,390,749,25829
44,44,RI,RI Non-migrants,398819,806893,26030065
44,25,MA,MASSACHUSETTS,4055,6433,248066
44,12,FL,FLORIDA,1414,2339,63512
44,36,NY,NEW YORK,1274,2077,63175
44,09,CT,CONNECTICUT,1260,2051,86223
44,06,CA,CALIFORNIA,605,1146,37016
44,34,NJ,NEW JERSEY,415,679,24609
44,42,PA,PENNSYLVANIA,406,633,24858
44,57,FR,Foreign,390,749,25829
44,51,VA,VIRGINIA,384,824,27431
44,37,NC,NORTH CAROLINA,312,575,12519
44,48,TX,TEXAS,311,550,15756
44,33,NH,NEW HAMPSHIRE,273,434,12501
44,13,GA,GEORGIA,225,433,12727
44,23,ME,MAINE,180,301,6202
44,24,MD,MARYLAND,172,292,9838
44,17,IL,ILLINOIS,167,303,16223
44,39,OH,OHIO,165,263,8062
44,53,WA,WASHINGTON,139,268,7654
44,45,SC,SOUTH CAROLINA,129,225,4755
44,04,AZ,ARIZONA,120,227,5071
44,50,VT,VERMONT,119,166,4581
44,08,CO,COLORADO,118,207,7888
44,26,MI,MICHIGAN,89,137,4534
44,47,TN,TENNESSEE,74,145,2519
44,32,NV,NEVADA,65,120,3004
44,15,HI,HAWAII,60,130,3469
44,11,DC,DISTRICT OF COLUMBIA,57,87,4073
44,27,MN,MINNESOTA,57,100,3746
44,18,IN,INDIANA,54,102,2157
44,55,WI,WISCONSIN,53,82,2540
44,41,OR,OREGON,52,79,1836
44,29,MO,MISSOURI,52,112,3181
44,01,AL,ALABAMA,49,95,2289
44,21,KY,KENTUCKY,46,88,2488
44,20,KS,KANSAS,43,77,2189
44,22,LA,LOUISIANA,42,77,1456
44,05,AR,ARKANSAS,32,60,1043
44,49,UT,UTAH,31,49,783
44,35,NM,NEW MEXICO,31,63,949
44,40,OK,OKLAHOMA,27,43,975
44,28,MS,MISSISSIPPI,27,57,1024
44,19,IA,IOWA,26,47,1284
44,10,DE,DELAWARE,23,32,661
44,02,AK,ALASKA,21,43,873
44,54,WV,WEST VIRGINIA,19,37,576
44,16,ID,IDAHO,12,19,336
44,30,MT,MONTANA,11,18,203
44,31,NE,NEBRASKA,10,19,454
44,46,SD,SOUTH DAKOTA,8,14,242
44,56,WY,WYOMING,6,9,238
44,38,ND,NORTH DAKOTA,5,12,109
44,72,MA,72,1,1,35
45,96,SC,SC Total Migration US and Foreign,69982,137671,3699430
45,97,SC,SC Total Migration US,68514,134503,3610514
45,98,SC,SC Total Migration Foreign,1468,3168,88917
45,45,SC,SC Non-migrants,1577858,3499706,83740510
45,37,NC,NORTH CAROLINA,12208,24688,595430
45,13,GA,GEORGIA,8710,17839,362632
45,12,FL,FLORIDA,7305,12670,339070
45,36,NY,NEW YORK,4138,7800,226849
45,51,VA,VIRGINIA,3471,6883,219152
45,42,PA,PENNSYLVANIA,2616,4998,157280
45,39,OH,OHIO,2485,4878,141335
45,48,TX,TEXAS,2441,5044,139054
45,06,CA,CALIFORNIA,2123,4095,108042
45,34,NJ,NEW JERSEY,2117,3963,160699
45,47,TN,TENNESSEE,1885,3683,90676
45,24,MD,MARYLAND,1648,3091,107449
45,57,FR,Foreign,1468,3168,88917
45,26,MI,MICHIGAN,1293,2407,66140
45,17,IL,ILLINOIS,1169,2258,82977
45,01,AL,ALABAMA,1096,2538,61022
45,25,MA,MASSACHUSETTS,1045,1869,69255
45,09,CT,CONNECTICUT,1011,1891,82052
45,18,IN,INDIANA,903,1849,45495
45,21,KY,KENTUCKY,862,1869,43474
45,53,WA,WASHINGTON,773,1707,43979
45,08,CO,COLORADO,715,1407,36232
45,54,WV,WEST VIRGINIA,667,1271,33425
45,29,MO,MISSOURI,646,1344,35113
45,04,AZ,ARIZONA,633,1293,32059
45,22,LA,LOUISIANA,527,1124,22845
45,55,WI,WISCONSIN,461,914,31626
45,28,MS,MISSISSIPPI,417,783,18798
45,20,KS,KANSAS,399,958,22210
45,40,OK,OKLAHOMA,365,744,15469
45,15,HI,HAWAII,361,862,14932
45,33,NH,NEW HAMPSHIRE,348,665,21689
45,32,NV,NEVADA,306,592,15571
45,27,MN,MINNESOTA,305,596,19819
45,05,AR,ARKANSAS,299,602,12254
45,23,ME,MAINE,264,491,11574
45,10,DE,DELAWARE,239,489,15526
45,35,NM,NEW MEXICO,234,469,11479
45,19,IA,IOWA,223,442,12674
45,41,OR,OREGON,220,389,10085
45,02,AK,ALASKA,215,465,10281
45,11,DC,DISTRICT OF COLUMBIA,200,299,10943
45,49,UT,UTAH,193,445,7580
45,44,RI,RHODE ISLAND,192,377,11644
45,50,VT,VERMONT,169,303,9937
45,31,NE,NEBRASKA,146,272,6394
45,16,ID,IDAHO,111,229,4266
45,46,SD,SOUTH DAKOTA,104,182,3920
45,30,MT,MONTANA,95,204,3544
45,56,WY,WYOMING,84,147,3138
45,38,ND,NORTH DAKOTA,77,125,3425
46,96,SD,SD Total Migration US and Foreign,15559,27166,665406
46,97,SD,SD Total Migration US,15347,26723,657214
46,98,SD,SD Total Migration Foreign,212,443,8192
46,46,SD,SD Non-migrants,300575,654114,18541177
46,12,FL,FLORIDA,2143,2469,58538
46,27,MN,MINNESOTA,1681,3040,74781
46,19,IA,IOWA,1091,2076,51246
46,31,NE,NEBRASKA,930,1762,36628
46,06,CA,CALIFORNIA,793,1449,42966
46,48,TX,TEXAS,764,1357,28957
46,38,ND,NORTH DAKOTA,709,1328,34928
46,08,CO,COLORADO,642,1159,28474
46,56,WY,WYOMING,498,922,26586
46,04,AZ,ARIZONA,466,845,20261
46,13,GA,GEORGIA,408,579,14840
46,53,WA,WASHINGTON,342,680,14499
46,17,IL,ILLINOIS,301,546,17122
46,55,WI,WISCONSIN,299,575,14496
46,29,MO,MISSOURI,269,533,11853
46,36,NY,NEW YORK,258,378,9427
46,20,KS,KANSAS,245,503,12725
46,30,MT,MONTANA,223,429,10157
46,32,NV,NEVADA,217,371,9673
46,26,MI,MICHIGAN,216,406,9937
46,57,FR,Foreign,212,443,8192
46,39,OH,OHIO,203,369,9321
46,51,VA,VIRGINIA,195,382,13776
46,37,NC,NORTH CAROLINA,183,347,6584
46,49,UT,UTAH,159,362,7135
46,42,PA,PENNSYLVANIA,157,286,6230
46,40,OK,OKLAHOMA,157,307,6467
46,02,AK,ALASKA,152,258,7673
46,18,IN,INDIANA,145,283,9028
46,41,OR,OREGON,140,288,6706
46,35,NM,NEW MEXICO,135,268,6082
46,47,TN,TENNESSEE,133,241,5361
46,16,ID,IDAHO,115,235,4778
46,45,SC,SOUTH CAROLINA,88,164,3682
46,34,NJ,NEW JERSEY,86,144,3501
46,05,AR,ARKANSAS,85,170,2861
46,01,AL,ALABAMA,79,149,2488
46,24,MD,MARYLAND,75,132,3666
46,22,LA,LOUISIANA,73,134,2815
46,21,KY,KENTUCKY,72,138,4338
46,25,MA,MASSACHUSETTS,68,101,2806
46,15,HI,HAWAII,56,108,2350
46,09,CT,CONNECTICUT,48,79,1975
46,54,WV,WEST VIRGINIA,44,80,1839
46,28,MS,MISSISSIPPI,43,86,1529
46,10,DE,DELAWARE,43,46,366
46,33,NH,NEW HAMPSHIRE,33,38,1330
46,23,ME,MAINE,33,42,1373
46,11,DC,DISTRICT OF COLUMBIA,21,28,1403
46,44,RI,RHODE ISLAND,16,29,715
46,50,VT,VERMONT,15,22,940
47,96,TN,TN Total Migration US and Foreign,86387,170348,4047196
47,97,TN,TN Total Migration US,85032,167371,3980041
47,98,TN,TN Total Migration Foreign,1355,2977,67155
47,47,TN,TN Non-migrants,2203965,4899506,122892478
47,12,FL,FLORIDA,10746,18466,446636
47,13,GA,GEORGIA,7887,15553,335252
47,28,MS,MISSISSIPPI,5523,11934,198000
47,21,KY,KENTUCKY,4996,10575,188064
47,48,TX,TEXAS,4745,9514,264474
47,01,AL,ALABAMA,4237,9014,180439
47,37,NC,NORTH CAROLINA,3887,8021,184256
47,06,CA,CALIFORNIA,3608,6896,187880
47,51,VA,VIRGINIA,3566,7110,176823
47,17,IL,ILLINOIS,3120,6179,167153
47,39,OH,OHIO,2963,5633,150114
47,26,MI,MICHIGAN,2711,5233,122732
47,36,NY,NEW YORK,2340,4221,123495
47,18,IN,INDIANA,2315,4774,99829
47,05,AR,ARKANSAS,2045,3986,79921
47,45,SC,SOUTH CAROLINA,1906,3951,90775
47,29,MO,MISSOURI,1622,3255,75543
47,42,PA,PENNSYLVANIA,1549,2818,84293
47,57,FR,Foreign,1355,2977,67155
47,22,LA,LOUISIANA,1232,2484,58290
47,04,AZ,ARIZONA,1083,2212,30158
47,08,CO,COLORADO,1043,2081,52270
47,24,MD,MARYLAND,1029,1986,58716
47,53,WA,WASHINGTON,1022,2227,51680
47,55,WI,WISCONSIN,934,1772,46980
47,34,NJ,NEW JERSEY,866,1771,51825
47,40,OK,OKLAHOMA,757,1552,30756
47,25,MA,MASSACHUSETTS,636,1138,38468
47,20,KS,KANSAS,634,1453,32600
47,54,WV,WEST VIRGINIA,568,1112,87748
47,27,MN,MINNESOTA,568,1061,43914
47,32,NV,NEVADA,526,963,22988
47,09,CT,CONNECTICUT,424,769,29855
47,19,IA,IOWA,417,830,21791
47,41,OR,OREGON,412,746,16832
47,15,HI,HAWAII,328,736,15146
47,35,NM,NEW MEXICO,314,619,17086
47,49,UT,UTAH,304,690,13520
47,31,NE,NEBRASKA,265,522,10611
47,02,AK,ALASKA,247,523,12072
47,33,NH,NEW HAMPSHIRE,208,345,9841
47,23,ME,MAINE,188,332,6756
47,11,DC,DISTRICT OF COLUMBIA,181,257,11940
47,16,ID,IDAHO,180,431,9583
47,30,MT,MONTANA,150,263,7477
47,44,RI,RHODE ISLAND,140,247,6812
47,56,WY,WYOMING,135,243,5208
47,10,DE,DELAWARE,131,257,9605
47,46,SD,SOUTH DAKOTA,127,231,4357
47,50,VT,VERMONT,116,196,5008
47,38,ND,NORTH DAKOTA,101,189,4469
48,96,TX,TX Total Migration US and Foreign,271826,532806,14237546
48,97,TX,TX Total Migration US,263008,513154,13535657
48,98,TX,TX Total Migration Foreign,8818,19652,701889
48,48,TX,TX Non-migrants,8433366,19840025,572726683
48,12,FL,FLORIDA,32967,49423,1192975
48,06,CA,CALIFORNIA,27381,55278,1693828
48,22,LA,LOUISIANA,13431,27834,637903
48,13,GA,GEORGIA,11516,23454,517332
48,40,OK,OKLAHOMA,10628,21692,531384
48,36,NY,NEW YORK,10400,18107,661549
48,17,IL,ILLINOIS,9641,19801,638728
48,57,FR,Foreign,8818,19652,701889
48,08,CO,COLORADO,8638,18240,501745
48,04,AZ,ARIZONA,7770,16088,395153
48,51,VA,VIRGINIA,7510,15738,486459
48,37,NC,NORTH CAROLINA,7319,15547,351045
48,35,NM,NEW MEXICO,7292,15824,326062
48,05,AR,ARKANSAS,6654,13618,316301
48,39,OH,OHIO,6178,11612,325662
48,26,MI,MICHIGAN,6045,11639,278773
48,29,MO,MISSOURI,5980,11900,337296
48,53,WA,WASHINGTON,5870,12148,317513
48,42,PA,PENNSYLVANIA,5448,10163,302644
48,47,TN,TENNESSEE,5390,10876,249246
48,34,NJ,NEW JERSEY,4867,8888,334833
48,20,KS,KANSAS,4707,10161,233844
48,01,AL,ALABAMA,4121,8950,177351
48,28,MS,MISSISSIPPI,3844,7974,146474
48,24,MD,MARYLAND,3820,7689,226650
48,18,IN,INDIANA,3810,7786,175842
48,32,NV,NEVADA,3804,7361,159166
48,27,MN,MINNESOTA,3173,6270,191758
48,25,MA,MASSACHUSETTS,3087,5289,209546
48,55,WI,WISCONSIN,3067,6079,164745
48,45,SC,SOUTH CAROLINA,3035,6252,139934
48,21,KY,KENTUCKY,2507,5484,117402
48,49,UT,UTAH,2358,5706,113485
48,41,OR,OREGON,2251,4268,98722
48,19,IA,IOWA,2121,4136,93372
48,15,HI,HAWAII,1949,4473,82011
48,31,NE,NEBRASKA,1766,3665,88803
48,09,CT,CONNECTICUT,1729,3196,157148
48,02,AK,ALASKA,1642,3619,111067
48,16,ID,IDAHO,1229,2779,52149
48,56,WY,WYOMING,1131,2235,45380
48,33,NH,NEW HAMPSHIRE,885,1480,48212
48,46,SD,SOUTH DAKOTA,834,1449,35183
48,11,DC,DISTRICT OF COLUMBIA,798,1149,55132
48,54,WV,WEST VIRGINIA,785,1425,34840
48,30,MT,MONTANA,765,1432,35489
48,38,ND,NORTH DAKOTA,713,1287,33494
48,44,RI,RHODE ISLAND,712,1158,42973
48,23,ME,MAINE,610,1013,26584
48,10,DE,DELAWARE,541,1066,31010
48,50,VT,VERMONT,289,453,11460
49,96,UT,UT Total Migration US and Foreign,31392,69901,1648033
49,97,UT,UT Total Migration US,30794,68428,1611263
49,98,UT,UT Total Migration Foreign,598,1473,36770
49,49,UT,UT Non-migrants,875508,2339376,54075690
49,06,CA,CALIFORNIA,5030,11016,280410
49,16,ID,IDAHO,2474,5835,89369
49,04,AZ,ARIZONA,2388,5519,98985
49,32,NV,NEVADA,2174,5070,102007
49,48,TX,TEXAS,1865,4493,117795
49,08,CO,COLORADO,1644,3766,99545
49,53,WA,WASHINGTON,1556,3531,79431
49,12,FL,FLORIDA,1185,2279,61297
49,41,OR,OREGON,885,1778,40291
49,56,WY,WYOMING,881,1983,43076
49,36,NY,NEW YORK,686,1285,44197
49,57,FR,Foreign,598,1473,36770
49,51,VA,VIRGINIA,588,1359,38386
49,13,GA,GEORGIA,561,1176,25265
49,17,IL,ILLINOIS,553,1103,45226
49,35,NM,NEW MEXICO,539,1242,27170
49,30,MT,MONTANA,473,990,19912
49,37,NC,NORTH CAROLINA,444,1046,22010
49,42,PA,PENNSYLVANIA,414,873,23931
49,39,OH,OHIO,406,824,22924
49,26,MI,MICHIGAN,400,868,19809
49,15,HI,HAWAII,395,908,16960
49,29,MO,MISSOURI,388,853,16649
49,02,AK,ALASKA,338,775,19356
49,47,TN,TENNESSEE,314,666,14682
49,40,OK,OKLAHOMA,295,756,13975
49,27,MN,MINNESOTA,292,621,16972
49,24,MD,MARYLAND,287,612,20367
49,25,MA,MASSACHUSETTS,277,492,18029
49,34,NJ,NEW JERSEY,266,587,27135
49,55,WI,WISCONSIN,261,526,14127
49,18,IN,INDIANA,251,591,12585
49,20,KS,KANSAS,244,544,10724
49,19,IA,IOWA,196,460,8800
49,01,AL,ALABAMA,184,446,8976
49,45,SC,SOUTH CAROLINA,174,379,6518
49,31,NE,NEBRASKA,170,441,6487
49,22,LA,LOUISIANA,150,317,10089
49,09,CT,CONNECTICUT,150,286,16456
49,05,AR,ARKANSAS,146,336,7375
49,21,KY,KENTUCKY,127,296,7005
49,46,SD,SOUTH DAKOTA,123,247,5356
49,38,ND,NORTH DAKOTA,111,252,5236
49,33,NH,NEW HAMPSHIRE,99,190,6758
49,23,ME,MAINE,89,155,4235
49,28,MS,MISSISSIPPI,85,236,4081
49,50,VT,VERMONT,65,99,2242
49,54,WV,WEST VIRGINIA,52,99,2690
49,11,DC,DISTRICT OF COLUMBIA,41,66,2830
49,10,DE,DELAWARE,40,84,1756
49,44,RI,RHODE ISLAND,38,72,1777
50,96,VT,VT Total Migration US and Foreign,9459,15169,455802
50,97,VT,VT Total Migration US,9258,14857,446445
50,98,VT,VT Total Migration Foreign,201,312,9357
50,50,VT,VT Non-migrants,253418,503536,14778037
50,36,NY,NEW YORK,1409,2156,69520
50,33,NH,NEW HAMPSHIRE,1296,2163,46732
50,25,MA,MASSACHUSETTS,1074,1650,60928
50,12,FL,FLORIDA,784,1239,28392
50,09,CT,CONNECTICUT,495,774,27928
50,06,CA,CALIFORNIA,408,616,19025
50,42,PA,PENNSYLVANIA,324,518,17057
50,23,ME,MAINE,261,450,9198
50,34,NJ,NEW JERSEY,255,381,21623
50,51,VA,VIRGINIA,220,363,11580
50,37,NC,NORTH CAROLINA,219,410,10300
50,48,TX,TEXAS,202,395,14427
50,57,FR,Foreign,201,312,9357
50,08,CO,COLORADO,178,274,6779
50,13,GA,GEORGIA,144,227,6261
50,24,MD,MARYLAND,136,227,9792
50,53,WA,WASHINGTON,121,190,4802
50,39,OH,OHIO,121,197,8602
50,45,SC,SOUTH CAROLINA,119,193,4103
50,17,IL,ILLINOIS,116,189,7737
50,04,AZ,ARIZONA,114,184,4850
50,41,OR,OREGON,101,157,3603
50,26,MI,MICHIGAN,95,146,4499
50,44,RI,RHODE ISLAND,92,149,4384
50,55,WI,WISCONSIN,71,116,3056
50,47,TN,TENNESSEE,67,112,2774
50,49,UT,UTAH,65,108,3035
50,18,IN,INDIANA,65,106,2175
50,11,DC,DISTRICT OF COLUMBIA,59,84,3182
50,27,MN,MINNESOTA,56,95,2717
50,21,KY,KENTUCKY,53,88,1945
50,29,MO,MISSOURI,45,91,2407
50,30,MT,MONTANA,40,63,3057
50,02,AK,ALASKA,40,61,2125
50,32,NV,NEVADA,37,56,1300
50,22,LA,LOUISIANA,36,54,1254
50,01,AL,ALABAMA,34,59,1229
50,35,NM,NEW MEXICO,33,62,1880
50,16,ID,IDAHO,32,65,1814
50,10,DE,DELAWARE,28,41,2060
50,20,KS,KANSAS,27,50,751
50,19,IA,IOWA,26,41,1485
50,15,HI,HAWAII,25,42,877
50,56,WY,WYOMING,24,35,946
50,54,WV,WEST VIRGINIA,23,39,1025
50,40,OK,OKLAHOMA,21,34,757
50,05,AR,ARKANSAS,19,23,361
50,31,NE,NEBRASKA,17,30,877
50,38,ND,NORTH DAKOTA,12,15,377
50,28,MS,MISSISSIPPI,10,25,585
50,46,SD,SOUTH DAKOTA,9,14,271
51,96,VA,VA Total Migration US and Foreign,126144,244456,7231855
51,97,VA,VA Total Migration US,119231,228517,6777181
51,98,VA,VA Total Migration Foreign,6913,15939,454673
51,51,VA,VA Non-migrants,2831718,6174814,219684934
51,24,MD,MARYLAND,12836,22917,896607
51,12,FL,FLORIDA,11067,20537,523022
51,37,NC,NORTH CAROLINA,10956,22383,479172
51,36,NY,NEW YORK,7645,13434,400684
51,06,CA,CALIFORNIA,7413,14976,498076
51,57,FR,Foreign,6913,15939,454673
51,48,TX,TEXAS,6072,12932,349839
51,42,PA,PENNSYLVANIA,5711,9930,292612
51,13,GA,GEORGIA,5001,10100,253478
51,11,DC,DISTRICT OF COLUMBIA,4861,6983,405580
51,34,NJ,NEW JERSEY,3738,6914,225097
51,47,TN,TENNESSEE,3369,6816,155410
51,39,OH,OHIO,3160,5992,173050
51,45,SC,SOUTH CAROLINA,3025,6009,134443
51,54,WV,WEST VIRGINIA,2648,4978,115075
51,17,IL,ILLINOIS,2579,4896,200907
51,25,MA,MASSACHUSETTS,2118,3634,141599
51,53,WA,WASHINGTON,1955,4349,116031
51,26,MI,MICHIGAN,1937,3463,102435
51,08,CO,COLORADO,1862,3911,114885
51,04,AZ,ARIZONA,1593,3211,94597
51,09,CT,CONNECTICUT,1413,2667,141667
51,01,AL,ALABAMA,1378,2990,74722
51,21,KY,KENTUCKY,1298,2780,59312
51,29,MO,MISSOURI,1235,2470,63997
51,18,IN,INDIANA,1112,2041,52669
51,15,HI,HAWAII,1076,2611,61265
51,22,LA,LOUISIANA,994,2012,50195
51,32,NV,NEVADA,781,1533,41016
51,27,MN,MINNESOTA,777,1372,50719
51,20,KS,KANSAS,751,1876,42030
51,28,MS,MISSISSIPPI,743,1593,33403
51,10,DE,DELAWARE,736,1395,42478
51,55,WI,WISCONSIN,704,1351,39779
51,40,OK,OKLAHOMA,691,1506,33510
51,49,UT,UTAH,608,1321,30696
51,35,NM,NEW MEXICO,591,1228,37481
51,41,OR,OREGON,521,949,26577
51,33,NH,NEW HAMPSHIRE,508,957,29319
51,05,AR,ARKANSAS,495,934,22439
51,44,RI,RHODE ISLAND,493,1049,33950
51,23,ME,MAINE,439,798,19601
51,19,IA,IOWA,404,743,18448
51,02,AK,ALASKA,380,867,19505
51,31,NE,NEBRASKA,353,737,21057
51,50,VT,VERMONT,282,522,14343
51,16,ID,IDAHO,271,586,12807
51,30,MT,MONTANA,202,404,9889
51,56,WY,WYOMING,155,312,8146
51,46,SD,SOUTH DAKOTA,153,269,6657
51,38,ND,NORTH DAKOTA,141,279,6906
53,96,WA,WA Total Migration US and Foreign,98392,188705,5412599
53,97,WA,WA Total Migration US,94459,180278,5190092
53,98,WA,WA Total Migration Foreign,3933,8427,222507
53,53,WA,WA Non-migrants,2489215,5427563,176111406
53,06,CA,CALIFORNIA,17062,33005,1111687
53,41,OR,OREGON,11902,22977,579181
53,48,TX,TEXAS,5945,12482,325106
53,12,FL,FLORIDA,5651,8764,230903
53,04,AZ,ARIZONA,4438,8369,217924
53,16,ID,IDAHO,4021,7977,169917
53,57,FR,Foreign,3933,8427,222507
53,08,CO,COLORADO,2656,5064,154665
53,36,NY,NEW YORK,2642,4368,219238
53,32,NV,NEVADA,2258,4403,110598
53,13,GA,GEORGIA,2238,4846,106446
53,17,IL,ILLINOIS,2224,3886,160815
53,02,AK,ALASKA,2045,3809,113398
53,51,VA,VIRGINIA,1996,4111,134745
53,15,HI,HAWAII,1850,3945,79236
53,30,MT,MONTANA,1703,3012,72220
53,37,NC,NORTH CAROLINA,1693,3457,77440
53,49,UT,UTAH,1654,3741,98372
53,26,MI,MICHIGAN,1447,2515,70034
53,39,OH,OHIO,1345,2421,73293
53,27,MN,MINNESOTA,1264,2297,77149
53,42,PA,PENNSYLVANIA,1261,2148,80377
53,29,MO,MISSOURI,1200,2294,59636
53,25,MA,MASSACHUSETTS,1069,1648,71967
53,24,MD,MARYLAND,1008,1952,66147
53,47,TN,TENNESSEE,994,1974,45366
53,55,WI,WISCONSIN,985,1700,56298
53,20,KS,KANSAS,942,2129,49246
53,45,SC,SOUTH CAROLINA,920,1915,44475
53,34,NJ,NEW JERSEY,899,1624,71854
53,18,IN,INDIANA,883,1637,41679
53,35,NM,NEW MEXICO,844,1583,43033
53,40,OK,OKLAHOMA,840,1746,34389
53,01,AL,ALABAMA,718,1617,34658
53,22,LA,LOUISIANA,611,1230,25858
53,19,IA,IOWA,598,1046,21280
53,21,KY,KENTUCKY,584,1198,25579
53,09,CT,CONNECTICUT,512,987,43876
53,05,AR,ARKANSAS,463,946,20974
53,56,WY,WYOMING,400,720,17450
53,31,NE,NEBRASKA,383,737,17128
53,28,MS,MISSISSIPPI,320,637,11785
53,38,ND,NORTH DAKOTA,318,568,38970
53,33,NH,NEW HAMPSHIRE,315,459,13417
53,11,DC,DISTRICT OF COLUMBIA,293,435,24404
53,46,SD,SOUTH DAKOTA,269,501,10240
53,23,ME,MAINE,210,394,8591
53,54,WV,WEST VIRGINIA,160,292,7056
53,50,VT,VERMONT,154,244,6201
53,44,RI,RHODE ISLAND,154,271,9371
53,10,DE,DELAWARE,118,197,6420
54,96,WV,WV Total Migration US and Foreign,19472,37017,775538
54,97,WV,WV Total Migration US,19300,36673,767047
54,98,WV,WV Total Migration Foreign,172,344,8491
54,54,WV,WV Non-migrants,624194,1340949,33613348
54,39,OH,OHIO,2890,5537,91580
54,51,VA,VIRGINIA,2625,5115,115531
54,24,MD,MARYLAND,2049,3889,93108
54,12,FL,FLORIDA,1842,3032,57232
54,42,PA,PENNSYLVANIA,1758,3266,77827
54,37,NC,NORTH CAROLINA,1214,2469,41468
54,21,KY,KENTUCKY,717,1504,27519
54,48,TX,TEXAS,551,1105,25887
54,13,GA,GEORGIA,474,914,19215
54,45,SC,SOUTH CAROLINA,471,886,15609
54,36,NY,NEW YORK,440,809,21608
54,47,TN,TENNESSEE,431,872,14581
54,06,CA,CALIFORNIA,397,693,15090
54,26,MI,MICHIGAN,273,510,9989
54,34,NJ,NEW JERSEY,265,504,12786
54,18,IN,INDIANA,237,502,9760
54,17,IL,ILLINOIS,233,455,10933
54,57,FR,Foreign,172,344,8491
54,01,AL,ALABAMA,166,354,6093
54,04,AZ,ARIZONA,161,289,6292
54,08,CO,COLORADO,154,307,6567
54,22,LA,LOUISIANA,135,275,6196
54,29,MO,MISSOURI,125,257,7533
54,53,WA,WASHINGTON,123,219,5325
54,19,IA,IOWA,104,163,2511
54,40,OK,OKLAHOMA,92,178,5784
54,05,AR,ARKANSAS,91,180,3809
54,25,MA,MASSACHUSETTS,89,150,3245
54,32,NV,NEVADA,83,156,4180
54,10,DE,DELAWARE,79,130,2895
54,49,UT,UTAH,78,162,3743
54,28,MS,MISSISSIPPI,78,181,2731
54,09,CT,CONNECTICUT,71,111,3421
54,41,OR,OREGON,66,105,2041
54,35,NM,NEW MEXICO,66,111,2844
54,20,KS,KANSAS,66,138,2280
54,55,WI,WISCONSIN,65,113,2655
54,27,MN,MINNESOTA,65,130,3039
54,11,DC,DISTRICT OF COLUMBIA,64,106,4987
54,02,AK,ALASKA,53,98,2694
54,15,HI,HAWAII,49,100,1755
54,33,NH,NEW HAMPSHIRE,42,71,2141
54,56,WY,WYOMING,38,83,2454
54,23,ME,MAINE,36,64,1077
54,31,NE,NEBRASKA,34,59,1920
54,16,ID,IDAHO,31,76,1416
54,50,VT,VERMONT,30,49,1350
54,38,ND,NORTH DAKOTA,28,61,1471
54,30,MT,MONTANA,26,47,862
54,44,RI,RHODE ISLAND,24,46,933
54,46,SD,SOUTH DAKOTA,21,42,1081
55,96,WI,WI Total Migration US and Foreign,45001,83883,2254291
55,97,WI,WI Total Migration US,44364,82643,2223857
55,98,WI,WI Total Migration Foreign,637,1240,30434
55,55,WI,WI Non-migrants,2186901,4724615,135473314
55,17,IL,ILLINOIS,8862,16953,484484
55,27,MN,MINNESOTA,6048,10703,282063
55,12,FL,FLORIDA,3053,5108,134722
55,06,CA,CALIFORNIA,2414,4469,127680
55,26,MI,MICHIGAN,2263,4041,104467
55,48,TX,TEXAS,1995,4063,91564
55,04,AZ,ARIZONA,1409,2442,70262
55,19,IA,IOWA,1376,2574,62249
55,18,IN,INDIANA,1110,2216,54061
55,08,CO,COLORADO,1023,1844,46074
55,36,NY,NEW YORK,1021,1742,52899
55,13,GA,GEORGIA,956,1839,50305
55,39,OH,OHIO,940,1753,53718
55,37,NC,NORTH CAROLINA,867,1728,42918
55,29,MO,MISSOURI,774,1521,35487
55,53,WA,WASHINGTON,744,1360,35667
55,51,VA,VIRGINIA,688,1290,37219
55,42,PA,PENNSYLVANIA,685,1386,51274
55,47,TN,TENNESSEE,656,1272,26807
55,57,FR,Foreign,637,1240,30434
55,32,NV,NEVADA,453,803,34207
55,41,OR,OREGON,379,650,17867
55,25,MA,MASSACHUSETTS,369,674,21968
55,45,SC,SOUTH CAROLINA,368,709,16416
55,24,MD,MARYLAND,358,663,24746
55,21,KY,KENTUCKY,354,685,14325
55,34,NJ,NEW JERSEY,345,629,28875
55,20,KS,KANSAS,343,692,15856
55,05,AR,ARKANSAS,325,635,13950
55,01,AL,ALABAMA,309,722,13449
55,40,OK,OKLAHOMA,304,620,14016
55,31,NE,NEBRASKA,303,610,15710
55,38,ND,NORTH DAKOTA,268,471,11656
55,28,MS,MISSISSIPPI,266,527,6343
55,35,NM,NEW MEXICO,248,460,10358
55,49,UT,UTAH,236,500,10400
55,02,AK,ALASKA,235,433,10406
55,46,SD,SOUTH DAKOTA,231,440,10881
55,09,CT,CONNECTICUT,227,446,16269
55,22,LA,LOUISIANA,224,434,8013
55,30,MT,MONTANA,192,369,6670
55,15,HI,HAWAII,187,310,7781
55,11,DC,DISTRICT OF COLUMBIA,154,191,13003
55,56,WY,WYOMING,149,258,5685
55,16,ID,IDAHO,142,288,6439
55,10,DE,DELAWARE,131,431,4291
55,23,ME,MAINE,89,181,5896
55,33,NH,NEW HAMPSHIRE,79,138,4824
55,54,WV,WEST VIRGINIA,78,139,3479
55,50,VT,VERMONT,67,118,3685
55,44,RI,RHODE ISLAND,67,113,2472
56,96,WY,WY Total Migration US and Foreign,17149,30222,874773
56,97,WY,WY Total Migration US,16944,29816,863742
56,98,WY,WY Total Migration Foreign,205,406,11031
56,56,WY,WY Non-migrants,209678,452407,15501983
56,12,FL,FLORIDA,2960,3289,105934
56,08,CO,COLORADO,1993,3802,97867
56,06,CA,CALIFORNIA,1008,1830,72841
56,49,UT,UTAH,913,2209,41628
56,48,TX,TEXAS,877,1599,50464
56,30,MT,MONTANA,758,1439,53963
56,16,ID,IDAHO,616,1447,26344
56,04,AZ,ARIZONA,566,1104,24607
56,46,SD,SOUTH DAKOTA,508,919,20719
56,31,NE,NEBRASKA,453,921,18814
56,53,WA,WASHINGTON,426,861,19667
56,13,GA,GEORGIA,412,573,15646
56,26,MI,MICHIGAN,335,559,15533
56,32,NV,NEVADA,332,686,13814
56,41,OR,OREGON,326,640,12365
56,42,PA,PENNSYLVANIA,242,400,13271
56,29,MO,MISSOURI,233,451,8894
56,17,IL,ILLINOIS,232,395,9071
56,36,NY,NEW YORK,224,357,7899
56,35,NM,NEW MEXICO,215,433,10514
56,57,FR,Foreign,205,406,11031
56,40,OK,OKLAHOMA,203,379,9224
56,38,ND,NORTH DAKOTA,202,418,11271
56,39,OH,OHIO,201,303,7440
56,27,MN,MINNESOTA,197,330,8586
56,51,VA,VIRGINIA,196,345,10701
56,37,NC,NORTH CAROLINA,192,360,7591
56,20,KS,KANSAS,188,382,70483
56,55,WI,WISCONSIN,184,324,7251
56,02,AK,ALASKA,177,327,10120
56,18,IN,INDIANA,135,262,5693
56,19,IA,IOWA,133,271,5100
56,47,TN,TENNESSEE,121,198,4789
56,01,AL,ALABAMA,121,220,5274
56,25,MA,MASSACHUSETTS,117,155,5469
56,22,LA,LOUISIANA,116,218,5787
56,05,AR,ARKANSAS,110,220,4794
56,21,KY,KENTUCKY,87,152,2470
56,45,SC,SOUTH CAROLINA,85,142,2922
56,24,MD,MARYLAND,83,140,4078
56,34,NJ,NEW JERSEY,72,106,13289
56,28,MS,MISSISSIPPI,62,114,2353
56,15,HI,HAWAII,59,114,2197
56,09,CT,CONNECTICUT,50,78,2472
56,23,ME,MAINE,48,72,1922
56,54,WV,WEST VIRGINIA,40,65,1806
56,33,NH,NEW HAMPSHIRE,40,62,1430
56,50,VT,VERMONT,33,43,4384
56,10,DE,DELAWARE,26,46,1432
56,11,DC,DISTRICT OF COLUMBIA,23,30,2799
56,44,RI,RHODE ISLAND,14,26,761
